[
  {
    "BuildPrev": "0.5.3.3368",
    "BuildCur": "0.5.5.3494",
    "RecordCountPrev": 82,
    "RecordCountCur": 93,
    "MatchCount": 74,
    "MatchCountPercent": 90.2439
  },
  {
    "BuildPrev": "0.5.5.3494",
    "BuildCur": "0.6.0.3592",
    "RecordCountPrev": 93,
    "RecordCountCur": 130,
    "MatchCount": 86,
    "MatchCountPercent": 92.4731
  },
  {
    "BuildPrev": "0.6.0.3592",
    "BuildCur": "0.7.0.3694",
    "RecordCountPrev": 130,
    "RecordCountCur": 156,
    "MatchCount": 119,
    "MatchCountPercent": 91.5385
  },
  {
    "BuildPrev": "0.7.0.3694",
    "BuildCur": "0.7.1.3702",
    "RecordCountPrev": 156,
    "RecordCountCur": 156,
    "MatchCount": 156,
    "MatchCountPercent": 100.0
  },
  {
    "BuildPrev": "0.7.1.3702",
    "BuildCur": "0.7.6.3712",
    "RecordCountPrev": 156,
    "RecordCountCur": 156,
    "MatchCount": 156,
    "MatchCountPercent": 100.0
  },
  {
    "BuildPrev": "0.7.6.3712",
    "BuildCur": "0.8.0.3734",
    "RecordCountPrev": 156,
    "RecordCountCur": 166,
    "MatchCount": 151,
    "MatchCountPercent": 96.7949
  },
  {
    "BuildPrev": "0.8.0.3734",
    "BuildCur": "0.9.0.3807",
    "RecordCountPrev": 166,
    "RecordCountCur": 204,
    "MatchCount": 160,
    "MatchCountPercent": 96.3855
  },
  {
    "BuildPrev": "0.9.0.3807",
    "BuildCur": "0.9.1.3810",
    "RecordCountPrev": 204,
    "RecordCountCur": 204,
    "MatchCount": 204,
    "MatchCountPercent": 100.0
  },
  {
    "BuildPrev": "0.9.1.3810",
    "BuildCur": "0.10.0.3892",
    "RecordCountPrev": 204,
    "RecordCountCur": 235,
    "MatchCount": 0,
    "MatchCountPercent": 0.0
  },
  {
    "BuildPrev": "0.10.0.3892",
    "BuildCur": "0.11.0.3925",
    "RecordCountPrev": 235,
    "RecordCountCur": 241,
    "MatchCount": 220,
    "MatchCountPercent": 93.617
  },
  {
    "BuildPrev": "0.11.0.3925",
    "BuildCur": "0.12.0.3988",
    "RecordCountPrev": 241,
    "RecordCountCur": 251,
    "MatchCount": 232,
    "MatchCountPercent": 96.2656
  },
  {
    "BuildPrev": "0.12.0.3988",
    "BuildCur": "1.0.0.3980",
    "RecordCountPrev": 251,
    "RecordCountCur": 251,
    "MatchCount": 250,
    "MatchCountPercent": 99.6016
  },
  {
    "BuildPrev": "1.0.0.3980",
    "BuildCur": "1.1.2.4125",
    "RecordCountPrev": 251,
    "RecordCountCur": 274,
    "MatchCount": 235,
    "MatchCountPercent": 93.6255
  },
  {
    "BuildPrev": "1.1.2.4125",
    "BuildCur": "1.2.0.4147",
    "RecordCountPrev": 274,
    "RecordCountCur": 297,
    "MatchCount": 271,
    "MatchCountPercent": 98.9051
  },
  {
    "BuildPrev": "1.2.0.4147",
    "BuildCur": "1.2.2.4196",
    "RecordCountPrev": 297,
    "RecordCountCur": 297,
    "MatchCount": 292,
    "MatchCountPercent": 98.3165
  },
  {
    "BuildPrev": "1.2.2.4196",
    "BuildCur": "1.2.3.4211",
    "RecordCountPrev": 297,
    "RecordCountCur": 297,
    "MatchCount": 297,
    "MatchCountPercent": 100.0
  },
  {
    "BuildPrev": "1.2.3.4211",
    "BuildCur": "1.2.4.4222",
    "RecordCountPrev": 297,
    "RecordCountCur": 297,
    "MatchCount": 297,
    "MatchCountPercent": 100.0
  },
  {
    "BuildPrev": "1.2.4.4222",
    "BuildCur": "1.3.0.4284",
    "RecordCountPrev": 297,
    "RecordCountCur": 310,
    "MatchCount": 288,
    "MatchCountPercent": 96.9697
  },
  {
    "BuildPrev": "1.3.0.4284",
    "BuildCur": "1.4.0.4341",
    "RecordCountPrev": 310,
    "RecordCountCur": 318,
    "MatchCount": 306,
    "MatchCountPercent": 98.7097
  },
  {
    "BuildPrev": "1.4.0.4341",
    "BuildCur": "1.4.1.4364",
    "RecordCountPrev": 318,
    "RecordCountCur": 318,
    "MatchCount": 306,
    "MatchCountPercent": 96.2264
  },
  {
    "BuildPrev": "1.4.1.4364",
    "BuildCur": "1.4.2.4375",
    "RecordCountPrev": 318,
    "RecordCountCur": 318,
    "MatchCount": 318,
    "MatchCountPercent": 100.0
  },
  {
    "BuildPrev": "1.4.2.4375",
    "BuildCur": "1.5.0.4442",
    "RecordCountPrev": 318,
    "RecordCountCur": 333,
    "MatchCount": 309,
    "MatchCountPercent": 97.1698
  },
  {
    "BuildPrev": "1.5.0.4442",
    "BuildCur": "1.5.1.4449",
    "RecordCountPrev": 333,
    "RecordCountCur": 333,
    "MatchCount": 333,
    "MatchCountPercent": 100.0
  },
  {
    "BuildPrev": "1.5.1.4449",
    "BuildCur": "1.6.0.4500",
    "RecordCountPrev": 333,
    "RecordCountCur": 348,
    "MatchCount": 328,
    "MatchCountPercent": 98.4985
  },
  {
    "BuildPrev": "1.6.0.4500",
    "BuildCur": "1.6.1.4544",
    "RecordCountPrev": 348,
    "RecordCountCur": 348,
    "MatchCount": 348,
    "MatchCountPercent": 100.0
  },
  {
    "BuildPrev": "1.6.1.4544",
    "BuildCur": "1.7.0.4671",
    "RecordCountPrev": 348,
    "RecordCountCur": 362,
    "MatchCount": 327,
    "MatchCountPercent": 93.9655
  },
  {
    "BuildPrev": "1.7.0.4671",
    "BuildCur": "1.7.1.4695",
    "RecordCountPrev": 362,
    "RecordCountCur": 362,
    "MatchCount": 362,
    "MatchCountPercent": 100.0
  },
  {
    "BuildPrev": "1.7.1.4695",
    "BuildCur": "1.8.0.4714",
    "RecordCountPrev": 362,
    "RecordCountCur": 362,
    "MatchCount": 362,
    "MatchCountPercent": 100.0
  },
  {
    "BuildPrev": "1.8.0.4714",
    "BuildCur": "1.8.0.4735",
    "RecordCountPrev": 362,
    "RecordCountCur": 365,
    "MatchCount": 360,
    "MatchCountPercent": 99.4475
  },
  {
    "BuildPrev": "1.8.0.4735",
    "BuildCur": "1.8.1.4769",
    "RecordCountPrev": 365,
    "RecordCountCur": 365,
    "MatchCount": 365,
    "MatchCountPercent": 100.0
  },
  {
    "BuildPrev": "1.8.1.4769",
    "BuildCur": "1.8.4.4878",
    "RecordCountPrev": 365,
    "RecordCountCur": 372,
    "MatchCount": 365,
    "MatchCountPercent": 100.0
  },
  {
    "BuildPrev": "1.8.4.4878",
    "BuildCur": "1.9.0.4937",
    "RecordCountPrev": 372,
    "RecordCountCur": 385,
    "MatchCount": 372,
    "MatchCountPercent": 100.0
  },
  {
    "BuildPrev": "1.9.0.4937",
    "BuildCur": "1.9.1.4983",
    "RecordCountPrev": 385,
    "RecordCountCur": 385,
    "MatchCount": 385,
    "MatchCountPercent": 100.0
  },
  {
    "BuildPrev": "1.9.1.4983",
    "BuildCur": "1.9.2.4996",
    "RecordCountPrev": 385,
    "RecordCountCur": 385,
    "MatchCount": 385,
    "MatchCountPercent": 100.0
  },
  {
    "BuildPrev": "1.9.2.4996",
    "BuildCur": "1.9.3.5059",
    "RecordCountPrev": 385,
    "RecordCountCur": 386,
    "MatchCount": 385,
    "MatchCountPercent": 100.0
  },
  {
    "BuildPrev": "1.9.3.5059",
    "BuildCur": "1.9.4.5086",
    "RecordCountPrev": 386,
    "RecordCountCur": 386,
    "MatchCount": 386,
    "MatchCountPercent": 100.0
  },
  {
    "BuildPrev": "1.9.4.5086",
    "BuildCur": "1.10.0.5195",
    "RecordCountPrev": 386,
    "RecordCountCur": 386,
    "MatchCount": 385,
    "MatchCountPercent": 99.7409
  },
  {
    "BuildPrev": "1.10.0.5195",
    "BuildCur": "1.10.1.5230",
    "RecordCountPrev": 386,
    "RecordCountCur": 386,
    "MatchCount": 386,
    "MatchCountPercent": 100.0
  },
  {
    "BuildPrev": "1.10.1.5230",
    "BuildCur": "1.10.2.5302",
    "RecordCountPrev": 386,
    "RecordCountCur": 386,
    "MatchCount": 386,
    "MatchCountPercent": 100.0
  },
  {
    "BuildPrev": "1.10.2.5302",
    "BuildCur": "1.11.0.5344",
    "RecordCountPrev": 386,
    "RecordCountCur": 418,
    "MatchCount": 386,
    "MatchCountPercent": 100.0
  },
  {
    "BuildPrev": "1.11.0.5344",
    "BuildCur": "1.11.0.5428",
    "RecordCountPrev": 418,
    "RecordCountCur": 424,
    "MatchCount": 416,
    "MatchCountPercent": 99.5215
  },
  {
    "BuildPrev": "1.11.0.5428",
    "BuildCur": "1.11.1.5462",
    "RecordCountPrev": 424,
    "RecordCountCur": 424,
    "MatchCount": 424,
    "MatchCountPercent": 100.0
  },
  {
    "BuildPrev": "1.11.1.5462",
    "BuildCur": "1.11.2.5464",
    "RecordCountPrev": 424,
    "RecordCountCur": 424,
    "MatchCount": 423,
    "MatchCountPercent": 99.7642
  },
  {
    "BuildPrev": "1.11.2.5464",
    "BuildCur": "1.12.0.5595",
    "RecordCountPrev": 424,
    "RecordCountCur": 432,
    "MatchCount": 418,
    "MatchCountPercent": 98.5849
  },
  {
    "BuildPrev": "1.12.0.5595",
    "BuildCur": "1.12.1.5875",
    "RecordCountPrev": 432,
    "RecordCountCur": 432,
    "MatchCount": 431,
    "MatchCountPercent": 99.7685
  },
  {
    "BuildPrev": "1.12.1.5875",
    "BuildCur": "1.12.2.6005",
    "RecordCountPrev": 432,
    "RecordCountCur": 432,
    "MatchCount": 432,
    "MatchCountPercent": 100.0
  },
  {
    "BuildPrev": "1.12.2.6005",
    "BuildCur": "2.0.0.5610",
    "RecordCountPrev": 432,
    "RecordCountCur": 522,
    "MatchCount": 430,
    "MatchCountPercent": 99.537
  },
  {
    "BuildPrev": "2.0.0.5610",
    "BuildCur": "2.0.0.5665",
    "RecordCountPrev": 522,
    "RecordCountCur": 530,
    "MatchCount": 520,
    "MatchCountPercent": 99.6169
  },
  {
    "BuildPrev": "2.0.0.5665",
    "BuildCur": "2.0.0.5666",
    "RecordCountPrev": 530,
    "RecordCountCur": 530,
    "MatchCount": 530,
    "MatchCountPercent": 100.0
  },
  {
    "BuildPrev": "2.0.0.5666",
    "BuildCur": "2.0.0.5991",
    "RecordCountPrev": 530,
    "RecordCountCur": 385,
    "MatchCount": 379,
    "MatchCountPercent": 71.5094
  },
  {
    "BuildPrev": "2.0.0.5991",
    "BuildCur": "2.0.0.6080",
    "RecordCountPrev": 385,
    "RecordCountCur": 606,
    "MatchCount": 374,
    "MatchCountPercent": 97.1429
  },
  {
    "BuildPrev": "2.0.0.6080",
    "BuildCur": "2.0.3.6299",
    "RecordCountPrev": 606,
    "RecordCountCur": 652,
    "MatchCount": 585,
    "MatchCountPercent": 96.5347
  },
  {
    "BuildPrev": "2.0.3.6299",
    "BuildCur": "2.0.5.6320",
    "RecordCountPrev": 652,
    "RecordCountCur": 652,
    "MatchCount": 651,
    "MatchCountPercent": 99.8466
  },
  {
    "BuildPrev": "2.0.5.6320",
    "BuildCur": "2.0.6.6337",
    "RecordCountPrev": 652,
    "RecordCountCur": 654,
    "MatchCount": 652,
    "MatchCountPercent": 100.0
  },
  {
    "BuildPrev": "2.0.6.6337",
    "BuildCur": "2.1.0.6692",
    "RecordCountPrev": 654,
    "RecordCountCur": 671,
    "MatchCount": 641,
    "MatchCountPercent": 98.0122
  },
  {
    "BuildPrev": "2.1.0.6692",
    "BuildCur": "2.1.0.6729",
    "RecordCountPrev": 671,
    "RecordCountCur": 671,
    "MatchCount": 671,
    "MatchCountPercent": 100.0
  },
  {
    "BuildPrev": "2.1.0.6729",
    "BuildCur": "2.1.1.6739",
    "RecordCountPrev": 671,
    "RecordCountCur": 671,
    "MatchCount": 671,
    "MatchCountPercent": 100.0
  },
  {
    "BuildPrev": "2.1.1.6739",
    "BuildCur": "2.1.2.6803",
    "RecordCountPrev": 671,
    "RecordCountCur": 672,
    "MatchCount": 671,
    "MatchCountPercent": 100.0
  },
  {
    "BuildPrev": "2.1.2.6803",
    "BuildCur": "2.1.3.6898",
    "RecordCountPrev": 672,
    "RecordCountCur": 672,
    "MatchCount": 671,
    "MatchCountPercent": 99.8512
  },
  {
    "BuildPrev": "2.1.3.6898",
    "BuildCur": "2.2.0.7272",
    "RecordCountPrev": 672,
    "RecordCountCur": 689,
    "MatchCount": 671,
    "MatchCountPercent": 99.8512
  },
  {
    "BuildPrev": "2.2.0.7272",
    "BuildCur": "2.3.0.7561",
    "RecordCountPrev": 689,
    "RecordCountCur": 717,
    "MatchCount": 681,
    "MatchCountPercent": 98.8389
  },
  {
    "BuildPrev": "2.3.0.7561",
    "BuildCur": "2.3.2.7741",
    "RecordCountPrev": 717,
    "RecordCountCur": 719,
    "MatchCount": 717,
    "MatchCountPercent": 100.0
  },
  {
    "BuildPrev": "2.3.2.7741",
    "BuildCur": "2.3.3.7799",
    "RecordCountPrev": 719,
    "RecordCountCur": 719,
    "MatchCount": 719,
    "MatchCountPercent": 100.0
  },
  {
    "BuildPrev": "2.3.3.7799",
    "BuildCur": "2.4.0.8089",
    "RecordCountPrev": 719,
    "RecordCountCur": 749,
    "MatchCount": 714,
    "MatchCountPercent": 99.3046
  },
  {
    "BuildPrev": "2.4.0.8089",
    "BuildCur": "2.4.1.8125",
    "RecordCountPrev": 749,
    "RecordCountCur": 749,
    "MatchCount": 749,
    "MatchCountPercent": 100.0
  },
  {
    "BuildPrev": "2.4.1.8125",
    "BuildCur": "2.4.2.8278",
    "RecordCountPrev": 749,
    "RecordCountCur": 749,
    "MatchCount": 749,
    "MatchCountPercent": 100.0
  },
  {
    "BuildPrev": "2.4.2.8278",
    "BuildCur": "2.4.3.8606",
    "RecordCountPrev": 749,
    "RecordCountCur": 755,
    "MatchCount": 745,
    "MatchCountPercent": 99.466
  },
  {
    "BuildPrev": "2.4.3.8606",
    "BuildCur": "3.0.1.8303",
    "RecordCountPrev": 755,
    "RecordCountCur": 842,
    "MatchCount": 743,
    "MatchCountPercent": 98.4106
  },
  {
    "BuildPrev": "3.0.1.8303",
    "BuildCur": "3.0.1.8334",
    "RecordCountPrev": 842,
    "RecordCountCur": 844,
    "MatchCount": 841,
    "MatchCountPercent": 99.8812
  },
  {
    "BuildPrev": "3.0.1.8334",
    "BuildCur": "3.0.1.8391",
    "RecordCountPrev": 844,
    "RecordCountCur": 851,
    "MatchCount": 842,
    "MatchCountPercent": 99.763
  },
  {
    "BuildPrev": "3.0.1.8391",
    "BuildCur": "3.0.1.8471",
    "RecordCountPrev": 851,
    "RecordCountCur": 866,
    "MatchCount": 843,
    "MatchCountPercent": 99.0599
  },
  {
    "BuildPrev": "3.0.1.8471",
    "BuildCur": "3.0.1.8622",
    "RecordCountPrev": 866,
    "RecordCountCur": 933,
    "MatchCount": 858,
    "MatchCountPercent": 99.0762
  },
  {
    "BuildPrev": "3.0.1.8622",
    "BuildCur": "3.0.1.8634",
    "RecordCountPrev": 933,
    "RecordCountCur": 933,
    "MatchCount": 933,
    "MatchCountPercent": 100.0
  },
  {
    "BuildPrev": "3.0.1.8634",
    "BuildCur": "3.0.1.8681",
    "RecordCountPrev": 933,
    "RecordCountCur": 930,
    "MatchCount": 908,
    "MatchCountPercent": 97.3205
  },
  {
    "BuildPrev": "3.0.1.8681",
    "BuildCur": "3.0.1.8714",
    "RecordCountPrev": 930,
    "RecordCountCur": 930,
    "MatchCount": 930,
    "MatchCountPercent": 100.0
  },
  {
    "BuildPrev": "3.0.1.8714",
    "BuildCur": "3.0.1.8770",
    "RecordCountPrev": 930,
    "RecordCountCur": 961,
    "MatchCount": 924,
    "MatchCountPercent": 99.3548
  },
  {
    "BuildPrev": "3.0.1.8770",
    "BuildCur": "3.0.1.8788",
    "RecordCountPrev": 961,
    "RecordCountCur": 960,
    "MatchCount": 956,
    "MatchCountPercent": 99.4797
  },
  {
    "BuildPrev": "3.0.1.8788",
    "BuildCur": "3.0.1.8820",
    "RecordCountPrev": 960,
    "RecordCountCur": 964,
    "MatchCount": 956,
    "MatchCountPercent": 99.5833
  },
  {
    "BuildPrev": "3.0.1.8820",
    "BuildCur": "3.0.1.8874",
    "RecordCountPrev": 964,
    "RecordCountCur": 964,
    "MatchCount": 964,
    "MatchCountPercent": 100.0
  },
  {
    "BuildPrev": "3.0.1.8874",
    "BuildCur": "3.0.1.8885",
    "RecordCountPrev": 964,
    "RecordCountCur": 967,
    "MatchCount": 960,
    "MatchCountPercent": 99.5851
  },
  {
    "BuildPrev": "3.0.1.8885",
    "BuildCur": "3.0.2.9056",
    "RecordCountPrev": 967,
    "RecordCountCur": 1036,
    "MatchCount": 945,
    "MatchCountPercent": 97.7249
  },
  {
    "BuildPrev": "3.0.2.9056",
    "BuildCur": "3.0.3.9183",
    "RecordCountPrev": 1036,
    "RecordCountCur": 1039,
    "MatchCount": 1032,
    "MatchCountPercent": 99.6139
  },
  {
    "BuildPrev": "3.0.3.9183",
    "BuildCur": "3.0.8.9464",
    "RecordCountPrev": 1039,
    "RecordCountCur": 1040,
    "MatchCount": 1035,
    "MatchCountPercent": 99.615
  },
  {
    "BuildPrev": "3.0.8.9464",
    "BuildCur": "3.0.8.9506",
    "RecordCountPrev": 1040,
    "RecordCountCur": 1040,
    "MatchCount": 1040,
    "MatchCountPercent": 100.0
  },
  {
    "BuildPrev": "3.0.8.9506",
    "BuildCur": "3.0.9.9551",
    "RecordCountPrev": 1040,
    "RecordCountCur": 1040,
    "MatchCount": 1040,
    "MatchCountPercent": 100.0
  },
  {
    "BuildPrev": "3.0.9.9551",
    "BuildCur": "3.1.0.9767",
    "RecordCountPrev": 1040,
    "RecordCountCur": 1073,
    "MatchCount": 1037,
    "MatchCountPercent": 99.7115
  },
  {
    "BuildPrev": "3.1.0.9767",
    "BuildCur": "3.1.1.9806",
    "RecordCountPrev": 1073,
    "RecordCountCur": 1073,
    "MatchCount": 1073,
    "MatchCountPercent": 100.0
  },
  {
    "BuildPrev": "3.1.1.9806",
    "BuildCur": "3.1.1.9835",
    "RecordCountPrev": 1073,
    "RecordCountCur": 1073,
    "MatchCount": 1073,
    "MatchCountPercent": 100.0
  },
  {
    "BuildPrev": "3.1.1.9835",
    "BuildCur": "3.1.2.9901",
    "RecordCountPrev": 1073,
    "RecordCountCur": 1073,
    "MatchCount": 1073,
    "MatchCountPercent": 100.0
  },
  {
    "BuildPrev": "3.1.2.9901",
    "BuildCur": "3.1.3.9947",
    "RecordCountPrev": 1073,
    "RecordCountCur": 1073,
    "MatchCount": 1073,
    "MatchCountPercent": 100.0
  },
  {
    "BuildPrev": "3.1.3.9947",
    "BuildCur": "3.2.0.10192",
    "RecordCountPrev": 1073,
    "RecordCountCur": 1097,
    "MatchCount": 1062,
    "MatchCountPercent": 98.9748
  },
  {
    "BuildPrev": "3.2.0.10192",
    "BuildCur": "3.2.0.10314",
    "RecordCountPrev": 1097,
    "RecordCountCur": 1097,
    "MatchCount": 1097,
    "MatchCountPercent": 100.0
  },
  {
    "BuildPrev": "3.2.0.10314",
    "BuildCur": "3.2.2.10482",
    "RecordCountPrev": 1097,
    "RecordCountCur": 1098,
    "MatchCount": 1096,
    "MatchCountPercent": 99.9088
  },
  {
    "BuildPrev": "3.2.2.10482",
    "BuildCur": "3.2.2.10505",
    "RecordCountPrev": 1098,
    "RecordCountCur": 1098,
    "MatchCount": 1098,
    "MatchCountPercent": 100.0
  },
  {
    "BuildPrev": "3.2.2.10505",
    "BuildCur": "3.3.0.10958",
    "RecordCountPrev": 1098,
    "RecordCountCur": 1201,
    "MatchCount": 1095,
    "MatchCountPercent": 99.7268
  },
  {
    "BuildPrev": "3.3.0.10958",
    "BuildCur": "3.3.0.11159",
    "RecordCountPrev": 1201,
    "RecordCountCur": 1201,
    "MatchCount": 1201,
    "MatchCountPercent": 100.0
  },
  {
    "BuildPrev": "3.3.0.11159",
    "BuildCur": "3.3.2.11403",
    "RecordCountPrev": 1201,
    "RecordCountCur": 1202,
    "MatchCount": 1200,
    "MatchCountPercent": 99.9167
  },
  {
    "BuildPrev": "3.3.2.11403",
    "BuildCur": "3.3.3.11685",
    "RecordCountPrev": 1202,
    "RecordCountCur": 1220,
    "MatchCount": 1200,
    "MatchCountPercent": 99.8336
  },
  {
    "BuildPrev": "3.3.3.11685",
    "BuildCur": "3.3.3.11723",
    "RecordCountPrev": 1220,
    "RecordCountCur": 1220,
    "MatchCount": 1220,
    "MatchCountPercent": 100.0
  },
  {
    "BuildPrev": "3.3.3.11723",
    "BuildCur": "3.3.5.12213",
    "RecordCountPrev": 1220,
    "RecordCountCur": 1220,
    "MatchCount": 1220,
    "MatchCountPercent": 100.0
  },
  {
    "BuildPrev": "3.3.5.12213",
    "BuildCur": "3.3.5.12340",
    "RecordCountPrev": 1220,
    "RecordCountCur": 1220,
    "MatchCount": 1220,
    "MatchCountPercent": 100.0
  },
  {
    "BuildPrev": "3.3.5.12340",
    "BuildCur": "4.0.0.11927",
    "RecordCountPrev": 1220,
    "RecordCountCur": 1473,
    "MatchCount": 0,
    "MatchCountPercent": 0.0
  },
  {
    "BuildPrev": "4.0.0.11927",
    "BuildCur": "4.0.0.12025",
    "RecordCountPrev": 1473,
    "RecordCountCur": 1503,
    "MatchCount": 1460,
    "MatchCountPercent": 99.1175
  },
  {
    "BuildPrev": "4.0.0.12025",
    "BuildCur": "4.0.0.12065",
    "RecordCountPrev": 1503,
    "RecordCountCur": 1541,
    "MatchCount": 1500,
    "MatchCountPercent": 99.8004
  },
  {
    "BuildPrev": "4.0.0.12065",
    "BuildCur": "4.0.0.12122",
    "RecordCountPrev": 1541,
    "RecordCountCur": 1567,
    "MatchCount": 1527,
    "MatchCountPercent": 99.0915
  },
  {
    "BuildPrev": "4.0.0.12122",
    "BuildCur": "4.0.0.12164",
    "RecordCountPrev": 1567,
    "RecordCountCur": 1590,
    "MatchCount": 1551,
    "MatchCountPercent": 98.9789
  },
  {
    "BuildPrev": "4.0.0.12164",
    "BuildCur": "4.0.0.12232",
    "RecordCountPrev": 1590,
    "RecordCountCur": 1654,
    "MatchCount": 1578,
    "MatchCountPercent": 99.2453
  },
  {
    "BuildPrev": "4.0.0.12232",
    "BuildCur": "4.0.0.12266",
    "RecordCountPrev": 1654,
    "RecordCountCur": 1651,
    "MatchCount": 1632,
    "MatchCountPercent": 98.6699
  },
  {
    "BuildPrev": "4.0.0.12266",
    "BuildCur": "4.0.0.12319",
    "RecordCountPrev": 1651,
    "RecordCountCur": 1669,
    "MatchCount": 1648,
    "MatchCountPercent": 99.8183
  },
  {
    "BuildPrev": "4.0.0.12319",
    "BuildCur": "4.0.0.12911",
    "RecordCountPrev": 1669,
    "RecordCountCur": 1855,
    "MatchCount": 1621,
    "MatchCountPercent": 97.124
  },
  {
    "BuildPrev": "4.0.0.12911",
    "BuildCur": "4.0.1.13164",
    "RecordCountPrev": 1855,
    "RecordCountCur": 1855,
    "MatchCount": 1855,
    "MatchCountPercent": 100.0
  },
  {
    "BuildPrev": "4.0.1.13164",
    "BuildCur": "",
    "RecordCountPrev": 1855,
    "RecordCountCur": 1855,
    "MatchCount": 1855,
    "MatchCountPercent": 100.0
  },
  {
    "BuildPrev": "",
    "BuildCur": "4.0.3.13287",
    "RecordCountPrev": 1855,
    "RecordCountCur": 1855,
    "MatchCount": 1855,
    "MatchCountPercent": 100.0
  },
  {
    "BuildPrev": "4.0.3.13287",
    "BuildCur": "",
    "RecordCountPrev": 1855,
    "RecordCountCur": 1855,
    "MatchCount": 1855,
    "MatchCountPercent": 100.0
  },
  {
    "BuildPrev": "",
    "BuildCur": "4.0.6.13596",
    "RecordCountPrev": 1855,
    "RecordCountCur": 1855,
    "MatchCount": 1855,
    "MatchCountPercent": 100.0
  },
  {
    "BuildPrev": "4.0.6.13596",
    "BuildCur": "",
    "RecordCountPrev": 1855,
    "RecordCountCur": 2010,
    "MatchCount": 1759,
    "MatchCountPercent": 94.8248
  },
  {
    "BuildPrev": "",
    "BuildCur": "4.1.0.13914",
    "RecordCountPrev": 2010,
    "RecordCountCur": 2023,
    "MatchCount": 1990,
    "MatchCountPercent": 99.005
  },
  {
    "BuildPrev": "4.1.0.13914",
    "BuildCur": "",
    "RecordCountPrev": 2023,
    "RecordCountCur": 2023,
    "MatchCount": 2023,
    "MatchCountPercent": 100.0
  },
  {
    "BuildPrev": "",
    "BuildCur": "4.2.0.14333",
    "RecordCountPrev": 2023,
    "RecordCountCur": 2078,
    "MatchCount": 2006,
    "MatchCountPercent": 99.1597
  },
  {
    "BuildPrev": "4.2.0.14333",
    "BuildCur": "",
    "RecordCountPrev": 2078,
    "RecordCountCur": 1855,
    "MatchCount": 1730,
    "MatchCountPercent": 83.2531
  },
  {
    "BuildPrev": "",
    "BuildCur": "4.2.2.14545",
    "RecordCountPrev": 1855,
    "RecordCountCur": 2078,
    "MatchCount": 1730,
    "MatchCountPercent": 93.2615
  },
  {
    "BuildPrev": "4.2.2.14545",
    "BuildCur": "4.3.0.15005",
    "RecordCountPrev": 2078,
    "RecordCountCur": 2078,
    "MatchCount": 2078,
    "MatchCountPercent": 100.0
  },
  {
    "BuildPrev": "4.3.0.15005",
    "BuildCur": "",
    "RecordCountPrev": 2078,
    "RecordCountCur": 2078,
    "MatchCount": 2078,
    "MatchCountPercent": 100.0
  },
  {
    "BuildPrev": "",
    "BuildCur": "4.3.2.15211",
    "RecordCountPrev": 2078,
    "RecordCountCur": 2195,
    "MatchCount": 2063,
    "MatchCountPercent": 99.2782
  },
  {
    "BuildPrev": "4.3.2.15211",
    "BuildCur": "4.3.3.15354",
    "RecordCountPrev": 2195,
    "RecordCountCur": 2195,
    "MatchCount": 2195,
    "MatchCountPercent": 100.0
  },
  {
    "BuildPrev": "4.3.3.15354",
    "BuildCur": "4.3.4.15595",
    "RecordCountPrev": 2195,
    "RecordCountCur": 2195,
    "MatchCount": 2195,
    "MatchCountPercent": 100.0
  },
  {
    "BuildPrev": "4.3.4.15595",
    "BuildCur": "5.0.1.15464",
    "RecordCountPrev": 2195,
    "RecordCountCur": 2524,
    "MatchCount": 2130,
    "MatchCountPercent": 97.0387
  },
  {
    "BuildPrev": "5.0.1.15464",
    "BuildCur": "5.0.1.15508",
    "RecordCountPrev": 2524,
    "RecordCountCur": 2559,
    "MatchCount": 2514,
    "MatchCountPercent": 99.6038
  },
  {
    "BuildPrev": "5.0.1.15508",
    "BuildCur": "5.0.1.15544",
    "RecordCountPrev": 2559,
    "RecordCountCur": 2568,
    "MatchCount": 2554,
    "MatchCountPercent": 99.8046
  },
  {
    "BuildPrev": "5.0.1.15544",
    "BuildCur": "5.0.1.15589",
    "RecordCountPrev": 2568,
    "RecordCountCur": 2586,
    "MatchCount": 2564,
    "MatchCountPercent": 99.8442
  },
  {
    "BuildPrev": "5.0.1.15589",
    "BuildCur": "5.0.1.15640",
    "RecordCountPrev": 2586,
    "RecordCountCur": 2524,
    "MatchCount": 2507,
    "MatchCountPercent": 96.9451
  },
  {
    "BuildPrev": "5.0.1.15640",
    "BuildCur": "5.0.1.15650",
    "RecordCountPrev": 2524,
    "RecordCountCur": 2638,
    "MatchCount": 0,
    "MatchCountPercent": 0.0
  },
  {
    "BuildPrev": "5.0.1.15650",
    "BuildCur": "5.0.1.15657",
    "RecordCountPrev": 2638,
    "RecordCountCur": 2647,
    "MatchCount": 2624,
    "MatchCountPercent": 99.4693
  },
  {
    "BuildPrev": "5.0.1.15657",
    "BuildCur": "5.0.1.15662",
    "RecordCountPrev": 2647,
    "RecordCountCur": 2524,
    "MatchCount": 0,
    "MatchCountPercent": 0.0
  },
  {
    "BuildPrev": "5.0.1.15662",
    "BuildCur": "5.0.1.15668",
    "RecordCountPrev": 2524,
    "RecordCountCur": 2676,
    "MatchCount": 0,
    "MatchCountPercent": 0.0
  },
  {
    "BuildPrev": "5.0.1.15668",
    "BuildCur": "5.0.1.15677",
    "RecordCountPrev": 2676,
    "RecordCountCur": 2683,
    "MatchCount": 2673,
    "MatchCountPercent": 99.8879
  },
  {
    "BuildPrev": "5.0.1.15677",
    "BuildCur": "5.0.1.15689",
    "RecordCountPrev": 2683,
    "RecordCountCur": 2694,
    "MatchCount": 2683,
    "MatchCountPercent": 100.0
  },
  {
    "BuildPrev": "5.0.1.15689",
    "BuildCur": "5.0.1.15699",
    "RecordCountPrev": 2694,
    "RecordCountCur": 2707,
    "MatchCount": 2687,
    "MatchCountPercent": 99.7402
  },
  {
    "BuildPrev": "5.0.1.15699",
    "BuildCur": "5.0.1.15726",
    "RecordCountPrev": 2707,
    "RecordCountCur": 2712,
    "MatchCount": 2702,
    "MatchCountPercent": 99.8153
  },
  {
    "BuildPrev": "5.0.1.15726",
    "BuildCur": "5.0.1.15739",
    "RecordCountPrev": 2712,
    "RecordCountCur": 2735,
    "MatchCount": 2689,
    "MatchCountPercent": 99.1519
  },
  {
    "BuildPrev": "5.0.1.15739",
    "BuildCur": "5.0.1.15752",
    "RecordCountPrev": 2735,
    "RecordCountCur": 2743,
    "MatchCount": 2731,
    "MatchCountPercent": 99.8537
  },
  {
    "BuildPrev": "5.0.1.15752",
    "BuildCur": "5.0.1.15762",
    "RecordCountPrev": 2743,
    "RecordCountCur": 2750,
    "MatchCount": 2739,
    "MatchCountPercent": 99.8542
  },
  {
    "BuildPrev": "5.0.1.15762",
    "BuildCur": "5.0.1.15781",
    "RecordCountPrev": 2750,
    "RecordCountCur": 2756,
    "MatchCount": 2742,
    "MatchCountPercent": 99.7091
  },
  {
    "BuildPrev": "5.0.1.15781",
    "BuildCur": "5.0.1.15799",
    "RecordCountPrev": 2756,
    "RecordCountCur": 2784,
    "MatchCount": 2747,
    "MatchCountPercent": 99.6734
  },
  {
    "BuildPrev": "5.0.1.15799",
    "BuildCur": "5.0.4.15890",
    "RecordCountPrev": 2784,
    "RecordCountCur": 2823,
    "MatchCount": 0,
    "MatchCountPercent": 0.0
  },
  {
    "BuildPrev": "5.0.4.15890",
    "BuildCur": "5.0.4.16016",
    "RecordCountPrev": 2823,
    "RecordCountCur": 2880,
    "MatchCount": 2775,
    "MatchCountPercent": 98.2997
  },
  {
    "BuildPrev": "5.0.4.16016",
    "BuildCur": "5.0.5.16048",
    "RecordCountPrev": 2880,
    "RecordCountCur": 2884,
    "MatchCount": 2879,
    "MatchCountPercent": 99.9653
  },
  {
    "BuildPrev": "5.0.5.16048",
    "BuildCur": "5.0.5.16057",
    "RecordCountPrev": 2884,
    "RecordCountCur": 2884,
    "MatchCount": 2884,
    "MatchCountPercent": 100.0
  },
  {
    "BuildPrev": "5.0.5.16057",
    "BuildCur": "5.1.0.16309",
    "RecordCountPrev": 2884,
    "RecordCountCur": 3021,
    "MatchCount": 2862,
    "MatchCountPercent": 99.2372
  },
  {
    "BuildPrev": "5.1.0.16309",
    "BuildCur": "",
    "RecordCountPrev": 3021,
    "RecordCountCur": 3021,
    "MatchCount": 3021,
    "MatchCountPercent": 100.0
  },
  {
    "BuildPrev": "",
    "BuildCur": "5.2.0.16516",
    "RecordCountPrev": 3021,
    "RecordCountCur": 3121,
    "MatchCount": 3018,
    "MatchCountPercent": 99.9007
  },
  {
    "BuildPrev": "5.2.0.16516",
    "BuildCur": "5.2.0.16650",
    "RecordCountPrev": 3121,
    "RecordCountCur": 3145,
    "MatchCount": 3100,
    "MatchCountPercent": 99.3271
  },
  {
    "BuildPrev": "5.2.0.16650",
    "BuildCur": "5.3.0.16844",
    "RecordCountPrev": 3145,
    "RecordCountCur": 3248,
    "MatchCount": 3115,
    "MatchCountPercent": 99.0461
  },
  {
    "BuildPrev": "5.3.0.16844",
    "BuildCur": "5.3.0.16965",
    "RecordCountPrev": 3248,
    "RecordCountCur": 3262,
    "MatchCount": 3234,
    "MatchCountPercent": 99.569
  },
  {
    "BuildPrev": "5.3.0.16965",
    "BuildCur": "5.3.0.17116",
    "RecordCountPrev": 3262,
    "RecordCountCur": 3262,
    "MatchCount": 3261,
    "MatchCountPercent": 99.9694
  },
  {
    "BuildPrev": "5.3.0.17116",
    "BuildCur": "5.4.0.17266",
    "RecordCountPrev": 3262,
    "RecordCountCur": 3384,
    "MatchCount": 3250,
    "MatchCountPercent": 99.6321
  },
  {
    "BuildPrev": "5.4.0.17266",
    "BuildCur": "5.4.0.17325",
    "RecordCountPrev": 3384,
    "RecordCountCur": 3391,
    "MatchCount": 3375,
    "MatchCountPercent": 99.7341
  },
  {
    "BuildPrev": "5.4.0.17325",
    "BuildCur": "5.4.0.17345",
    "RecordCountPrev": 3391,
    "RecordCountCur": 3391,
    "MatchCount": 3391,
    "MatchCountPercent": 100.0
  },
  {
    "BuildPrev": "5.4.0.17345",
    "BuildCur": "5.4.1.17520",
    "RecordCountPrev": 3391,
    "RecordCountCur": 3392,
    "MatchCount": 3391,
    "MatchCountPercent": 100.0
  },
  {
    "BuildPrev": "5.4.1.17520",
    "BuildCur": "5.4.1.17538",
    "RecordCountPrev": 3392,
    "RecordCountCur": 3392,
    "MatchCount": 3392,
    "MatchCountPercent": 100.0
  },
  {
    "BuildPrev": "5.4.1.17538",
    "BuildCur": "5.4.2.17645",
    "RecordCountPrev": 3392,
    "RecordCountCur": 3392,
    "MatchCount": 3390,
    "MatchCountPercent": 99.941
  },
  {
    "BuildPrev": "5.4.2.17645",
    "BuildCur": "5.4.2.17688",
    "RecordCountPrev": 3392,
    "RecordCountCur": 3392,
    "MatchCount": 3392,
    "MatchCountPercent": 100.0
  },
  {
    "BuildPrev": "5.4.2.17688",
    "BuildCur": "5.4.7.17898",
    "RecordCountPrev": 3392,
    "RecordCountCur": 3392,
    "MatchCount": 3392,
    "MatchCountPercent": 100.0
  },
  {
    "BuildPrev": "5.4.7.17898",
    "BuildCur": "5.4.8.18273",
    "RecordCountPrev": 3392,
    "RecordCountCur": 3392,
    "MatchCount": 3391,
    "MatchCountPercent": 99.9705
  },
  {
    "BuildPrev": "5.4.8.18273",
    "BuildCur": "6.0.1.18125",
    "RecordCountPrev": 3392,
    "RecordCountCur": 3621,
    "MatchCount": 0,
    "MatchCountPercent": 0.0
  },
  {
    "BuildPrev": "6.0.1.18125",
    "BuildCur": "6.0.1.18156",
    "RecordCountPrev": 3621,
    "RecordCountCur": 3626,
    "MatchCount": 3616,
    "MatchCountPercent": 99.8619
  },
  {
    "BuildPrev": "6.0.1.18156",
    "BuildCur": "6.0.1.18164",
    "RecordCountPrev": 3626,
    "RecordCountCur": 3634,
    "MatchCount": 3623,
    "MatchCountPercent": 99.9173
  },
  {
    "BuildPrev": "6.0.1.18164",
    "BuildCur": "6.0.1.18179",
    "RecordCountPrev": 3634,
    "RecordCountCur": 3636,
    "MatchCount": 3630,
    "MatchCountPercent": 99.8899
  },
  {
    "BuildPrev": "6.0.1.18179",
    "BuildCur": "6.0.1.18297",
    "RecordCountPrev": 3636,
    "RecordCountCur": 3686,
    "MatchCount": 3616,
    "MatchCountPercent": 99.4499
  },
  {
    "BuildPrev": "6.0.1.18297",
    "BuildCur": "6.0.1.18322",
    "RecordCountPrev": 3686,
    "RecordCountCur": 3688,
    "MatchCount": 3684,
    "MatchCountPercent": 99.9457
  },
  {
    "BuildPrev": "6.0.1.18322",
    "BuildCur": "6.0.1.18379",
    "RecordCountPrev": 3688,
    "RecordCountCur": 3702,
    "MatchCount": 3674,
    "MatchCountPercent": 99.6204
  },
  {
    "BuildPrev": "6.0.1.18379",
    "BuildCur": "6.0.1.18443",
    "RecordCountPrev": 3702,
    "RecordCountCur": 3705,
    "MatchCount": 3693,
    "MatchCountPercent": 99.7569
  },
  {
    "BuildPrev": "6.0.1.18443",
    "BuildCur": "6.0.1.18471",
    "RecordCountPrev": 3705,
    "RecordCountCur": 3708,
    "MatchCount": 3693,
    "MatchCountPercent": 99.6761
  },
  {
    "BuildPrev": "6.0.1.18471",
    "BuildCur": "6.0.1.18505",
    "RecordCountPrev": 3708,
    "RecordCountCur": 3726,
    "MatchCount": 3701,
    "MatchCountPercent": 99.8112
  },
  {
    "BuildPrev": "6.0.1.18505",
    "BuildCur": "6.0.1.18522",
    "RecordCountPrev": 3726,
    "RecordCountCur": 3758,
    "MatchCount": 3719,
    "MatchCountPercent": 99.8121
  },
  {
    "BuildPrev": "6.0.1.18522",
    "BuildCur": "6.0.1.18537",
    "RecordCountPrev": 3758,
    "RecordCountCur": 3772,
    "MatchCount": 3757,
    "MatchCountPercent": 99.9734
  },
  {
    "BuildPrev": "6.0.1.18537",
    "BuildCur": "6.0.1.18566",
    "RecordCountPrev": 3772,
    "RecordCountCur": 3777,
    "MatchCount": 3767,
    "MatchCountPercent": 99.8675
  },
  {
    "BuildPrev": "6.0.1.18566",
    "BuildCur": "6.0.1.18594",
    "RecordCountPrev": 3777,
    "RecordCountCur": 3788,
    "MatchCount": 3773,
    "MatchCountPercent": 99.8941
  },
  {
    "BuildPrev": "6.0.1.18594",
    "BuildCur": "6.0.1.18645",
    "RecordCountPrev": 3788,
    "RecordCountCur": 3788,
    "MatchCount": 3788,
    "MatchCountPercent": 100.0
  },
  {
    "BuildPrev": "6.0.1.18645",
    "BuildCur": "6.0.1.18663",
    "RecordCountPrev": 3788,
    "RecordCountCur": 3805,
    "MatchCount": 3778,
    "MatchCountPercent": 99.736
  },
  {
    "BuildPrev": "6.0.1.18663",
    "BuildCur": "6.0.1.18685",
    "RecordCountPrev": 3805,
    "RecordCountCur": 3805,
    "MatchCount": 3805,
    "MatchCountPercent": 100.0
  },
  {
    "BuildPrev": "6.0.1.18685",
    "BuildCur": "6.0.1.18689",
    "RecordCountPrev": 3805,
    "RecordCountCur": 3805,
    "MatchCount": 3795,
    "MatchCountPercent": 99.7372
  },
  {
    "BuildPrev": "6.0.1.18689",
    "BuildCur": "6.0.1.18716",
    "RecordCountPrev": 3805,
    "RecordCountCur": 3805,
    "MatchCount": 3803,
    "MatchCountPercent": 99.9474
  },
  {
    "BuildPrev": "6.0.1.18716",
    "BuildCur": "6.0.1.18738",
    "RecordCountPrev": 3805,
    "RecordCountCur": 3808,
    "MatchCount": 3789,
    "MatchCountPercent": 99.5795
  },
  {
    "BuildPrev": "6.0.1.18738",
    "BuildCur": "6.0.2.18764",
    "RecordCountPrev": 3808,
    "RecordCountCur": 3804,
    "MatchCount": 3798,
    "MatchCountPercent": 99.7374
  },
  {
    "BuildPrev": "6.0.2.18764",
    "BuildCur": "6.0.1.18803",
    "RecordCountPrev": 3804,
    "RecordCountCur": 3801,
    "MatchCount": 3798,
    "MatchCountPercent": 99.8423
  },
  {
    "BuildPrev": "6.0.1.18803",
    "BuildCur": "6.0.2.18816",
    "RecordCountPrev": 3801,
    "RecordCountCur": 3804,
    "MatchCount": 3791,
    "MatchCountPercent": 99.7369
  },
  {
    "BuildPrev": "6.0.2.18816",
    "BuildCur": "6.0.2.18833",
    "RecordCountPrev": 3804,
    "RecordCountCur": 3804,
    "MatchCount": 3804,
    "MatchCountPercent": 100.0
  },
  {
    "BuildPrev": "6.0.2.18833",
    "BuildCur": "6.0.2.18837",
    "RecordCountPrev": 3804,
    "RecordCountCur": 3804,
    "MatchCount": 3795,
    "MatchCountPercent": 99.7634
  },
  {
    "BuildPrev": "6.0.2.18837",
    "BuildCur": "6.0.2.18838",
    "RecordCountPrev": 3804,
    "RecordCountCur": 3804,
    "MatchCount": 3804,
    "MatchCountPercent": 100.0
  },
  {
    "BuildPrev": "6.0.2.18838",
    "BuildCur": "6.0.2.18848",
    "RecordCountPrev": 3804,
    "RecordCountCur": 3804,
    "MatchCount": 3804,
    "MatchCountPercent": 100.0
  },
  {
    "BuildPrev": "6.0.2.18848",
    "BuildCur": "6.0.2.18850",
    "RecordCountPrev": 3804,
    "RecordCountCur": 3795,
    "MatchCount": 3794,
    "MatchCountPercent": 99.7371
  },
  {
    "BuildPrev": "6.0.2.18850",
    "BuildCur": "6.0.2.18865",
    "RecordCountPrev": 3795,
    "RecordCountCur": 3795,
    "MatchCount": 3795,
    "MatchCountPercent": 100.0
  },
  {
    "BuildPrev": "6.0.2.18865",
    "BuildCur": "6.0.2.18888",
    "RecordCountPrev": 3795,
    "RecordCountCur": 3776,
    "MatchCount": 3775,
    "MatchCountPercent": 99.473
  },
  {
    "BuildPrev": "6.0.2.18888",
    "BuildCur": "6.0.2.18898",
    "RecordCountPrev": 3776,
    "RecordCountCur": 3781,
    "MatchCount": 3775,
    "MatchCountPercent": 99.9735
  },
  {
    "BuildPrev": "6.0.2.18898",
    "BuildCur": "6.0.2.18909",
    "RecordCountPrev": 3781,
    "RecordCountCur": 3794,
    "MatchCount": 3780,
    "MatchCountPercent": 99.9736
  },
  {
    "BuildPrev": "6.0.2.18909",
    "BuildCur": "6.0.2.18912",
    "RecordCountPrev": 3794,
    "RecordCountCur": 3781,
    "MatchCount": 3780,
    "MatchCountPercent": 99.631
  },
  {
    "BuildPrev": "6.0.2.18912",
    "BuildCur": "6.0.2.18922",
    "RecordCountPrev": 3781,
    "RecordCountCur": 3794,
    "MatchCount": 3780,
    "MatchCountPercent": 99.9736
  },
  {
    "BuildPrev": "6.0.2.18922",
    "BuildCur": "6.0.2.18927",
    "RecordCountPrev": 3794,
    "RecordCountCur": 3794,
    "MatchCount": 3793,
    "MatchCountPercent": 99.9736
  },
  {
    "BuildPrev": "6.0.2.18927",
    "BuildCur": "6.0.2.18934",
    "RecordCountPrev": 3794,
    "RecordCountCur": 3794,
    "MatchCount": 3794,
    "MatchCountPercent": 100.0
  },
  {
    "BuildPrev": "6.0.2.18934",
    "BuildCur": "6.0.2.18935",
    "RecordCountPrev": 3794,
    "RecordCountCur": 3789,
    "MatchCount": 3789,
    "MatchCountPercent": 99.8682
  },
  {
    "BuildPrev": "6.0.2.18935",
    "BuildCur": "6.0.2.18950",
    "RecordCountPrev": 3789,
    "RecordCountCur": 3789,
    "MatchCount": 3788,
    "MatchCountPercent": 99.9736
  },
  {
    "BuildPrev": "6.0.2.18950",
    "BuildCur": "6.0.2.18965",
    "RecordCountPrev": 3789,
    "RecordCountCur": 3789,
    "MatchCount": 3789,
    "MatchCountPercent": 100.0
  },
  {
    "BuildPrev": "6.0.2.18965",
    "BuildCur": "6.0.2.18967",
    "RecordCountPrev": 3789,
    "RecordCountCur": 3788,
    "MatchCount": 3787,
    "MatchCountPercent": 99.9472
  },
  {
    "BuildPrev": "6.0.2.18967",
    "BuildCur": "6.0.2.18973",
    "RecordCountPrev": 3788,
    "RecordCountCur": 3788,
    "MatchCount": 3788,
    "MatchCountPercent": 100.0
  },
  {
    "BuildPrev": "6.0.2.18973",
    "BuildCur": "6.0.2.18982",
    "RecordCountPrev": 3788,
    "RecordCountCur": 3788,
    "MatchCount": 3788,
    "MatchCountPercent": 100.0
  },
  {
    "BuildPrev": "6.0.2.18982",
    "BuildCur": "6.0.2.18983",
    "RecordCountPrev": 3788,
    "RecordCountCur": 3788,
    "MatchCount": 3788,
    "MatchCountPercent": 100.0
  },
  {
    "BuildPrev": "6.0.2.18983",
    "BuildCur": "6.0.2.18986",
    "RecordCountPrev": 3788,
    "RecordCountCur": 3788,
    "MatchCount": 3788,
    "MatchCountPercent": 100.0
  },
  {
    "BuildPrev": "6.0.2.18986",
    "BuildCur": "6.0.2.18988",
    "RecordCountPrev": 3788,
    "RecordCountCur": 3788,
    "MatchCount": 3788,
    "MatchCountPercent": 100.0
  },
  {
    "BuildPrev": "6.0.2.18988",
    "BuildCur": "6.0.2.18989",
    "RecordCountPrev": 3788,
    "RecordCountCur": 3788,
    "MatchCount": 3788,
    "MatchCountPercent": 100.0
  },
  {
    "BuildPrev": "6.0.2.18989",
    "BuildCur": "6.0.2.18996",
    "RecordCountPrev": 3788,
    "RecordCountCur": 3788,
    "MatchCount": 3788,
    "MatchCountPercent": 100.0
  },
  {
    "BuildPrev": "6.0.2.18996",
    "BuildCur": "6.0.2.19000",
    "RecordCountPrev": 3788,
    "RecordCountCur": 3788,
    "MatchCount": 3788,
    "MatchCountPercent": 100.0
  },
  {
    "BuildPrev": "6.0.2.19000",
    "BuildCur": "6.0.2.19005",
    "RecordCountPrev": 3788,
    "RecordCountCur": 3788,
    "MatchCount": 3788,
    "MatchCountPercent": 100.0
  },
  {
    "BuildPrev": "6.0.2.19005",
    "BuildCur": "6.0.2.19041",
    "RecordCountPrev": 3788,
    "RecordCountCur": 3788,
    "MatchCount": 3788,
    "MatchCountPercent": 100.0
  },
  {
    "BuildPrev": "6.0.2.19041",
    "BuildCur": "6.0.3.19057",
    "RecordCountPrev": 3788,
    "RecordCountCur": 3788,
    "MatchCount": 3788,
    "MatchCountPercent": 100.0
  },
  {
    "BuildPrev": "6.0.3.19057",
    "BuildCur": "6.0.3.19078",
    "RecordCountPrev": 3788,
    "RecordCountCur": 3788,
    "MatchCount": 3788,
    "MatchCountPercent": 100.0
  },
  {
    "BuildPrev": "6.0.3.19078",
    "BuildCur": "6.0.3.19085",
    "RecordCountPrev": 3788,
    "RecordCountCur": 3788,
    "MatchCount": 3788,
    "MatchCountPercent": 100.0
  },
  {
    "BuildPrev": "6.0.3.19085",
    "BuildCur": "6.0.3.19175",
    "RecordCountPrev": 3788,
    "RecordCountCur": 3788,
    "MatchCount": 3788,
    "MatchCountPercent": 100.0
  },
  {
    "BuildPrev": "6.0.3.19175",
    "BuildCur": "6.0.3.19200",
    "RecordCountPrev": 3788,
    "RecordCountCur": 3788,
    "MatchCount": 3788,
    "MatchCountPercent": 100.0
  },
  {
    "BuildPrev": "6.0.3.19200",
    "BuildCur": "6.0.3.19342",
    "RecordCountPrev": 3788,
    "RecordCountCur": 3788,
    "MatchCount": 3788,
    "MatchCountPercent": 100.0
  },
  {
    "BuildPrev": "6.0.3.19342",
    "BuildCur": "6.1.0.19445",
    "RecordCountPrev": 3788,
    "RecordCountCur": 3792,
    "MatchCount": 3787,
    "MatchCountPercent": 99.9736
  },
  {
    "BuildPrev": "6.1.0.19445",
    "BuildCur": "6.1.0.19480",
    "RecordCountPrev": 3792,
    "RecordCountCur": 3792,
    "MatchCount": 3792,
    "MatchCountPercent": 100.0
  },
  {
    "BuildPrev": "6.1.0.19480",
    "BuildCur": "6.1.0.19508",
    "RecordCountPrev": 3792,
    "RecordCountCur": 3792,
    "MatchCount": 3792,
    "MatchCountPercent": 100.0
  },
  {
    "BuildPrev": "6.1.0.19508",
    "BuildCur": "6.1.0.19533",
    "RecordCountPrev": 3792,
    "RecordCountCur": 3792,
    "MatchCount": 3792,
    "MatchCountPercent": 100.0
  },
  {
    "BuildPrev": "6.1.0.19533",
    "BuildCur": "6.1.0.19551",
    "RecordCountPrev": 3792,
    "RecordCountCur": 3792,
    "MatchCount": 3792,
    "MatchCountPercent": 100.0
  },
  {
    "BuildPrev": "6.1.0.19551",
    "BuildCur": "6.1.0.19567",
    "RecordCountPrev": 3792,
    "RecordCountCur": 3792,
    "MatchCount": 3792,
    "MatchCountPercent": 100.0
  },
  {
    "BuildPrev": "6.1.0.19567",
    "BuildCur": "6.1.0.19592",
    "RecordCountPrev": 3792,
    "RecordCountCur": 3792,
    "MatchCount": 3790,
    "MatchCountPercent": 99.9473
  },
  {
    "BuildPrev": "6.1.0.19592",
    "BuildCur": "6.1.0.19611",
    "RecordCountPrev": 3792,
    "RecordCountCur": 3792,
    "MatchCount": 3792,
    "MatchCountPercent": 100.0
  },
  {
    "BuildPrev": "6.1.0.19611",
    "BuildCur": "6.1.0.19622",
    "RecordCountPrev": 3792,
    "RecordCountCur": 3792,
    "MatchCount": 3792,
    "MatchCountPercent": 100.0
  },
  {
    "BuildPrev": "6.1.0.19622",
    "BuildCur": "6.1.0.19634",
    "RecordCountPrev": 3792,
    "RecordCountCur": 3792,
    "MatchCount": 3792,
    "MatchCountPercent": 100.0
  },
  {
    "BuildPrev": "6.1.0.19634",
    "BuildCur": "6.1.0.19702",
    "RecordCountPrev": 3792,
    "RecordCountCur": 3792,
    "MatchCount": 3792,
    "MatchCountPercent": 100.0
  },
  {
    "BuildPrev": "6.1.0.19702",
    "BuildCur": "6.1.2.19711",
    "RecordCountPrev": 3792,
    "RecordCountCur": 3792,
    "MatchCount": 3789,
    "MatchCountPercent": 99.9209
  },
  {
    "BuildPrev": "6.1.2.19711",
    "BuildCur": "6.1.2.19728",
    "RecordCountPrev": 3792,
    "RecordCountCur": 3792,
    "MatchCount": 3792,
    "MatchCountPercent": 100.0
  },
  {
    "BuildPrev": "6.1.2.19728",
    "BuildCur": "6.1.2.19750",
    "RecordCountPrev": 3792,
    "RecordCountCur": 3792,
    "MatchCount": 3792,
    "MatchCountPercent": 100.0
  },
  {
    "BuildPrev": "6.1.2.19750",
    "BuildCur": "6.1.2.19769",
    "RecordCountPrev": 3792,
    "RecordCountCur": 3792,
    "MatchCount": 3792,
    "MatchCountPercent": 100.0
  },
  {
    "BuildPrev": "6.1.2.19769",
    "BuildCur": "6.1.2.19783",
    "RecordCountPrev": 3792,
    "RecordCountCur": 3792,
    "MatchCount": 3792,
    "MatchCountPercent": 100.0
  },
  {
    "BuildPrev": "6.1.2.19783",
    "BuildCur": "6.1.2.19793",
    "RecordCountPrev": 3792,
    "RecordCountCur": 3792,
    "MatchCount": 3792,
    "MatchCountPercent": 100.0
  },
  {
    "BuildPrev": "6.1.2.19793",
    "BuildCur": "6.1.2.19802",
    "RecordCountPrev": 3792,
    "RecordCountCur": 3792,
    "MatchCount": 3792,
    "MatchCountPercent": 100.0
  },
  {
    "BuildPrev": "6.1.2.19802",
    "BuildCur": "6.1.2.19831",
    "RecordCountPrev": 3792,
    "RecordCountCur": 3792,
    "MatchCount": 3792,
    "MatchCountPercent": 100.0
  },
  {
    "BuildPrev": "6.1.2.19831",
    "BuildCur": "6.1.2.19854",
    "RecordCountPrev": 3792,
    "RecordCountCur": 3792,
    "MatchCount": 3792,
    "MatchCountPercent": 100.0
  },
  {
    "BuildPrev": "6.1.2.19854",
    "BuildCur": "6.1.2.19865",
    "RecordCountPrev": 3792,
    "RecordCountCur": 3792,
    "MatchCount": 3792,
    "MatchCountPercent": 100.0
  },
  {
    "BuildPrev": "6.1.2.19865",
    "BuildCur": "6.2.0.19890",
    "RecordCountPrev": 3792,
    "RecordCountCur": 3793,
    "MatchCount": 3792,
    "MatchCountPercent": 100.0
  },
  {
    "BuildPrev": "6.2.0.19890",
    "BuildCur": "6.2.0.19906",
    "RecordCountPrev": 3793,
    "RecordCountCur": 3793,
    "MatchCount": 3793,
    "MatchCountPercent": 100.0
  },
  {
    "BuildPrev": "6.2.0.19906",
    "BuildCur": "6.2.0.19934",
    "RecordCountPrev": 3793,
    "RecordCountCur": 3793,
    "MatchCount": 3793,
    "MatchCountPercent": 100.0
  },
  {
    "BuildPrev": "6.2.0.19934",
    "BuildCur": "6.2.0.19953",
    "RecordCountPrev": 3793,
    "RecordCountCur": 3793,
    "MatchCount": 3791,
    "MatchCountPercent": 99.9473
  },
  {
    "BuildPrev": "6.2.0.19953",
    "BuildCur": "6.2.0.19973",
    "RecordCountPrev": 3793,
    "RecordCountCur": 3793,
    "MatchCount": 3793,
    "MatchCountPercent": 100.0
  },
  {
    "BuildPrev": "6.2.0.19973",
    "BuildCur": "6.2.0.20008",
    "RecordCountPrev": 3793,
    "RecordCountCur": 3793,
    "MatchCount": 3793,
    "MatchCountPercent": 100.0
  },
  {
    "BuildPrev": "6.2.0.20008",
    "BuildCur": "6.2.0.20033",
    "RecordCountPrev": 3793,
    "RecordCountCur": 3793,
    "MatchCount": 3793,
    "MatchCountPercent": 100.0
  },
  {
    "BuildPrev": "6.2.0.20033",
    "BuildCur": "6.2.0.20051",
    "RecordCountPrev": 3793,
    "RecordCountCur": 3793,
    "MatchCount": 3793,
    "MatchCountPercent": 100.0
  },
  {
    "BuildPrev": "6.2.0.20051",
    "BuildCur": "6.2.0.20061",
    "RecordCountPrev": 3793,
    "RecordCountCur": 3793,
    "MatchCount": 3793,
    "MatchCountPercent": 100.0
  },
  {
    "BuildPrev": "6.2.0.20061",
    "BuildCur": "6.2.0.20076",
    "RecordCountPrev": 3793,
    "RecordCountCur": 3793,
    "MatchCount": 3793,
    "MatchCountPercent": 100.0
  },
  {
    "BuildPrev": "6.2.0.20076",
    "BuildCur": "6.2.0.20104",
    "RecordCountPrev": 3793,
    "RecordCountCur": 3793,
    "MatchCount": 3793,
    "MatchCountPercent": 100.0
  },
  {
    "BuildPrev": "6.2.0.20104",
    "BuildCur": "6.2.0.20111",
    "RecordCountPrev": 3793,
    "RecordCountCur": 3793,
    "MatchCount": 3793,
    "MatchCountPercent": 100.0
  },
  {
    "BuildPrev": "6.2.0.20111",
    "BuildCur": "6.2.0.20141",
    "RecordCountPrev": 3793,
    "RecordCountCur": 3793,
    "MatchCount": 3793,
    "MatchCountPercent": 100.0
  },
  {
    "BuildPrev": "6.2.0.20141",
    "BuildCur": "6.2.0.20157",
    "RecordCountPrev": 3793,
    "RecordCountCur": 3793,
    "MatchCount": 3793,
    "MatchCountPercent": 100.0
  },
  {
    "BuildPrev": "6.2.0.20157",
    "BuildCur": "6.2.0.20173",
    "RecordCountPrev": 3793,
    "RecordCountCur": 3793,
    "MatchCount": 3793,
    "MatchCountPercent": 100.0
  },
  {
    "BuildPrev": "6.2.0.20173",
    "BuildCur": "6.2.0.20182",
    "RecordCountPrev": 3793,
    "RecordCountCur": 3793,
    "MatchCount": 3793,
    "MatchCountPercent": 100.0
  },
  {
    "BuildPrev": "6.2.0.20182",
    "BuildCur": "6.2.0.20201",
    "RecordCountPrev": 3793,
    "RecordCountCur": 3793,
    "MatchCount": 3793,
    "MatchCountPercent": 100.0
  },
  {
    "BuildPrev": "6.2.0.20201",
    "BuildCur": "6.2.0.20216",
    "RecordCountPrev": 3793,
    "RecordCountCur": 3793,
    "MatchCount": 3793,
    "MatchCountPercent": 100.0
  },
  {
    "BuildPrev": "6.2.0.20216",
    "BuildCur": "6.2.0.20253",
    "RecordCountPrev": 3793,
    "RecordCountCur": 3793,
    "MatchCount": 3793,
    "MatchCountPercent": 100.0
  },
  {
    "BuildPrev": "6.2.0.20253",
    "BuildCur": "6.2.1.20271",
    "RecordCountPrev": 3793,
    "RecordCountCur": 3793,
    "MatchCount": 3787,
    "MatchCountPercent": 99.8418
  },
  {
    "BuildPrev": "6.2.1.20271",
    "BuildCur": "6.2.0.20318",
    "RecordCountPrev": 3793,
    "RecordCountCur": 3793,
    "MatchCount": 3787,
    "MatchCountPercent": 99.8418
  },
  {
    "BuildPrev": "6.2.0.20318",
    "BuildCur": "6.2.1.20328",
    "RecordCountPrev": 3793,
    "RecordCountCur": 3795,
    "MatchCount": 3787,
    "MatchCountPercent": 99.8418
  },
  {
    "BuildPrev": "6.2.1.20328",
    "BuildCur": "6.2.0.20338",
    "RecordCountPrev": 3795,
    "RecordCountCur": 3793,
    "MatchCount": 3787,
    "MatchCountPercent": 99.7892
  },
  {
    "BuildPrev": "6.2.0.20338",
    "BuildCur": "6.2.1.20363",
    "RecordCountPrev": 3793,
    "RecordCountCur": 3795,
    "MatchCount": 3787,
    "MatchCountPercent": 99.8418
  },
  {
    "BuildPrev": "6.2.1.20363",
    "BuildCur": "6.2.2.20395",
    "RecordCountPrev": 3795,
    "RecordCountCur": 3795,
    "MatchCount": 3795,
    "MatchCountPercent": 100.0
  },
  {
    "BuildPrev": "6.2.2.20395",
    "BuildCur": "6.2.2.20426",
    "RecordCountPrev": 3795,
    "RecordCountCur": 3795,
    "MatchCount": 3795,
    "MatchCountPercent": 100.0
  },
  {
    "BuildPrev": "6.2.2.20426",
    "BuildCur": "6.2.2.20438",
    "RecordCountPrev": 3795,
    "RecordCountCur": 3795,
    "MatchCount": 3795,
    "MatchCountPercent": 100.0
  },
  {
    "BuildPrev": "6.2.2.20438",
    "BuildCur": "6.2.2.20444",
    "RecordCountPrev": 3795,
    "RecordCountCur": 3795,
    "MatchCount": 3795,
    "MatchCountPercent": 100.0
  },
  {
    "BuildPrev": "6.2.2.20444",
    "BuildCur": "6.2.2.20490",
    "RecordCountPrev": 3795,
    "RecordCountCur": 3795,
    "MatchCount": 3795,
    "MatchCountPercent": 100.0
  },
  {
    "BuildPrev": "6.2.2.20490",
    "BuildCur": "6.2.2.20574",
    "RecordCountPrev": 3795,
    "RecordCountCur": 3795,
    "MatchCount": 3795,
    "MatchCountPercent": 100.0
  },
  {
    "BuildPrev": "6.2.2.20574",
    "BuildCur": "6.2.3.20601",
    "RecordCountPrev": 3795,
    "RecordCountCur": 3795,
    "MatchCount": 3795,
    "MatchCountPercent": 100.0
  },
  {
    "BuildPrev": "6.2.3.20601",
    "BuildCur": "6.2.3.20655",
    "RecordCountPrev": 3795,
    "RecordCountCur": 3795,
    "MatchCount": 3795,
    "MatchCountPercent": 100.0
  },
  {
    "BuildPrev": "6.2.3.20655",
    "BuildCur": "6.2.3.20691",
    "RecordCountPrev": 3795,
    "RecordCountCur": 3795,
    "MatchCount": 3795,
    "MatchCountPercent": 100.0
  },
  {
    "BuildPrev": "6.2.3.20691",
    "BuildCur": "6.2.3.20716",
    "RecordCountPrev": 3795,
    "RecordCountCur": 3795,
    "MatchCount": 3795,
    "MatchCountPercent": 100.0
  },
  {
    "BuildPrev": "6.2.3.20716",
    "BuildCur": "6.2.3.20726",
    "RecordCountPrev": 3795,
    "RecordCountCur": 3795,
    "MatchCount": 3795,
    "MatchCountPercent": 100.0
  },
  {
    "BuildPrev": "6.2.3.20726",
    "BuildCur": "6.2.4.21028",
    "RecordCountPrev": 3795,
    "RecordCountCur": 3795,
    "MatchCount": 3795,
    "MatchCountPercent": 100.0
  },
  {
    "BuildPrev": "6.2.4.21028",
    "BuildCur": "6.2.4.21047",
    "RecordCountPrev": 3795,
    "RecordCountCur": 3795,
    "MatchCount": 3795,
    "MatchCountPercent": 100.0
  },
  {
    "BuildPrev": "6.2.4.21047",
    "BuildCur": "6.2.4.21105",
    "RecordCountPrev": 3795,
    "RecordCountCur": 3795,
    "MatchCount": 3795,
    "MatchCountPercent": 100.0
  },
  {
    "BuildPrev": "6.2.4.21105",
    "BuildCur": "6.2.4.21160",
    "RecordCountPrev": 3795,
    "RecordCountCur": 3795,
    "MatchCount": 3795,
    "MatchCountPercent": 100.0
  },
  {
    "BuildPrev": "6.2.4.21160",
    "BuildCur": "6.2.4.21210",
    "RecordCountPrev": 3795,
    "RecordCountCur": 3795,
    "MatchCount": 3795,
    "MatchCountPercent": 100.0
  },
  {
    "BuildPrev": "6.2.4.21210",
    "BuildCur": "6.2.4.21220",
    "RecordCountPrev": 3795,
    "RecordCountCur": 3795,
    "MatchCount": 3795,
    "MatchCountPercent": 100.0
  },
  {
    "BuildPrev": "6.2.4.21220",
    "BuildCur": "6.2.4.21253",
    "RecordCountPrev": 3795,
    "RecordCountCur": 3795,
    "MatchCount": 3795,
    "MatchCountPercent": 100.0
  },
  {
    "BuildPrev": "6.2.4.21253",
    "BuildCur": "6.2.4.21274",
    "RecordCountPrev": 3795,
    "RecordCountCur": 3795,
    "MatchCount": 3795,
    "MatchCountPercent": 100.0
  },
  {
    "BuildPrev": "6.2.4.21274",
    "BuildCur": "6.2.4.21315",
    "RecordCountPrev": 3795,
    "RecordCountCur": 3795,
    "MatchCount": 3795,
    "MatchCountPercent": 100.0
  },
  {
    "BuildPrev": "6.2.4.21315",
    "BuildCur": "6.2.4.21336",
    "RecordCountPrev": 3795,
    "RecordCountCur": 3795,
    "MatchCount": 3795,
    "MatchCountPercent": 100.0
  },
  {
    "BuildPrev": "6.2.4.21336",
    "BuildCur": "6.2.4.21355",
    "RecordCountPrev": 3795,
    "RecordCountCur": 3795,
    "MatchCount": 3795,
    "MatchCountPercent": 100.0
  },
  {
    "BuildPrev": "6.2.4.21355",
    "BuildCur": "6.2.4.21676",
    "RecordCountPrev": 3795,
    "RecordCountCur": 3795,
    "MatchCount": 3795,
    "MatchCountPercent": 100.0
  },
  {
    "BuildPrev": "6.2.4.21676",
    "BuildCur": "6.2.4.21742",
    "RecordCountPrev": 3795,
    "RecordCountCur": 3795,
    "MatchCount": 3795,
    "MatchCountPercent": 100.0
  }
]