[
  {
    "BuildPrev": "3.0.1.8622",
    "BuildCur": "3.0.1.8634",
    "RecordCountPrev": 146,
    "RecordCountCur": 147,
    "MatchCount": 146,
    "MatchCountPercent": 100.0
  },
  {
    "BuildPrev": "3.0.1.8634",
    "BuildCur": "3.0.1.8681",
    "RecordCountPrev": 147,
    "RecordCountCur": 152,
    "MatchCount": 147,
    "MatchCountPercent": 100.0
  },
  {
    "BuildPrev": "3.0.1.8681",
    "BuildCur": "3.0.1.8714",
    "RecordCountPrev": 152,
    "RecordCountCur": 152,
    "MatchCount": 152,
    "MatchCountPercent": 100.0
  },
  {
    "BuildPrev": "3.0.1.8714",
    "BuildCur": "3.0.1.8770",
    "RecordCountPrev": 152,
    "RecordCountCur": 200,
    "MatchCount": 150,
    "MatchCountPercent": 98.6842
  },
  {
    "BuildPrev": "3.0.1.8770",
    "BuildCur": "3.0.1.8788",
    "RecordCountPrev": 200,
    "RecordCountCur": 201,
    "MatchCount": 200,
    "MatchCountPercent": 100.0
  },
  {
    "BuildPrev": "3.0.1.8788",
    "BuildCur": "3.0.1.8820",
    "RecordCountPrev": 201,
    "RecordCountCur": 214,
    "MatchCount": 201,
    "MatchCountPercent": 100.0
  },
  {
    "BuildPrev": "3.0.1.8820",
    "BuildCur": "3.0.1.8874",
    "RecordCountPrev": 214,
    "RecordCountCur": 214,
    "MatchCount": 214,
    "MatchCountPercent": 100.0
  },
  {
    "BuildPrev": "3.0.1.8874",
    "BuildCur": "3.0.1.8885",
    "RecordCountPrev": 214,
    "RecordCountCur": 224,
    "MatchCount": 212,
    "MatchCountPercent": 99.0654
  },
  {
    "BuildPrev": "3.0.1.8885",
    "BuildCur": "3.0.2.9056",
    "RecordCountPrev": 224,
    "RecordCountCur": 255,
    "MatchCount": 218,
    "MatchCountPercent": 97.3214
  },
  {
    "BuildPrev": "3.0.2.9056",
    "BuildCur": "3.0.3.9183",
    "RecordCountPrev": 255,
    "RecordCountCur": 257,
    "MatchCount": 255,
    "MatchCountPercent": 100.0
  },
  {
    "BuildPrev": "3.0.3.9183",
    "BuildCur": "3.0.8.9464",
    "RecordCountPrev": 257,
    "RecordCountCur": 262,
    "MatchCount": 254,
    "MatchCountPercent": 98.8327
  },
  {
    "BuildPrev": "3.0.8.9464",
    "BuildCur": "3.0.8.9506",
    "RecordCountPrev": 262,
    "RecordCountCur": 262,
    "MatchCount": 262,
    "MatchCountPercent": 100.0
  },
  {
    "BuildPrev": "3.0.8.9506",
    "BuildCur": "3.0.9.9551",
    "RecordCountPrev": 262,
    "RecordCountCur": 262,
    "MatchCount": 261,
    "MatchCountPercent": 99.6183
  },
  {
    "BuildPrev": "3.0.9.9551",
    "BuildCur": "3.1.0.9767",
    "RecordCountPrev": 262,
    "RecordCountCur": 268,
    "MatchCount": 261,
    "MatchCountPercent": 99.6183
  },
  {
    "BuildPrev": "3.1.0.9767",
    "BuildCur": "3.1.1.9806",
    "RecordCountPrev": 268,
    "RecordCountCur": 268,
    "MatchCount": 268,
    "MatchCountPercent": 100.0
  },
  {
    "BuildPrev": "3.1.1.9806",
    "BuildCur": "3.1.1.9835",
    "RecordCountPrev": 268,
    "RecordCountCur": 268,
    "MatchCount": 268,
    "MatchCountPercent": 100.0
  },
  {
    "BuildPrev": "3.1.1.9835",
    "BuildCur": "3.1.2.9901",
    "RecordCountPrev": 268,
    "RecordCountCur": 269,
    "MatchCount": 268,
    "MatchCountPercent": 100.0
  },
  {
    "BuildPrev": "3.1.2.9901",
    "BuildCur": "3.1.3.9947",
    "RecordCountPrev": 269,
    "RecordCountCur": 269,
    "MatchCount": 269,
    "MatchCountPercent": 100.0
  },
  {
    "BuildPrev": "3.1.3.9947",
    "BuildCur": "3.2.0.10192",
    "RecordCountPrev": 269,
    "RecordCountCur": 273,
    "MatchCount": 269,
    "MatchCountPercent": 100.0
  },
  {
    "BuildPrev": "3.2.0.10192",
    "BuildCur": "3.2.0.10314",
    "RecordCountPrev": 273,
    "RecordCountCur": 273,
    "MatchCount": 273,
    "MatchCountPercent": 100.0
  },
  {
    "BuildPrev": "3.2.0.10314",
    "BuildCur": "3.2.2.10482",
    "RecordCountPrev": 273,
    "RecordCountCur": 274,
    "MatchCount": 273,
    "MatchCountPercent": 100.0
  },
  {
    "BuildPrev": "3.2.2.10482",
    "BuildCur": "3.2.2.10505",
    "RecordCountPrev": 274,
    "RecordCountCur": 274,
    "MatchCount": 274,
    "MatchCountPercent": 100.0
  },
  {
    "BuildPrev": "3.2.2.10505",
    "BuildCur": "3.3.0.10958",
    "RecordCountPrev": 274,
    "RecordCountCur": 279,
    "MatchCount": 269,
    "MatchCountPercent": 98.1752
  },
  {
    "BuildPrev": "3.3.0.10958",
    "BuildCur": "3.3.0.11159",
    "RecordCountPrev": 279,
    "RecordCountCur": 279,
    "MatchCount": 279,
    "MatchCountPercent": 100.0
  },
  {
    "BuildPrev": "3.3.0.11159",
    "BuildCur": "3.3.2.11403",
    "RecordCountPrev": 279,
    "RecordCountCur": 281,
    "MatchCount": 279,
    "MatchCountPercent": 100.0
  },
  {
    "BuildPrev": "3.3.2.11403",
    "BuildCur": "3.3.3.11685",
    "RecordCountPrev": 281,
    "RecordCountCur": 290,
    "MatchCount": 281,
    "MatchCountPercent": 100.0
  },
  {
    "BuildPrev": "3.3.3.11685",
    "BuildCur": "3.3.3.11723",
    "RecordCountPrev": 290,
    "RecordCountCur": 290,
    "MatchCount": 290,
    "MatchCountPercent": 100.0
  },
  {
    "BuildPrev": "3.3.3.11723",
    "BuildCur": "3.3.5.12213",
    "RecordCountPrev": 290,
    "RecordCountCur": 291,
    "MatchCount": 290,
    "MatchCountPercent": 100.0
  },
  {
    "BuildPrev": "3.3.5.12213",
    "BuildCur": "3.3.5.12340",
    "RecordCountPrev": 291,
    "RecordCountCur": 291,
    "MatchCount": 291,
    "MatchCountPercent": 100.0
  },
  {
    "BuildPrev": "3.3.5.12340",
    "BuildCur": "4.0.0.11927",
    "RecordCountPrev": 291,
    "RecordCountCur": 471,
    "MatchCount": 288,
    "MatchCountPercent": 98.9691
  },
  {
    "BuildPrev": "4.0.0.11927",
    "BuildCur": "4.0.0.12025",
    "RecordCountPrev": 471,
    "RecordCountCur": 484,
    "MatchCount": 469,
    "MatchCountPercent": 99.5754
  },
  {
    "BuildPrev": "4.0.0.12025",
    "BuildCur": "4.0.0.12065",
    "RecordCountPrev": 484,
    "RecordCountCur": 491,
    "MatchCount": 484,
    "MatchCountPercent": 100.0
  },
  {
    "BuildPrev": "4.0.0.12065",
    "BuildCur": "4.0.0.12122",
    "RecordCountPrev": 491,
    "RecordCountCur": 501,
    "MatchCount": 490,
    "MatchCountPercent": 99.7963
  },
  {
    "BuildPrev": "4.0.0.12122",
    "BuildCur": "4.0.0.12164",
    "RecordCountPrev": 501,
    "RecordCountCur": 506,
    "MatchCount": 501,
    "MatchCountPercent": 100.0
  },
  {
    "BuildPrev": "4.0.0.12164",
    "BuildCur": "4.0.0.12232",
    "RecordCountPrev": 506,
    "RecordCountCur": 518,
    "MatchCount": 504,
    "MatchCountPercent": 99.6047
  },
  {
    "BuildPrev": "4.0.0.12232",
    "BuildCur": "4.0.0.12266",
    "RecordCountPrev": 518,
    "RecordCountCur": 531,
    "MatchCount": 516,
    "MatchCountPercent": 99.6139
  },
  {
    "BuildPrev": "4.0.0.12266",
    "BuildCur": "4.0.0.12319",
    "RecordCountPrev": 531,
    "RecordCountCur": 538,
    "MatchCount": 529,
    "MatchCountPercent": 99.6234
  },
  {
    "BuildPrev": "4.0.0.12319",
    "BuildCur": "4.0.0.12911",
    "RecordCountPrev": 538,
    "RecordCountCur": 645,
    "MatchCount": 533,
    "MatchCountPercent": 99.0706
  },
  {
    "BuildPrev": "4.0.0.12911",
    "BuildCur": "4.0.1.13164",
    "RecordCountPrev": 645,
    "RecordCountCur": 645,
    "MatchCount": 645,
    "MatchCountPercent": 100.0
  },
  {
    "BuildPrev": "4.0.1.13164",
    "BuildCur": "",
    "RecordCountPrev": 645,
    "RecordCountCur": 645,
    "MatchCount": 645,
    "MatchCountPercent": 100.0
  },
  {
    "BuildPrev": "",
    "BuildCur": "4.0.3.13287",
    "RecordCountPrev": 645,
    "RecordCountCur": 645,
    "MatchCount": 645,
    "MatchCountPercent": 100.0
  },
  {
    "BuildPrev": "4.0.3.13287",
    "BuildCur": "",
    "RecordCountPrev": 645,
    "RecordCountCur": 645,
    "MatchCount": 645,
    "MatchCountPercent": 100.0
  },
  {
    "BuildPrev": "",
    "BuildCur": "4.0.6.13596",
    "RecordCountPrev": 645,
    "RecordCountCur": 645,
    "MatchCount": 645,
    "MatchCountPercent": 100.0
  },
  {
    "BuildPrev": "4.0.6.13596",
    "BuildCur": "",
    "RecordCountPrev": 645,
    "RecordCountCur": 749,
    "MatchCount": 638,
    "MatchCountPercent": 98.9147
  },
  {
    "BuildPrev": "",
    "BuildCur": "4.1.0.13914",
    "RecordCountPrev": 749,
    "RecordCountCur": 772,
    "MatchCount": 749,
    "MatchCountPercent": 100.0
  },
  {
    "BuildPrev": "4.1.0.13914",
    "BuildCur": "",
    "RecordCountPrev": 772,
    "RecordCountCur": 772,
    "MatchCount": 772,
    "MatchCountPercent": 100.0
  },
  {
    "BuildPrev": "",
    "BuildCur": "4.2.0.14333",
    "RecordCountPrev": 772,
    "RecordCountCur": 810,
    "MatchCount": 768,
    "MatchCountPercent": 99.4819
  },
  {
    "BuildPrev": "4.2.0.14333",
    "BuildCur": "",
    "RecordCountPrev": 810,
    "RecordCountCur": 645,
    "MatchCount": 637,
    "MatchCountPercent": 78.642
  },
  {
    "BuildPrev": "",
    "BuildCur": "4.2.2.14545",
    "RecordCountPrev": 645,
    "RecordCountCur": 810,
    "MatchCount": 637,
    "MatchCountPercent": 98.7597
  },
  {
    "BuildPrev": "4.2.2.14545",
    "BuildCur": "4.3.0.15005",
    "RecordCountPrev": 810,
    "RecordCountCur": 810,
    "MatchCount": 810,
    "MatchCountPercent": 100.0
  },
  {
    "BuildPrev": "4.3.0.15005",
    "BuildCur": "",
    "RecordCountPrev": 810,
    "RecordCountCur": 810,
    "MatchCount": 810,
    "MatchCountPercent": 100.0
  },
  {
    "BuildPrev": "",
    "BuildCur": "4.3.2.15211",
    "RecordCountPrev": 810,
    "RecordCountCur": 830,
    "MatchCount": 809,
    "MatchCountPercent": 99.8765
  },
  {
    "BuildPrev": "4.3.2.15211",
    "BuildCur": "4.3.3.15354",
    "RecordCountPrev": 830,
    "RecordCountCur": 830,
    "MatchCount": 830,
    "MatchCountPercent": 100.0
  },
  {
    "BuildPrev": "4.3.3.15354",
    "BuildCur": "4.3.4.15595",
    "RecordCountPrev": 830,
    "RecordCountCur": 830,
    "MatchCount": 830,
    "MatchCountPercent": 100.0
  },
  {
    "BuildPrev": "4.3.4.15595",
    "BuildCur": "5.0.1.15464",
    "RecordCountPrev": 830,
    "RecordCountCur": 1035,
    "MatchCount": 830,
    "MatchCountPercent": 100.0
  },
  {
    "BuildPrev": "5.0.1.15464",
    "BuildCur": "5.0.1.15508",
    "RecordCountPrev": 1035,
    "RecordCountCur": 1046,
    "MatchCount": 1035,
    "MatchCountPercent": 100.0
  },
  {
    "BuildPrev": "5.0.1.15508",
    "BuildCur": "5.0.1.15544",
    "RecordCountPrev": 1046,
    "RecordCountCur": 1050,
    "MatchCount": 1046,
    "MatchCountPercent": 100.0
  },
  {
    "BuildPrev": "5.0.1.15544",
    "BuildCur": "5.0.1.15589",
    "RecordCountPrev": 1050,
    "RecordCountCur": 1060,
    "MatchCount": 1050,
    "MatchCountPercent": 100.0
  },
  {
    "BuildPrev": "5.0.1.15589",
    "BuildCur": "5.0.1.15640",
    "RecordCountPrev": 1060,
    "RecordCountCur": 1035,
    "MatchCount": 1035,
    "MatchCountPercent": 97.6415
  },
  {
    "BuildPrev": "5.0.1.15640",
    "BuildCur": "5.0.1.15650",
    "RecordCountPrev": 1035,
    "RecordCountCur": 1086,
    "MatchCount": 1031,
    "MatchCountPercent": 99.6135
  },
  {
    "BuildPrev": "5.0.1.15650",
    "BuildCur": "5.0.1.15657",
    "RecordCountPrev": 1086,
    "RecordCountCur": 1092,
    "MatchCount": 1085,
    "MatchCountPercent": 99.9079
  },
  {
    "BuildPrev": "5.0.1.15657",
    "BuildCur": "5.0.1.15662",
    "RecordCountPrev": 1092,
    "RecordCountCur": 1035,
    "MatchCount": 1031,
    "MatchCountPercent": 94.4139
  },
  {
    "BuildPrev": "5.0.1.15662",
    "BuildCur": "5.0.1.15668",
    "RecordCountPrev": 1035,
    "RecordCountCur": 1102,
    "MatchCount": 1031,
    "MatchCountPercent": 99.6135
  },
  {
    "BuildPrev": "5.0.1.15668",
    "BuildCur": "5.0.1.15677",
    "RecordCountPrev": 1102,
    "RecordCountCur": 1105,
    "MatchCount": 1099,
    "MatchCountPercent": 99.7278
  },
  {
    "BuildPrev": "5.0.1.15677",
    "BuildCur": "5.0.1.15689",
    "RecordCountPrev": 1105,
    "RecordCountCur": 1113,
    "MatchCount": 1105,
    "MatchCountPercent": 100.0
  },
  {
    "BuildPrev": "5.0.1.15689",
    "BuildCur": "5.0.1.15699",
    "RecordCountPrev": 1113,
    "RecordCountCur": 1119,
    "MatchCount": 1111,
    "MatchCountPercent": 99.8203
  },
  {
    "BuildPrev": "5.0.1.15699",
    "BuildCur": "5.0.1.15726",
    "RecordCountPrev": 1119,
    "RecordCountCur": 1124,
    "MatchCount": 1116,
    "MatchCountPercent": 99.7319
  },
  {
    "BuildPrev": "5.0.1.15726",
    "BuildCur": "5.0.1.15739",
    "RecordCountPrev": 1124,
    "RecordCountCur": 1128,
    "MatchCount": 1118,
    "MatchCountPercent": 99.4662
  },
  {
    "BuildPrev": "5.0.1.15739",
    "BuildCur": "5.0.1.15752",
    "RecordCountPrev": 1128,
    "RecordCountCur": 1133,
    "MatchCount": 1127,
    "MatchCountPercent": 99.9114
  },
  {
    "BuildPrev": "5.0.1.15752",
    "BuildCur": "5.0.1.15762",
    "RecordCountPrev": 1133,
    "RecordCountCur": 1137,
    "MatchCount": 1131,
    "MatchCountPercent": 99.8235
  },
  {
    "BuildPrev": "5.0.1.15762",
    "BuildCur": "5.0.1.15781",
    "RecordCountPrev": 1137,
    "RecordCountCur": 1144,
    "MatchCount": 1135,
    "MatchCountPercent": 99.8241
  },
  {
    "BuildPrev": "5.0.1.15781",
    "BuildCur": "5.0.1.15799",
    "RecordCountPrev": 1144,
    "RecordCountCur": 1151,
    "MatchCount": 1140,
    "MatchCountPercent": 99.6503
  },
  {
    "BuildPrev": "5.0.1.15799",
    "BuildCur": "5.0.4.15890",
    "RecordCountPrev": 1151,
    "RecordCountCur": 1180,
    "MatchCount": 1143,
    "MatchCountPercent": 99.305
  },
  {
    "BuildPrev": "5.0.4.15890",
    "BuildCur": "5.0.4.16016",
    "RecordCountPrev": 1180,
    "RecordCountCur": 1198,
    "MatchCount": 1166,
    "MatchCountPercent": 98.8136
  },
  {
    "BuildPrev": "5.0.4.16016",
    "BuildCur": "5.0.5.16048",
    "RecordCountPrev": 1198,
    "RecordCountCur": 1200,
    "MatchCount": 1198,
    "MatchCountPercent": 100.0
  },
  {
    "BuildPrev": "5.0.5.16048",
    "BuildCur": "5.0.5.16057",
    "RecordCountPrev": 1200,
    "RecordCountCur": 1200,
    "MatchCount": 1200,
    "MatchCountPercent": 100.0
  },
  {
    "BuildPrev": "5.0.5.16057",
    "BuildCur": "5.1.0.16309",
    "RecordCountPrev": 1200,
    "RecordCountCur": 1257,
    "MatchCount": 1197,
    "MatchCountPercent": 99.75
  },
  {
    "BuildPrev": "5.1.0.16309",
    "BuildCur": "",
    "RecordCountPrev": 1257,
    "RecordCountCur": 1257,
    "MatchCount": 1257,
    "MatchCountPercent": 100.0
  },
  {
    "BuildPrev": "",
    "BuildCur": "5.2.0.16516",
    "RecordCountPrev": 1257,
    "RecordCountCur": 1286,
    "MatchCount": 1256,
    "MatchCountPercent": 99.9205
  },
  {
    "BuildPrev": "5.2.0.16516",
    "BuildCur": "5.2.0.16650",
    "RecordCountPrev": 1286,
    "RecordCountCur": 1289,
    "MatchCount": 1286,
    "MatchCountPercent": 100.0
  },
  {
    "BuildPrev": "5.2.0.16650",
    "BuildCur": "5.3.0.16844",
    "RecordCountPrev": 1289,
    "RecordCountCur": 1299,
    "MatchCount": 1283,
    "MatchCountPercent": 99.5345
  },
  {
    "BuildPrev": "5.3.0.16844",
    "BuildCur": "5.3.0.16965",
    "RecordCountPrev": 1299,
    "RecordCountCur": 1299,
    "MatchCount": 1299,
    "MatchCountPercent": 100.0
  },
  {
    "BuildPrev": "5.3.0.16965",
    "BuildCur": "5.3.0.17116",
    "RecordCountPrev": 1299,
    "RecordCountCur": 1299,
    "MatchCount": 1299,
    "MatchCountPercent": 100.0
  },
  {
    "BuildPrev": "5.3.0.17116",
    "BuildCur": "5.4.0.17266",
    "RecordCountPrev": 1299,
    "RecordCountCur": 1308,
    "MatchCount": 1297,
    "MatchCountPercent": 99.846
  },
  {
    "BuildPrev": "5.4.0.17266",
    "BuildCur": "5.4.0.17325",
    "RecordCountPrev": 1308,
    "RecordCountCur": 1309,
    "MatchCount": 1308,
    "MatchCountPercent": 100.0
  },
  {
    "BuildPrev": "5.4.0.17325",
    "BuildCur": "5.4.0.17345",
    "RecordCountPrev": 1309,
    "RecordCountCur": 1309,
    "MatchCount": 1309,
    "MatchCountPercent": 100.0
  },
  {
    "BuildPrev": "5.4.0.17345",
    "BuildCur": "5.4.1.17520",
    "RecordCountPrev": 1309,
    "RecordCountCur": 1309,
    "MatchCount": 1309,
    "MatchCountPercent": 100.0
  },
  {
    "BuildPrev": "5.4.1.17520",
    "BuildCur": "5.4.1.17538",
    "RecordCountPrev": 1309,
    "RecordCountCur": 1309,
    "MatchCount": 1309,
    "MatchCountPercent": 100.0
  },
  {
    "BuildPrev": "5.4.1.17538",
    "BuildCur": "5.4.2.17645",
    "RecordCountPrev": 1309,
    "RecordCountCur": 1310,
    "MatchCount": 1309,
    "MatchCountPercent": 100.0
  },
  {
    "BuildPrev": "5.4.2.17645",
    "BuildCur": "5.4.2.17688",
    "RecordCountPrev": 1310,
    "RecordCountCur": 1310,
    "MatchCount": 1310,
    "MatchCountPercent": 100.0
  },
  {
    "BuildPrev": "5.4.2.17688",
    "BuildCur": "5.4.7.17898",
    "RecordCountPrev": 1310,
    "RecordCountCur": 1310,
    "MatchCount": 1310,
    "MatchCountPercent": 100.0
  },
  {
    "BuildPrev": "5.4.7.17898",
    "BuildCur": "5.4.8.18273",
    "RecordCountPrev": 1310,
    "RecordCountCur": 1310,
    "MatchCount": 1310,
    "MatchCountPercent": 100.0
  },
  {
    "BuildPrev": "5.4.8.18273",
    "BuildCur": "6.0.1.18125",
    "RecordCountPrev": 1310,
    "RecordCountCur": 1502,
    "MatchCount": 1310,
    "MatchCountPercent": 100.0
  },
  {
    "BuildPrev": "6.0.1.18125",
    "BuildCur": "6.0.1.18156",
    "RecordCountPrev": 1502,
    "RecordCountCur": 1518,
    "MatchCount": 1502,
    "MatchCountPercent": 100.0
  },
  {
    "BuildPrev": "6.0.1.18156",
    "BuildCur": "6.0.1.18164",
    "RecordCountPrev": 1518,
    "RecordCountCur": 1521,
    "MatchCount": 1518,
    "MatchCountPercent": 100.0
  },
  {
    "BuildPrev": "6.0.1.18164",
    "BuildCur": "6.0.1.18179",
    "RecordCountPrev": 1521,
    "RecordCountCur": 1526,
    "MatchCount": 1519,
    "MatchCountPercent": 99.8685
  },
  {
    "BuildPrev": "6.0.1.18179",
    "BuildCur": "6.0.1.18297",
    "RecordCountPrev": 1526,
    "RecordCountCur": 1585,
    "MatchCount": 1524,
    "MatchCountPercent": 99.8689
  },
  {
    "BuildPrev": "6.0.1.18297",
    "BuildCur": "6.0.1.18322",
    "RecordCountPrev": 1585,
    "RecordCountCur": 1605,
    "MatchCount": 1582,
    "MatchCountPercent": 99.8107
  },
  {
    "BuildPrev": "6.0.1.18322",
    "BuildCur": "6.0.1.18379",
    "RecordCountPrev": 1605,
    "RecordCountCur": 1628,
    "MatchCount": 1594,
    "MatchCountPercent": 99.3146
  },
  {
    "BuildPrev": "6.0.1.18379",
    "BuildCur": "6.0.1.18443",
    "RecordCountPrev": 1628,
    "RecordCountCur": 1647,
    "MatchCount": 1621,
    "MatchCountPercent": 99.57
  },
  {
    "BuildPrev": "6.0.1.18443",
    "BuildCur": "6.0.1.18471",
    "RecordCountPrev": 1647,
    "RecordCountCur": 1654,
    "MatchCount": 1645,
    "MatchCountPercent": 99.8786
  },
  {
    "BuildPrev": "6.0.1.18471",
    "BuildCur": "6.0.1.18505",
    "RecordCountPrev": 1654,
    "RecordCountCur": 1666,
    "MatchCount": 1648,
    "MatchCountPercent": 99.6372
  },
  {
    "BuildPrev": "6.0.1.18505",
    "BuildCur": "6.0.1.18522",
    "RecordCountPrev": 1666,
    "RecordCountCur": 1673,
    "MatchCount": 1663,
    "MatchCountPercent": 99.8199
  },
  {
    "BuildPrev": "6.0.1.18522",
    "BuildCur": "6.0.1.18537",
    "RecordCountPrev": 1673,
    "RecordCountCur": 1681,
    "MatchCount": 1670,
    "MatchCountPercent": 99.8207
  },
  {
    "BuildPrev": "6.0.1.18537",
    "BuildCur": "6.0.1.18566",
    "RecordCountPrev": 1681,
    "RecordCountCur": 1703,
    "MatchCount": 1677,
    "MatchCountPercent": 99.7621
  },
  {
    "BuildPrev": "6.0.1.18566",
    "BuildCur": "6.0.1.18594",
    "RecordCountPrev": 1703,
    "RecordCountCur": 1753,
    "MatchCount": 1701,
    "MatchCountPercent": 99.8826
  },
  {
    "BuildPrev": "6.0.1.18594",
    "BuildCur": "6.0.1.18645",
    "RecordCountPrev": 1753,
    "RecordCountCur": 1753,
    "MatchCount": 1753,
    "MatchCountPercent": 100.0
  },
  {
    "BuildPrev": "6.0.1.18645",
    "BuildCur": "6.0.1.18663",
    "RecordCountPrev": 1753,
    "RecordCountCur": 1773,
    "MatchCount": 1738,
    "MatchCountPercent": 99.1443
  },
  {
    "BuildPrev": "6.0.1.18663",
    "BuildCur": "6.0.1.18685",
    "RecordCountPrev": 1773,
    "RecordCountCur": 1773,
    "MatchCount": 1773,
    "MatchCountPercent": 100.0
  },
  {
    "BuildPrev": "6.0.1.18685",
    "BuildCur": "6.0.1.18689",
    "RecordCountPrev": 1773,
    "RecordCountCur": 1775,
    "MatchCount": 1772,
    "MatchCountPercent": 99.9436
  },
  {
    "BuildPrev": "6.0.1.18689",
    "BuildCur": "6.0.1.18716",
    "RecordCountPrev": 1775,
    "RecordCountCur": 1777,
    "MatchCount": 1770,
    "MatchCountPercent": 99.7183
  },
  {
    "BuildPrev": "6.0.1.18716",
    "BuildCur": "6.0.1.18738",
    "RecordCountPrev": 1777,
    "RecordCountCur": 1814,
    "MatchCount": 1773,
    "MatchCountPercent": 99.7749
  },
  {
    "BuildPrev": "6.0.1.18738",
    "BuildCur": "6.0.2.18764",
    "RecordCountPrev": 1814,
    "RecordCountCur": 1820,
    "MatchCount": 1809,
    "MatchCountPercent": 99.7244
  },
  {
    "BuildPrev": "6.0.2.18764",
    "BuildCur": "6.0.1.18803",
    "RecordCountPrev": 1820,
    "RecordCountCur": 1820,
    "MatchCount": 1819,
    "MatchCountPercent": 99.9451
  },
  {
    "BuildPrev": "6.0.1.18803",
    "BuildCur": "6.0.2.18816",
    "RecordCountPrev": 1820,
    "RecordCountCur": 1839,
    "MatchCount": 1817,
    "MatchCountPercent": 99.8352
  },
  {
    "BuildPrev": "6.0.2.18816",
    "BuildCur": "6.0.2.18833",
    "RecordCountPrev": 1839,
    "RecordCountCur": 1839,
    "MatchCount": 1839,
    "MatchCountPercent": 100.0
  },
  {
    "BuildPrev": "6.0.2.18833",
    "BuildCur": "6.0.2.18837",
    "RecordCountPrev": 1839,
    "RecordCountCur": 1839,
    "MatchCount": 1833,
    "MatchCountPercent": 99.6737
  },
  {
    "BuildPrev": "6.0.2.18837",
    "BuildCur": "6.0.2.18838",
    "RecordCountPrev": 1839,
    "RecordCountCur": 1839,
    "MatchCount": 1839,
    "MatchCountPercent": 100.0
  },
  {
    "BuildPrev": "6.0.2.18838",
    "BuildCur": "6.0.2.18848",
    "RecordCountPrev": 1839,
    "RecordCountCur": 1839,
    "MatchCount": 1839,
    "MatchCountPercent": 100.0
  },
  {
    "BuildPrev": "6.0.2.18848",
    "BuildCur": "6.0.2.18850",
    "RecordCountPrev": 1839,
    "RecordCountCur": 1842,
    "MatchCount": 1839,
    "MatchCountPercent": 100.0
  },
  {
    "BuildPrev": "6.0.2.18850",
    "BuildCur": "6.0.2.18865",
    "RecordCountPrev": 1842,
    "RecordCountCur": 1842,
    "MatchCount": 1842,
    "MatchCountPercent": 100.0
  },
  {
    "BuildPrev": "6.0.2.18865",
    "BuildCur": "6.0.2.18888",
    "RecordCountPrev": 1842,
    "RecordCountCur": 1855,
    "MatchCount": 1841,
    "MatchCountPercent": 99.9457
  },
  {
    "BuildPrev": "6.0.2.18888",
    "BuildCur": "6.0.2.18898",
    "RecordCountPrev": 1855,
    "RecordCountCur": 1855,
    "MatchCount": 1854,
    "MatchCountPercent": 99.9461
  },
  {
    "BuildPrev": "6.0.2.18898",
    "BuildCur": "6.0.2.18909",
    "RecordCountPrev": 1855,
    "RecordCountCur": 1855,
    "MatchCount": 1854,
    "MatchCountPercent": 99.9461
  },
  {
    "BuildPrev": "6.0.2.18909",
    "BuildCur": "6.0.2.18912",
    "RecordCountPrev": 1855,
    "RecordCountCur": 1855,
    "MatchCount": 1854,
    "MatchCountPercent": 99.9461
  },
  {
    "BuildPrev": "6.0.2.18912",
    "BuildCur": "6.0.2.18922",
    "RecordCountPrev": 1855,
    "RecordCountCur": 1855,
    "MatchCount": 1854,
    "MatchCountPercent": 99.9461
  },
  {
    "BuildPrev": "6.0.2.18922",
    "BuildCur": "6.0.2.18927",
    "RecordCountPrev": 1855,
    "RecordCountCur": 1857,
    "MatchCount": 1855,
    "MatchCountPercent": 100.0
  },
  {
    "BuildPrev": "6.0.2.18927",
    "BuildCur": "6.0.2.18934",
    "RecordCountPrev": 1857,
    "RecordCountCur": 1857,
    "MatchCount": 1857,
    "MatchCountPercent": 100.0
  },
  {
    "BuildPrev": "6.0.2.18934",
    "BuildCur": "6.0.2.18935",
    "RecordCountPrev": 1857,
    "RecordCountCur": 1857,
    "MatchCount": 1857,
    "MatchCountPercent": 100.0
  },
  {
    "BuildPrev": "6.0.2.18935",
    "BuildCur": "6.0.2.18950",
    "RecordCountPrev": 1857,
    "RecordCountCur": 1856,
    "MatchCount": 1854,
    "MatchCountPercent": 99.8385
  },
  {
    "BuildPrev": "6.0.2.18950",
    "BuildCur": "6.0.2.18965",
    "RecordCountPrev": 1856,
    "RecordCountCur": 1856,
    "MatchCount": 1856,
    "MatchCountPercent": 100.0
  },
  {
    "BuildPrev": "6.0.2.18965",
    "BuildCur": "6.0.2.18967",
    "RecordCountPrev": 1856,
    "RecordCountCur": 1857,
    "MatchCount": 1855,
    "MatchCountPercent": 99.9461
  },
  {
    "BuildPrev": "6.0.2.18967",
    "BuildCur": "6.0.2.18973",
    "RecordCountPrev": 1857,
    "RecordCountCur": 1857,
    "MatchCount": 1857,
    "MatchCountPercent": 100.0
  },
  {
    "BuildPrev": "6.0.2.18973",
    "BuildCur": "6.0.2.18982",
    "RecordCountPrev": 1857,
    "RecordCountCur": 1857,
    "MatchCount": 1857,
    "MatchCountPercent": 100.0
  },
  {
    "BuildPrev": "6.0.2.18982",
    "BuildCur": "6.0.2.18983",
    "RecordCountPrev": 1857,
    "RecordCountCur": 1857,
    "MatchCount": 1857,
    "MatchCountPercent": 100.0
  },
  {
    "BuildPrev": "6.0.2.18983",
    "BuildCur": "6.0.2.18986",
    "RecordCountPrev": 1857,
    "RecordCountCur": 1857,
    "MatchCount": 1857,
    "MatchCountPercent": 100.0
  },
  {
    "BuildPrev": "6.0.2.18986",
    "BuildCur": "6.0.2.18988",
    "RecordCountPrev": 1857,
    "RecordCountCur": 1857,
    "MatchCount": 1857,
    "MatchCountPercent": 100.0
  },
  {
    "BuildPrev": "6.0.2.18988",
    "BuildCur": "6.0.2.18989",
    "RecordCountPrev": 1857,
    "RecordCountCur": 1857,
    "MatchCount": 1857,
    "MatchCountPercent": 100.0
  },
  {
    "BuildPrev": "6.0.2.18989",
    "BuildCur": "6.0.2.18996",
    "RecordCountPrev": 1857,
    "RecordCountCur": 1857,
    "MatchCount": 1857,
    "MatchCountPercent": 100.0
  },
  {
    "BuildPrev": "6.0.2.18996",
    "BuildCur": "6.0.2.19000",
    "RecordCountPrev": 1857,
    "RecordCountCur": 1857,
    "MatchCount": 1857,
    "MatchCountPercent": 100.0
  },
  {
    "BuildPrev": "6.0.2.19000",
    "BuildCur": "6.0.2.19005",
    "RecordCountPrev": 1857,
    "RecordCountCur": 1857,
    "MatchCount": 1857,
    "MatchCountPercent": 100.0
  },
  {
    "BuildPrev": "6.0.2.19005",
    "BuildCur": "6.0.2.19041",
    "RecordCountPrev": 1857,
    "RecordCountCur": 1857,
    "MatchCount": 1857,
    "MatchCountPercent": 100.0
  },
  {
    "BuildPrev": "6.0.2.19041",
    "BuildCur": "6.0.3.19057",
    "RecordCountPrev": 1857,
    "RecordCountCur": 1858,
    "MatchCount": 1856,
    "MatchCountPercent": 99.9461
  },
  {
    "BuildPrev": "6.0.3.19057",
    "BuildCur": "6.0.3.19078",
    "RecordCountPrev": 1858,
    "RecordCountCur": 1858,
    "MatchCount": 1858,
    "MatchCountPercent": 100.0
  },
  {
    "BuildPrev": "6.0.3.19078",
    "BuildCur": "6.0.3.19085",
    "RecordCountPrev": 1858,
    "RecordCountCur": 1858,
    "MatchCount": 1858,
    "MatchCountPercent": 100.0
  },
  {
    "BuildPrev": "6.0.3.19085",
    "BuildCur": "6.0.3.19175",
    "RecordCountPrev": 1858,
    "RecordCountCur": 1858,
    "MatchCount": 1858,
    "MatchCountPercent": 100.0
  },
  {
    "BuildPrev": "6.0.3.19175",
    "BuildCur": "6.0.3.19200",
    "RecordCountPrev": 1858,
    "RecordCountCur": 1858,
    "MatchCount": 1858,
    "MatchCountPercent": 100.0
  },
  {
    "BuildPrev": "6.0.3.19200",
    "BuildCur": "6.0.3.19342",
    "RecordCountPrev": 1858,
    "RecordCountCur": 1858,
    "MatchCount": 1858,
    "MatchCountPercent": 100.0
  },
  {
    "BuildPrev": "6.0.3.19342",
    "BuildCur": "6.1.0.19445",
    "RecordCountPrev": 1858,
    "RecordCountCur": 1861,
    "MatchCount": 0,
    "MatchCountPercent": 0.0
  },
  {
    "BuildPrev": "6.1.0.19445",
    "BuildCur": "6.1.0.19480",
    "RecordCountPrev": 1861,
    "RecordCountCur": 1862,
    "MatchCount": 1861,
    "MatchCountPercent": 100.0
  },
  {
    "BuildPrev": "6.1.0.19480",
    "BuildCur": "6.1.0.19508",
    "RecordCountPrev": 1862,
    "RecordCountCur": 1862,
    "MatchCount": 1862,
    "MatchCountPercent": 100.0
  },
  {
    "BuildPrev": "6.1.0.19508",
    "BuildCur": "6.1.0.19533",
    "RecordCountPrev": 1862,
    "RecordCountCur": 1862,
    "MatchCount": 1862,
    "MatchCountPercent": 100.0
  },
  {
    "BuildPrev": "6.1.0.19533",
    "BuildCur": "6.1.0.19551",
    "RecordCountPrev": 1862,
    "RecordCountCur": 1862,
    "MatchCount": 1862,
    "MatchCountPercent": 100.0
  },
  {
    "BuildPrev": "6.1.0.19551",
    "BuildCur": "6.1.0.19567",
    "RecordCountPrev": 1862,
    "RecordCountCur": 1862,
    "MatchCount": 1862,
    "MatchCountPercent": 100.0
  },
  {
    "BuildPrev": "6.1.0.19567",
    "BuildCur": "6.1.0.19592",
    "RecordCountPrev": 1862,
    "RecordCountCur": 1862,
    "MatchCount": 1862,
    "MatchCountPercent": 100.0
  },
  {
    "BuildPrev": "6.1.0.19592",
    "BuildCur": "6.1.0.19611",
    "RecordCountPrev": 1862,
    "RecordCountCur": 1862,
    "MatchCount": 1862,
    "MatchCountPercent": 100.0
  },
  {
    "BuildPrev": "6.1.0.19611",
    "BuildCur": "6.1.0.19622",
    "RecordCountPrev": 1862,
    "RecordCountCur": 1862,
    "MatchCount": 1862,
    "MatchCountPercent": 100.0
  },
  {
    "BuildPrev": "6.1.0.19622",
    "BuildCur": "6.1.0.19634",
    "RecordCountPrev": 1862,
    "RecordCountCur": 1862,
    "MatchCount": 1862,
    "MatchCountPercent": 100.0
  },
  {
    "BuildPrev": "6.1.0.19634",
    "BuildCur": "6.1.0.19702",
    "RecordCountPrev": 1862,
    "RecordCountCur": 1862,
    "MatchCount": 1862,
    "MatchCountPercent": 100.0
  },
  {
    "BuildPrev": "6.1.0.19702",
    "BuildCur": "6.1.2.19711",
    "RecordCountPrev": 1862,
    "RecordCountCur": 1862,
    "MatchCount": 1862,
    "MatchCountPercent": 100.0
  },
  {
    "BuildPrev": "6.1.2.19711",
    "BuildCur": "6.1.2.19728",
    "RecordCountPrev": 1862,
    "RecordCountCur": 1862,
    "MatchCount": 1862,
    "MatchCountPercent": 100.0
  },
  {
    "BuildPrev": "6.1.2.19728",
    "BuildCur": "6.1.2.19750",
    "RecordCountPrev": 1862,
    "RecordCountCur": 1862,
    "MatchCount": 1862,
    "MatchCountPercent": 100.0
  },
  {
    "BuildPrev": "6.1.2.19750",
    "BuildCur": "6.1.2.19769",
    "RecordCountPrev": 1862,
    "RecordCountCur": 1862,
    "MatchCount": 1862,
    "MatchCountPercent": 100.0
  },
  {
    "BuildPrev": "6.1.2.19769",
    "BuildCur": "6.1.2.19783",
    "RecordCountPrev": 1862,
    "RecordCountCur": 1862,
    "MatchCount": 1862,
    "MatchCountPercent": 100.0
  },
  {
    "BuildPrev": "6.1.2.19783",
    "BuildCur": "6.1.2.19793",
    "RecordCountPrev": 1862,
    "RecordCountCur": 1862,
    "MatchCount": 1862,
    "MatchCountPercent": 100.0
  },
  {
    "BuildPrev": "6.1.2.19793",
    "BuildCur": "6.1.2.19802",
    "RecordCountPrev": 1862,
    "RecordCountCur": 1862,
    "MatchCount": 1862,
    "MatchCountPercent": 100.0
  },
  {
    "BuildPrev": "6.1.2.19802",
    "BuildCur": "6.1.2.19831",
    "RecordCountPrev": 1862,
    "RecordCountCur": 1862,
    "MatchCount": 1862,
    "MatchCountPercent": 100.0
  },
  {
    "BuildPrev": "6.1.2.19831",
    "BuildCur": "6.1.2.19854",
    "RecordCountPrev": 1862,
    "RecordCountCur": 1862,
    "MatchCount": 1862,
    "MatchCountPercent": 100.0
  },
  {
    "BuildPrev": "6.1.2.19854",
    "BuildCur": "6.1.2.19865",
    "RecordCountPrev": 1862,
    "RecordCountCur": 1862,
    "MatchCount": 1862,
    "MatchCountPercent": 100.0
  },
  {
    "BuildPrev": "6.1.2.19865",
    "BuildCur": "6.2.0.19890",
    "RecordCountPrev": 1862,
    "RecordCountCur": 1893,
    "MatchCount": 1862,
    "MatchCountPercent": 100.0
  },
  {
    "BuildPrev": "6.2.0.19890",
    "BuildCur": "6.2.0.19906",
    "RecordCountPrev": 1893,
    "RecordCountCur": 1893,
    "MatchCount": 1893,
    "MatchCountPercent": 100.0
  },
  {
    "BuildPrev": "6.2.0.19906",
    "BuildCur": "6.2.0.19934",
    "RecordCountPrev": 1893,
    "RecordCountCur": 1894,
    "MatchCount": 1893,
    "MatchCountPercent": 100.0
  },
  {
    "BuildPrev": "6.2.0.19934",
    "BuildCur": "6.2.0.19953",
    "RecordCountPrev": 1894,
    "RecordCountCur": 1896,
    "MatchCount": 1894,
    "MatchCountPercent": 100.0
  },
  {
    "BuildPrev": "6.2.0.19953",
    "BuildCur": "6.2.0.19973",
    "RecordCountPrev": 1896,
    "RecordCountCur": 1898,
    "MatchCount": 1896,
    "MatchCountPercent": 100.0
  },
  {
    "BuildPrev": "6.2.0.19973",
    "BuildCur": "6.2.0.20008",
    "RecordCountPrev": 1898,
    "RecordCountCur": 1901,
    "MatchCount": 1898,
    "MatchCountPercent": 100.0
  },
  {
    "BuildPrev": "6.2.0.20008",
    "BuildCur": "6.2.0.20033",
    "RecordCountPrev": 1901,
    "RecordCountCur": 1901,
    "MatchCount": 1901,
    "MatchCountPercent": 100.0
  },
  {
    "BuildPrev": "6.2.0.20033",
    "BuildCur": "6.2.0.20051",
    "RecordCountPrev": 1901,
    "RecordCountCur": 1901,
    "MatchCount": 1901,
    "MatchCountPercent": 100.0
  },
  {
    "BuildPrev": "6.2.0.20051",
    "BuildCur": "6.2.0.20061",
    "RecordCountPrev": 1901,
    "RecordCountCur": 1901,
    "MatchCount": 1901,
    "MatchCountPercent": 100.0
  },
  {
    "BuildPrev": "6.2.0.20061",
    "BuildCur": "6.2.0.20076",
    "RecordCountPrev": 1901,
    "RecordCountCur": 1901,
    "MatchCount": 1901,
    "MatchCountPercent": 100.0
  },
  {
    "BuildPrev": "6.2.0.20076",
    "BuildCur": "6.2.0.20104",
    "RecordCountPrev": 1901,
    "RecordCountCur": 1901,
    "MatchCount": 1901,
    "MatchCountPercent": 100.0
  },
  {
    "BuildPrev": "6.2.0.20104",
    "BuildCur": "6.2.0.20111",
    "RecordCountPrev": 1901,
    "RecordCountCur": 1901,
    "MatchCount": 1901,
    "MatchCountPercent": 100.0
  },
  {
    "BuildPrev": "6.2.0.20111",
    "BuildCur": "6.2.0.20141",
    "RecordCountPrev": 1901,
    "RecordCountCur": 1901,
    "MatchCount": 1901,
    "MatchCountPercent": 100.0
  },
  {
    "BuildPrev": "6.2.0.20141",
    "BuildCur": "6.2.0.20157",
    "RecordCountPrev": 1901,
    "RecordCountCur": 1901,
    "MatchCount": 1901,
    "MatchCountPercent": 100.0
  },
  {
    "BuildPrev": "6.2.0.20157",
    "BuildCur": "6.2.0.20173",
    "RecordCountPrev": 1901,
    "RecordCountCur": 1901,
    "MatchCount": 1901,
    "MatchCountPercent": 100.0
  },
  {
    "BuildPrev": "6.2.0.20173",
    "BuildCur": "6.2.0.20182",
    "RecordCountPrev": 1901,
    "RecordCountCur": 1901,
    "MatchCount": 1901,
    "MatchCountPercent": 100.0
  },
  {
    "BuildPrev": "6.2.0.20182",
    "BuildCur": "6.2.0.20201",
    "RecordCountPrev": 1901,
    "RecordCountCur": 1901,
    "MatchCount": 1901,
    "MatchCountPercent": 100.0
  },
  {
    "BuildPrev": "6.2.0.20201",
    "BuildCur": "6.2.0.20216",
    "RecordCountPrev": 1901,
    "RecordCountCur": 1901,
    "MatchCount": 1901,
    "MatchCountPercent": 100.0
  },
  {
    "BuildPrev": "6.2.0.20216",
    "BuildCur": "6.2.0.20253",
    "RecordCountPrev": 1901,
    "RecordCountCur": 1901,
    "MatchCount": 1901,
    "MatchCountPercent": 100.0
  },
  {
    "BuildPrev": "6.2.0.20253",
    "BuildCur": "6.2.1.20271",
    "RecordCountPrev": 1901,
    "RecordCountCur": 1901,
    "MatchCount": 1901,
    "MatchCountPercent": 100.0
  },
  {
    "BuildPrev": "6.2.1.20271",
    "BuildCur": "6.2.0.20318",
    "RecordCountPrev": 1901,
    "RecordCountCur": 1901,
    "MatchCount": 1901,
    "MatchCountPercent": 100.0
  },
  {
    "BuildPrev": "6.2.0.20318",
    "BuildCur": "6.2.1.20328",
    "RecordCountPrev": 1901,
    "RecordCountCur": 1901,
    "MatchCount": 1901,
    "MatchCountPercent": 100.0
  },
  {
    "BuildPrev": "6.2.1.20328",
    "BuildCur": "6.2.0.20338",
    "RecordCountPrev": 1901,
    "RecordCountCur": 1901,
    "MatchCount": 1901,
    "MatchCountPercent": 100.0
  },
  {
    "BuildPrev": "6.2.0.20338",
    "BuildCur": "6.2.1.20363",
    "RecordCountPrev": 1901,
    "RecordCountCur": 1901,
    "MatchCount": 1901,
    "MatchCountPercent": 100.0
  },
  {
    "BuildPrev": "6.2.1.20363",
    "BuildCur": "6.2.2.20395",
    "RecordCountPrev": 1901,
    "RecordCountCur": 1903,
    "MatchCount": 1901,
    "MatchCountPercent": 100.0
  },
  {
    "BuildPrev": "6.2.2.20395",
    "BuildCur": "6.2.2.20426",
    "RecordCountPrev": 1903,
    "RecordCountCur": 1905,
    "MatchCount": 1903,
    "MatchCountPercent": 100.0
  },
  {
    "BuildPrev": "6.2.2.20426",
    "BuildCur": "6.2.2.20438",
    "RecordCountPrev": 1905,
    "RecordCountCur": 1905,
    "MatchCount": 1905,
    "MatchCountPercent": 100.0
  },
  {
    "BuildPrev": "6.2.2.20438",
    "BuildCur": "6.2.2.20444",
    "RecordCountPrev": 1905,
    "RecordCountCur": 1905,
    "MatchCount": 1905,
    "MatchCountPercent": 100.0
  },
  {
    "BuildPrev": "6.2.2.20444",
    "BuildCur": "6.2.2.20490",
    "RecordCountPrev": 1905,
    "RecordCountCur": 1905,
    "MatchCount": 1905,
    "MatchCountPercent": 100.0
  },
  {
    "BuildPrev": "6.2.2.20490",
    "BuildCur": "6.2.2.20574",
    "RecordCountPrev": 1905,
    "RecordCountCur": 1905,
    "MatchCount": 1905,
    "MatchCountPercent": 100.0
  },
  {
    "BuildPrev": "6.2.2.20574",
    "BuildCur": "6.2.3.20601",
    "RecordCountPrev": 1905,
    "RecordCountCur": 1905,
    "MatchCount": 1905,
    "MatchCountPercent": 100.0
  },
  {
    "BuildPrev": "6.2.3.20601",
    "BuildCur": "6.2.3.20655",
    "RecordCountPrev": 1905,
    "RecordCountCur": 1905,
    "MatchCount": 1905,
    "MatchCountPercent": 100.0
  },
  {
    "BuildPrev": "6.2.3.20655",
    "BuildCur": "6.2.3.20691",
    "RecordCountPrev": 1905,
    "RecordCountCur": 1905,
    "MatchCount": 1905,
    "MatchCountPercent": 100.0
  },
  {
    "BuildPrev": "6.2.3.20691",
    "BuildCur": "6.2.3.20716",
    "RecordCountPrev": 1905,
    "RecordCountCur": 1905,
    "MatchCount": 1905,
    "MatchCountPercent": 100.0
  },
  {
    "BuildPrev": "6.2.3.20716",
    "BuildCur": "6.2.3.20726",
    "RecordCountPrev": 1905,
    "RecordCountCur": 1905,
    "MatchCount": 1905,
    "MatchCountPercent": 100.0
  },
  {
    "BuildPrev": "6.2.3.20726",
    "BuildCur": "6.2.4.21028",
    "RecordCountPrev": 1905,
    "RecordCountCur": 1905,
    "MatchCount": 1905,
    "MatchCountPercent": 100.0
  },
  {
    "BuildPrev": "6.2.4.21028",
    "BuildCur": "6.2.4.21047",
    "RecordCountPrev": 1905,
    "RecordCountCur": 1905,
    "MatchCount": 1905,
    "MatchCountPercent": 100.0
  },
  {
    "BuildPrev": "6.2.4.21047",
    "BuildCur": "6.2.4.21105",
    "RecordCountPrev": 1905,
    "RecordCountCur": 1905,
    "MatchCount": 1905,
    "MatchCountPercent": 100.0
  },
  {
    "BuildPrev": "6.2.4.21105",
    "BuildCur": "6.2.4.21160",
    "RecordCountPrev": 1905,
    "RecordCountCur": 1905,
    "MatchCount": 1905,
    "MatchCountPercent": 100.0
  },
  {
    "BuildPrev": "6.2.4.21160",
    "BuildCur": "6.2.4.21210",
    "RecordCountPrev": 1905,
    "RecordCountCur": 1905,
    "MatchCount": 1905,
    "MatchCountPercent": 100.0
  },
  {
    "BuildPrev": "6.2.4.21210",
    "BuildCur": "6.2.4.21220",
    "RecordCountPrev": 1905,
    "RecordCountCur": 1905,
    "MatchCount": 1905,
    "MatchCountPercent": 100.0
  },
  {
    "BuildPrev": "6.2.4.21220",
    "BuildCur": "6.2.4.21253",
    "RecordCountPrev": 1905,
    "RecordCountCur": 1905,
    "MatchCount": 1905,
    "MatchCountPercent": 100.0
  },
  {
    "BuildPrev": "6.2.4.21253",
    "BuildCur": "6.2.4.21274",
    "RecordCountPrev": 1905,
    "RecordCountCur": 1905,
    "MatchCount": 1905,
    "MatchCountPercent": 100.0
  },
  {
    "BuildPrev": "6.2.4.21274",
    "BuildCur": "6.2.4.21315",
    "RecordCountPrev": 1905,
    "RecordCountCur": 1905,
    "MatchCount": 1905,
    "MatchCountPercent": 100.0
  },
  {
    "BuildPrev": "6.2.4.21315",
    "BuildCur": "6.2.4.21336",
    "RecordCountPrev": 1905,
    "RecordCountCur": 1905,
    "MatchCount": 1905,
    "MatchCountPercent": 100.0
  },
  {
    "BuildPrev": "6.2.4.21336",
    "BuildCur": "6.2.4.21355",
    "RecordCountPrev": 1905,
    "RecordCountCur": 1905,
    "MatchCount": 1905,
    "MatchCountPercent": 100.0
  },
  {
    "BuildPrev": "6.2.4.21355",
    "BuildCur": "6.2.4.21676",
    "RecordCountPrev": 1905,
    "RecordCountCur": 1905,
    "MatchCount": 1905,
    "MatchCountPercent": 100.0
  },
  {
    "BuildPrev": "6.2.4.21676",
    "BuildCur": "6.2.4.21742",
    "RecordCountPrev": 1905,
    "RecordCountCur": 1905,
    "MatchCount": 1905,
    "MatchCountPercent": 100.0
  }
]