[
  {
    "BuildPrev": "0.5.3.3368",
    "BuildCur": "0.5.5.3494",
    "RecordCountPrev": 2182,
    "RecordCountCur": 2817,
    "MatchCount": 1,
    "MatchCountPercent": 0.0458
  },
  {
    "BuildPrev": "0.5.5.3494",
    "BuildCur": "0.6.0.3592",
    "RecordCountPrev": 2817,
    "RecordCountCur": 2970,
    "MatchCount": 15,
    "MatchCountPercent": 0.5325
  },
  {
    "BuildPrev": "0.6.0.3592",
    "BuildCur": "0.7.0.3694",
    "RecordCountPrev": 2970,
    "RecordCountCur": 3657,
    "MatchCount": 0,
    "MatchCountPercent": 0.0
  },
  {
    "BuildPrev": "0.7.0.3694",
    "BuildCur": "0.7.1.3702",
    "RecordCountPrev": 3657,
    "RecordCountCur": 3657,
    "MatchCount": 3657,
    "MatchCountPercent": 100.0
  },
  {
    "BuildPrev": "0.7.1.3702",
    "BuildCur": "0.7.6.3712",
    "RecordCountPrev": 3657,
    "RecordCountCur": 3657,
    "MatchCount": 3657,
    "MatchCountPercent": 100.0
  },
  {
    "BuildPrev": "0.7.6.3712",
    "BuildCur": "0.8.0.3734",
    "RecordCountPrev": 3657,
    "RecordCountCur": 3822,
    "MatchCount": 0,
    "MatchCountPercent": 0.0
  },
  {
    "BuildPrev": "0.8.0.3734",
    "BuildCur": "0.9.0.3807",
    "RecordCountPrev": 3822,
    "RecordCountCur": 4114,
    "MatchCount": 0,
    "MatchCountPercent": 0.0
  },
  {
    "BuildPrev": "0.9.0.3807",
    "BuildCur": "0.9.1.3810",
    "RecordCountPrev": 4114,
    "RecordCountCur": 4114,
    "MatchCount": 4114,
    "MatchCountPercent": 100.0
  },
  {
    "BuildPrev": "0.9.1.3810",
    "BuildCur": "0.10.0.3892",
    "RecordCountPrev": 4114,
    "RecordCountCur": 4829,
    "MatchCount": 94,
    "MatchCountPercent": 2.2849
  },
  {
    "BuildPrev": "0.10.0.3892",
    "BuildCur": "0.11.0.3925",
    "RecordCountPrev": 4829,
    "RecordCountCur": 5152,
    "MatchCount": 0,
    "MatchCountPercent": 0.0
  },
  {
    "BuildPrev": "0.11.0.3925",
    "BuildCur": "0.12.0.3988",
    "RecordCountPrev": 5152,
    "RecordCountCur": 5477,
    "MatchCount": 0,
    "MatchCountPercent": 0.0
  },
  {
    "BuildPrev": "0.12.0.3988",
    "BuildCur": "1.0.0.3980",
    "RecordCountPrev": 5477,
    "RecordCountCur": 5477,
    "MatchCount": 5477,
    "MatchCountPercent": 100.0
  },
  {
    "BuildPrev": "1.0.0.3980",
    "BuildCur": "1.1.2.4125",
    "RecordCountPrev": 5477,
    "RecordCountCur": 5478,
    "MatchCount": 3565,
    "MatchCountPercent": 65.0904
  },
  {
    "BuildPrev": "1.1.2.4125",
    "BuildCur": "1.2.0.4147",
    "RecordCountPrev": 5478,
    "RecordCountCur": 5899,
    "MatchCount": 2,
    "MatchCountPercent": 0.0365
  },
  {
    "BuildPrev": "1.2.0.4147",
    "BuildCur": "1.2.2.4196",
    "RecordCountPrev": 5899,
    "RecordCountCur": 5899,
    "MatchCount": 5899,
    "MatchCountPercent": 100.0
  },
  {
    "BuildPrev": "1.2.2.4196",
    "BuildCur": "1.2.3.4211",
    "RecordCountPrev": 5899,
    "RecordCountCur": 5899,
    "MatchCount": 5899,
    "MatchCountPercent": 100.0
  },
  {
    "BuildPrev": "1.2.3.4211",
    "BuildCur": "1.2.4.4222",
    "RecordCountPrev": 5899,
    "RecordCountCur": 5899,
    "MatchCount": 5899,
    "MatchCountPercent": 100.0
  },
  {
    "BuildPrev": "1.2.4.4222",
    "BuildCur": "1.3.0.4284",
    "RecordCountPrev": 5899,
    "RecordCountCur": 6103,
    "MatchCount": 2,
    "MatchCountPercent": 0.0339
  },
  {
    "BuildPrev": "1.3.0.4284",
    "BuildCur": "1.4.0.4341",
    "RecordCountPrev": 6103,
    "RecordCountCur": 6142,
    "MatchCount": 68,
    "MatchCountPercent": 1.1142
  },
  {
    "BuildPrev": "1.4.0.4341",
    "BuildCur": "1.4.1.4364",
    "RecordCountPrev": 6142,
    "RecordCountCur": 6142,
    "MatchCount": 6142,
    "MatchCountPercent": 100.0
  },
  {
    "BuildPrev": "1.4.1.4364",
    "BuildCur": "1.4.2.4375",
    "RecordCountPrev": 6142,
    "RecordCountCur": 6142,
    "MatchCount": 6142,
    "MatchCountPercent": 100.0
  },
  {
    "BuildPrev": "1.4.2.4375",
    "BuildCur": "1.5.0.4442",
    "RecordCountPrev": 6142,
    "RecordCountCur": 6208,
    "MatchCount": 2,
    "MatchCountPercent": 0.0326
  },
  {
    "BuildPrev": "1.5.0.4442",
    "BuildCur": "1.5.1.4449",
    "RecordCountPrev": 6208,
    "RecordCountCur": 6208,
    "MatchCount": 6208,
    "MatchCountPercent": 100.0
  },
  {
    "BuildPrev": "1.5.1.4449",
    "BuildCur": "1.6.0.4500",
    "RecordCountPrev": 6208,
    "RecordCountCur": 6266,
    "MatchCount": 108,
    "MatchCountPercent": 1.7397
  },
  {
    "BuildPrev": "1.6.0.4500",
    "BuildCur": "1.6.1.4544",
    "RecordCountPrev": 6266,
    "RecordCountCur": 6266,
    "MatchCount": 2,
    "MatchCountPercent": 0.0319
  },
  {
    "BuildPrev": "1.6.1.4544",
    "BuildCur": "1.7.0.4671",
    "RecordCountPrev": 6266,
    "RecordCountCur": 6388,
    "MatchCount": 781,
    "MatchCountPercent": 12.4641
  },
  {
    "BuildPrev": "1.7.0.4671",
    "BuildCur": "1.7.1.4695",
    "RecordCountPrev": 6388,
    "RecordCountCur": 6388,
    "MatchCount": 6388,
    "MatchCountPercent": 100.0
  },
  {
    "BuildPrev": "1.7.1.4695",
    "BuildCur": "1.8.0.4714",
    "RecordCountPrev": 6388,
    "RecordCountCur": 6388,
    "MatchCount": 6388,
    "MatchCountPercent": 100.0
  },
  {
    "BuildPrev": "1.8.0.4714",
    "BuildCur": "1.8.0.4735",
    "RecordCountPrev": 6388,
    "RecordCountCur": 6441,
    "MatchCount": 3,
    "MatchCountPercent": 0.047
  },
  {
    "BuildPrev": "1.8.0.4735",
    "BuildCur": "1.8.1.4769",
    "RecordCountPrev": 6441,
    "RecordCountCur": 6441,
    "MatchCount": 6441,
    "MatchCountPercent": 100.0
  },
  {
    "BuildPrev": "1.8.1.4769",
    "BuildCur": "1.8.4.4878",
    "RecordCountPrev": 6441,
    "RecordCountCur": 6494,
    "MatchCount": 5856,
    "MatchCountPercent": 90.9176
  },
  {
    "BuildPrev": "1.8.4.4878",
    "BuildCur": "1.9.0.4937",
    "RecordCountPrev": 6494,
    "RecordCountCur": 6748,
    "MatchCount": 7,
    "MatchCountPercent": 0.1078
  },
  {
    "BuildPrev": "1.9.0.4937",
    "BuildCur": "1.9.1.4983",
    "RecordCountPrev": 6748,
    "RecordCountCur": 6750,
    "MatchCount": 6748,
    "MatchCountPercent": 100.0
  },
  {
    "BuildPrev": "1.9.1.4983",
    "BuildCur": "1.9.2.4996",
    "RecordCountPrev": 6750,
    "RecordCountCur": 6750,
    "MatchCount": 6750,
    "MatchCountPercent": 100.0
  },
  {
    "BuildPrev": "1.9.2.4996",
    "BuildCur": "1.9.3.5059",
    "RecordCountPrev": 6750,
    "RecordCountCur": 6766,
    "MatchCount": 6747,
    "MatchCountPercent": 99.9556
  },
  {
    "BuildPrev": "1.9.3.5059",
    "BuildCur": "1.9.4.5086",
    "RecordCountPrev": 6766,
    "RecordCountCur": 6766,
    "MatchCount": 6766,
    "MatchCountPercent": 100.0
  },
  {
    "BuildPrev": "1.9.4.5086",
    "BuildCur": "1.10.0.5195",
    "RecordCountPrev": 6766,
    "RecordCountCur": 6791,
    "MatchCount": 6747,
    "MatchCountPercent": 99.7192
  },
  {
    "BuildPrev": "1.10.0.5195",
    "BuildCur": "1.10.1.5230",
    "RecordCountPrev": 6791,
    "RecordCountCur": 6794,
    "MatchCount": 6791,
    "MatchCountPercent": 100.0
  },
  {
    "BuildPrev": "1.10.1.5230",
    "BuildCur": "1.10.2.5302",
    "RecordCountPrev": 6794,
    "RecordCountCur": 6794,
    "MatchCount": 6792,
    "MatchCountPercent": 99.9706
  },
  {
    "BuildPrev": "1.10.2.5302",
    "BuildCur": "1.11.0.5344",
    "RecordCountPrev": 6794,
    "RecordCountCur": 6922,
    "MatchCount": 6751,
    "MatchCountPercent": 99.3671
  },
  {
    "BuildPrev": "1.11.0.5344",
    "BuildCur": "1.11.0.5428",
    "RecordCountPrev": 6922,
    "RecordCountCur": 6922,
    "MatchCount": 6922,
    "MatchCountPercent": 100.0
  },
  {
    "BuildPrev": "1.11.0.5428",
    "BuildCur": "1.11.1.5462",
    "RecordCountPrev": 6922,
    "RecordCountCur": 6922,
    "MatchCount": 6922,
    "MatchCountPercent": 100.0
  },
  {
    "BuildPrev": "1.11.1.5462",
    "BuildCur": "1.11.2.5464",
    "RecordCountPrev": 6922,
    "RecordCountCur": 6922,
    "MatchCount": 6922,
    "MatchCountPercent": 100.0
  },
  {
    "BuildPrev": "1.11.2.5464",
    "BuildCur": "1.12.0.5595",
    "RecordCountPrev": 6922,
    "RecordCountCur": 6939,
    "MatchCount": 6922,
    "MatchCountPercent": 100.0
  },
  {
    "BuildPrev": "1.12.0.5595",
    "BuildCur": "1.12.1.5875",
    "RecordCountPrev": 6939,
    "RecordCountCur": 6939,
    "MatchCount": 6939,
    "MatchCountPercent": 100.0
  },
  {
    "BuildPrev": "1.12.1.5875",
    "BuildCur": "1.12.2.6005",
    "RecordCountPrev": 6939,
    "RecordCountCur": 6939,
    "MatchCount": 6939,
    "MatchCountPercent": 100.0
  },
  {
    "BuildPrev": "1.12.2.6005",
    "BuildCur": "2.0.0.5610",
    "RecordCountPrev": 6939,
    "RecordCountCur": 8131,
    "MatchCount": 2123,
    "MatchCountPercent": 30.5952
  },
  {
    "BuildPrev": "2.0.0.5610",
    "BuildCur": "2.0.0.5665",
    "RecordCountPrev": 8131,
    "RecordCountCur": 8386,
    "MatchCount": 7042,
    "MatchCountPercent": 86.6068
  },
  {
    "BuildPrev": "2.0.0.5665",
    "BuildCur": "2.0.0.5666",
    "RecordCountPrev": 8386,
    "RecordCountCur": 8386,
    "MatchCount": 8386,
    "MatchCountPercent": 100.0
  },
  {
    "BuildPrev": "2.0.0.5666",
    "BuildCur": "2.0.0.5991",
    "RecordCountPrev": 8386,
    "RecordCountCur": 6748,
    "MatchCount": 2120,
    "MatchCountPercent": 25.2802
  },
  {
    "BuildPrev": "2.0.0.5991",
    "BuildCur": "2.0.0.6080",
    "RecordCountPrev": 6748,
    "RecordCountCur": 9563,
    "MatchCount": 0,
    "MatchCountPercent": 0.0
  },
  {
    "BuildPrev": "2.0.0.6080",
    "BuildCur": "2.0.3.6299",
    "RecordCountPrev": 9563,
    "RecordCountCur": 10104,
    "MatchCount": 5563,
    "MatchCountPercent": 58.1721
  },
  {
    "BuildPrev": "2.0.3.6299",
    "BuildCur": "2.0.5.6320",
    "RecordCountPrev": 10104,
    "RecordCountCur": 10104,
    "MatchCount": 10104,
    "MatchCountPercent": 100.0
  },
  {
    "BuildPrev": "2.0.5.6320",
    "BuildCur": "2.0.6.6337",
    "RecordCountPrev": 10104,
    "RecordCountCur": 10104,
    "MatchCount": 10104,
    "MatchCountPercent": 100.0
  },
  {
    "BuildPrev": "2.0.6.6337",
    "BuildCur": "2.1.0.6692",
    "RecordCountPrev": 10104,
    "RecordCountCur": 10380,
    "MatchCount": 8225,
    "MatchCountPercent": 81.4034
  },
  {
    "BuildPrev": "2.1.0.6692",
    "BuildCur": "2.1.0.6729",
    "RecordCountPrev": 10380,
    "RecordCountCur": 10380,
    "MatchCount": 10380,
    "MatchCountPercent": 100.0
  },
  {
    "BuildPrev": "2.1.0.6729",
    "BuildCur": "2.1.1.6739",
    "RecordCountPrev": 10380,
    "RecordCountCur": 10380,
    "MatchCount": 10380,
    "MatchCountPercent": 100.0
  },
  {
    "BuildPrev": "2.1.1.6739",
    "BuildCur": "2.1.2.6803",
    "RecordCountPrev": 10380,
    "RecordCountCur": 10407,
    "MatchCount": 30,
    "MatchCountPercent": 0.289
  },
  {
    "BuildPrev": "2.1.2.6803",
    "BuildCur": "2.1.3.6898",
    "RecordCountPrev": 10407,
    "RecordCountCur": 10407,
    "MatchCount": 10377,
    "MatchCountPercent": 99.7117
  },
  {
    "BuildPrev": "2.1.3.6898",
    "BuildCur": "2.2.0.7272",
    "RecordCountPrev": 10407,
    "RecordCountCur": 10483,
    "MatchCount": 8905,
    "MatchCountPercent": 85.5674
  },
  {
    "BuildPrev": "2.2.0.7272",
    "BuildCur": "2.3.0.7561",
    "RecordCountPrev": 10483,
    "RecordCountCur": 10808,
    "MatchCount": 1170,
    "MatchCountPercent": 11.1609
  },
  {
    "BuildPrev": "2.3.0.7561",
    "BuildCur": "2.3.2.7741",
    "RecordCountPrev": 10808,
    "RecordCountCur": 10808,
    "MatchCount": 10808,
    "MatchCountPercent": 100.0
  },
  {
    "BuildPrev": "2.3.2.7741",
    "BuildCur": "2.3.3.7799",
    "RecordCountPrev": 10808,
    "RecordCountCur": 10808,
    "MatchCount": 10808,
    "MatchCountPercent": 100.0
  },
  {
    "BuildPrev": "2.3.3.7799",
    "BuildCur": "2.4.0.8089",
    "RecordCountPrev": 10808,
    "RecordCountCur": 11165,
    "MatchCount": 7041,
    "MatchCountPercent": 65.1462
  },
  {
    "BuildPrev": "2.4.0.8089",
    "BuildCur": "2.4.1.8125",
    "RecordCountPrev": 11165,
    "RecordCountCur": 11165,
    "MatchCount": 11165,
    "MatchCountPercent": 100.0
  },
  {
    "BuildPrev": "2.4.1.8125",
    "BuildCur": "2.4.2.8278",
    "RecordCountPrev": 11165,
    "RecordCountCur": 11202,
    "MatchCount": 11165,
    "MatchCountPercent": 100.0
  },
  {
    "BuildPrev": "2.4.2.8278",
    "BuildCur": "2.4.3.8606",
    "RecordCountPrev": 11202,
    "RecordCountCur": 11281,
    "MatchCount": 1048,
    "MatchCountPercent": 9.3555
  },
  {
    "BuildPrev": "2.4.3.8606",
    "BuildCur": "3.0.1.8303",
    "RecordCountPrev": 11281,
    "RecordCountCur": 12642,
    "MatchCount": 26,
    "MatchCountPercent": 0.2305
  },
  {
    "BuildPrev": "3.0.1.8303",
    "BuildCur": "3.0.1.8334",
    "RecordCountPrev": 12642,
    "RecordCountCur": 12704,
    "MatchCount": 1583,
    "MatchCountPercent": 12.5218
  },
  {
    "BuildPrev": "3.0.1.8334",
    "BuildCur": "3.0.1.8391",
    "RecordCountPrev": 12704,
    "RecordCountCur": 12757,
    "MatchCount": 12691,
    "MatchCountPercent": 99.8977
  },
  {
    "BuildPrev": "3.0.1.8391",
    "BuildCur": "3.0.1.8471",
    "RecordCountPrev": 12757,
    "RecordCountCur": 12909,
    "MatchCount": 8824,
    "MatchCountPercent": 69.1699
  },
  {
    "BuildPrev": "3.0.1.8471",
    "BuildCur": "3.0.1.8622",
    "RecordCountPrev": 12909,
    "RecordCountCur": 13200,
    "MatchCount": 1042,
    "MatchCountPercent": 8.0719
  },
  {
    "BuildPrev": "3.0.1.8622",
    "BuildCur": "3.0.1.8634",
    "RecordCountPrev": 13200,
    "RecordCountCur": 13210,
    "MatchCount": 13200,
    "MatchCountPercent": 100.0
  },
  {
    "BuildPrev": "3.0.1.8634",
    "BuildCur": "3.0.1.8681",
    "RecordCountPrev": 13210,
    "RecordCountCur": 13325,
    "MatchCount": 13188,
    "MatchCountPercent": 99.8335
  },
  {
    "BuildPrev": "3.0.1.8681",
    "BuildCur": "3.0.1.8714",
    "RecordCountPrev": 13325,
    "RecordCountCur": 13325,
    "MatchCount": 13325,
    "MatchCountPercent": 100.0
  },
  {
    "BuildPrev": "3.0.1.8714",
    "BuildCur": "3.0.1.8770",
    "RecordCountPrev": 13325,
    "RecordCountCur": 13445,
    "MatchCount": 12841,
    "MatchCountPercent": 96.3677
  },
  {
    "BuildPrev": "3.0.1.8770",
    "BuildCur": "3.0.1.8788",
    "RecordCountPrev": 13445,
    "RecordCountCur": 13458,
    "MatchCount": 6898,
    "MatchCountPercent": 51.3053
  },
  {
    "BuildPrev": "3.0.1.8788",
    "BuildCur": "3.0.1.8820",
    "RecordCountPrev": 13458,
    "RecordCountCur": 13599,
    "MatchCount": 13446,
    "MatchCountPercent": 99.9108
  },
  {
    "BuildPrev": "3.0.1.8820",
    "BuildCur": "3.0.1.8874",
    "RecordCountPrev": 13599,
    "RecordCountCur": 13599,
    "MatchCount": 13599,
    "MatchCountPercent": 100.0
  },
  {
    "BuildPrev": "3.0.1.8874",
    "BuildCur": "3.0.1.8885",
    "RecordCountPrev": 13599,
    "RecordCountCur": 13772,
    "MatchCount": 11916,
    "MatchCountPercent": 87.6241
  },
  {
    "BuildPrev": "3.0.1.8885",
    "BuildCur": "3.0.2.9056",
    "RecordCountPrev": 13772,
    "RecordCountCur": 14252,
    "MatchCount": 1989,
    "MatchCountPercent": 14.4424
  },
  {
    "BuildPrev": "3.0.2.9056",
    "BuildCur": "3.0.3.9183",
    "RecordCountPrev": 14252,
    "RecordCountCur": 14255,
    "MatchCount": 14251,
    "MatchCountPercent": 99.993
  },
  {
    "BuildPrev": "3.0.3.9183",
    "BuildCur": "3.0.8.9464",
    "RecordCountPrev": 14255,
    "RecordCountCur": 14269,
    "MatchCount": 6648,
    "MatchCountPercent": 46.6363
  },
  {
    "BuildPrev": "3.0.8.9464",
    "BuildCur": "3.0.8.9506",
    "RecordCountPrev": 14269,
    "RecordCountCur": 14269,
    "MatchCount": 14269,
    "MatchCountPercent": 100.0
  },
  {
    "BuildPrev": "3.0.8.9506",
    "BuildCur": "3.0.9.9551",
    "RecordCountPrev": 14269,
    "RecordCountCur": 14269,
    "MatchCount": 14269,
    "MatchCountPercent": 100.0
  },
  {
    "BuildPrev": "3.0.9.9551",
    "BuildCur": "3.1.0.9767",
    "RecordCountPrev": 14269,
    "RecordCountCur": 14604,
    "MatchCount": 1692,
    "MatchCountPercent": 11.8579
  },
  {
    "BuildPrev": "3.1.0.9767",
    "BuildCur": "3.1.1.9806",
    "RecordCountPrev": 14604,
    "RecordCountCur": 14604,
    "MatchCount": 14604,
    "MatchCountPercent": 100.0
  },
  {
    "BuildPrev": "3.1.1.9806",
    "BuildCur": "3.1.1.9835",
    "RecordCountPrev": 14604,
    "RecordCountCur": 14604,
    "MatchCount": 14604,
    "MatchCountPercent": 100.0
  },
  {
    "BuildPrev": "3.1.1.9835",
    "BuildCur": "3.1.2.9901",
    "RecordCountPrev": 14604,
    "RecordCountCur": 14604,
    "MatchCount": 14604,
    "MatchCountPercent": 100.0
  },
  {
    "BuildPrev": "3.1.2.9901",
    "BuildCur": "3.1.3.9947",
    "RecordCountPrev": 14604,
    "RecordCountCur": 14604,
    "MatchCount": 14604,
    "MatchCountPercent": 100.0
  },
  {
    "BuildPrev": "3.1.3.9947",
    "BuildCur": "3.2.0.10192",
    "RecordCountPrev": 14604,
    "RecordCountCur": 14970,
    "MatchCount": 3381,
    "MatchCountPercent": 23.1512
  },
  {
    "BuildPrev": "3.2.0.10192",
    "BuildCur": "3.2.0.10314",
    "RecordCountPrev": 14970,
    "RecordCountCur": 14970,
    "MatchCount": 14970,
    "MatchCountPercent": 100.0
  },
  {
    "BuildPrev": "3.2.0.10314",
    "BuildCur": "3.2.2.10482",
    "RecordCountPrev": 14970,
    "RecordCountCur": 15002,
    "MatchCount": 6152,
    "MatchCountPercent": 41.0955
  },
  {
    "BuildPrev": "3.2.2.10482",
    "BuildCur": "3.2.2.10505",
    "RecordCountPrev": 15002,
    "RecordCountCur": 15002,
    "MatchCount": 15002,
    "MatchCountPercent": 100.0
  },
  {
    "BuildPrev": "3.2.2.10505",
    "BuildCur": "3.3.0.10958",
    "RecordCountPrev": 15002,
    "RecordCountCur": 15366,
    "MatchCount": 2470,
    "MatchCountPercent": 16.4645
  },
  {
    "BuildPrev": "3.3.0.10958",
    "BuildCur": "3.3.0.11159",
    "RecordCountPrev": 15366,
    "RecordCountCur": 15366,
    "MatchCount": 15366,
    "MatchCountPercent": 100.0
  },
  {
    "BuildPrev": "3.3.0.11159",
    "BuildCur": "3.3.2.11403",
    "RecordCountPrev": 15366,
    "RecordCountCur": 15373,
    "MatchCount": 15351,
    "MatchCountPercent": 99.9024
  },
  {
    "BuildPrev": "3.3.2.11403",
    "BuildCur": "3.3.3.11685",
    "RecordCountPrev": 15373,
    "RecordCountCur": 15475,
    "MatchCount": 7311,
    "MatchCountPercent": 47.5574
  },
  {
    "BuildPrev": "3.3.3.11685",
    "BuildCur": "3.3.3.11723",
    "RecordCountPrev": 15475,
    "RecordCountCur": 15475,
    "MatchCount": 15475,
    "MatchCountPercent": 100.0
  },
  {
    "BuildPrev": "3.3.3.11723",
    "BuildCur": "3.3.5.12213",
    "RecordCountPrev": 15475,
    "RecordCountCur": 15475,
    "MatchCount": 15475,
    "MatchCountPercent": 100.0
  },
  {
    "BuildPrev": "3.3.5.12213",
    "BuildCur": "3.3.5.12340",
    "RecordCountPrev": 15475,
    "RecordCountCur": 15475,
    "MatchCount": 15475,
    "MatchCountPercent": 100.0
  },
  {
    "BuildPrev": "3.3.5.12340",
    "BuildCur": "4.0.0.11927",
    "RecordCountPrev": 15475,
    "RecordCountCur": 17100,
    "MatchCount": 103,
    "MatchCountPercent": 0.6656
  },
  {
    "BuildPrev": "4.0.0.11927",
    "BuildCur": "4.0.0.12025",
    "RecordCountPrev": 17100,
    "RecordCountCur": 17346,
    "MatchCount": 624,
    "MatchCountPercent": 3.6491
  },
  {
    "BuildPrev": "4.0.0.12025",
    "BuildCur": "4.0.0.12065",
    "RecordCountPrev": 17346,
    "RecordCountCur": 17412,
    "MatchCount": 687,
    "MatchCountPercent": 3.9606
  },
  {
    "BuildPrev": "4.0.0.12065",
    "BuildCur": "4.0.0.12122",
    "RecordCountPrev": 17412,
    "RecordCountCur": 17505,
    "MatchCount": 122,
    "MatchCountPercent": 0.7007
  },
  {
    "BuildPrev": "4.0.0.12122",
    "BuildCur": "4.0.0.12164",
    "RecordCountPrev": 17505,
    "RecordCountCur": 17596,
    "MatchCount": 818,
    "MatchCountPercent": 4.673
  },
  {
    "BuildPrev": "4.0.0.12164",
    "BuildCur": "4.0.0.12232",
    "RecordCountPrev": 17596,
    "RecordCountCur": 17764,
    "MatchCount": 358,
    "MatchCountPercent": 2.0346
  },
  {
    "BuildPrev": "4.0.0.12232",
    "BuildCur": "4.0.0.12266",
    "RecordCountPrev": 17764,
    "RecordCountCur": 17899,
    "MatchCount": 2966,
    "MatchCountPercent": 16.6967
  },
  {
    "BuildPrev": "4.0.0.12266",
    "BuildCur": "4.0.0.12319",
    "RecordCountPrev": 17899,
    "RecordCountCur": 18067,
    "MatchCount": 52,
    "MatchCountPercent": 0.2905
  },
  {
    "BuildPrev": "4.0.0.12319",
    "BuildCur": "4.0.0.12911",
    "RecordCountPrev": 18067,
    "RecordCountCur": 19082,
    "MatchCount": 59,
    "MatchCountPercent": 0.3266
  },
  {
    "BuildPrev": "4.0.0.12911",
    "BuildCur": "4.0.1.13164",
    "RecordCountPrev": 19082,
    "RecordCountCur": 19082,
    "MatchCount": 19082,
    "MatchCountPercent": 100.0
  },
  {
    "BuildPrev": "4.0.1.13164",
    "BuildCur": "",
    "RecordCountPrev": 19082,
    "RecordCountCur": 19082,
    "MatchCount": 19082,
    "MatchCountPercent": 100.0
  },
  {
    "BuildPrev": "",
    "BuildCur": "4.0.3.13287",
    "RecordCountPrev": 19082,
    "RecordCountCur": 19082,
    "MatchCount": 19082,
    "MatchCountPercent": 100.0
  },
  {
    "BuildPrev": "4.0.3.13287",
    "BuildCur": "",
    "RecordCountPrev": 19082,
    "RecordCountCur": 19082,
    "MatchCount": 19082,
    "MatchCountPercent": 100.0
  },
  {
    "BuildPrev": "",
    "BuildCur": "4.0.6.13596",
    "RecordCountPrev": 19082,
    "RecordCountCur": 19082,
    "MatchCount": 19082,
    "MatchCountPercent": 100.0
  },
  {
    "BuildPrev": "4.0.6.13596",
    "BuildCur": "",
    "RecordCountPrev": 19082,
    "RecordCountCur": 20065,
    "MatchCount": 616,
    "MatchCountPercent": 3.2282
  },
  {
    "BuildPrev": "",
    "BuildCur": "4.1.0.13914",
    "RecordCountPrev": 20065,
    "RecordCountCur": 20352,
    "MatchCount": 45,
    "MatchCountPercent": 0.2243
  },
  {
    "BuildPrev": "4.1.0.13914",
    "BuildCur": "",
    "RecordCountPrev": 20352,
    "RecordCountCur": 20352,
    "MatchCount": 20352,
    "MatchCountPercent": 100.0
  },
  {
    "BuildPrev": "",
    "BuildCur": "4.2.0.14333",
    "RecordCountPrev": 20352,
    "RecordCountCur": 20490,
    "MatchCount": 35,
    "MatchCountPercent": 0.172
  },
  {
    "BuildPrev": "4.2.0.14333",
    "BuildCur": "",
    "RecordCountPrev": 20490,
    "RecordCountCur": 19082,
    "MatchCount": 31,
    "MatchCountPercent": 0.1513
  },
  {
    "BuildPrev": "",
    "BuildCur": "4.2.2.14545",
    "RecordCountPrev": 19082,
    "RecordCountCur": 20490,
    "MatchCount": 31,
    "MatchCountPercent": 0.1625
  },
  {
    "BuildPrev": "4.2.2.14545",
    "BuildCur": "4.3.0.15005",
    "RecordCountPrev": 20490,
    "RecordCountCur": 20490,
    "MatchCount": 20490,
    "MatchCountPercent": 100.0
  },
  {
    "BuildPrev": "4.3.0.15005",
    "BuildCur": "",
    "RecordCountPrev": 20490,
    "RecordCountCur": 20490,
    "MatchCount": 20490,
    "MatchCountPercent": 100.0
  },
  {
    "BuildPrev": "",
    "BuildCur": "4.3.2.15211",
    "RecordCountPrev": 20490,
    "RecordCountCur": 20645,
    "MatchCount": 23,
    "MatchCountPercent": 0.1122
  },
  {
    "BuildPrev": "4.3.2.15211",
    "BuildCur": "4.3.3.15354",
    "RecordCountPrev": 20645,
    "RecordCountCur": 20645,
    "MatchCount": 20645,
    "MatchCountPercent": 100.0
  },
  {
    "BuildPrev": "4.3.3.15354",
    "BuildCur": "4.3.4.15595",
    "RecordCountPrev": 20645,
    "RecordCountCur": 20645,
    "MatchCount": 20645,
    "MatchCountPercent": 100.0
  },
  {
    "BuildPrev": "4.3.4.15595",
    "BuildCur": "5.0.1.15464",
    "RecordCountPrev": 20645,
    "RecordCountCur": 21722,
    "MatchCount": 4883,
    "MatchCountPercent": 23.6522
  },
  {
    "BuildPrev": "5.0.1.15464",
    "BuildCur": "5.0.1.15508",
    "RecordCountPrev": 21722,
    "RecordCountCur": 21759,
    "MatchCount": 21677,
    "MatchCountPercent": 99.7928
  },
  {
    "BuildPrev": "5.0.1.15508",
    "BuildCur": "5.0.1.15544",
    "RecordCountPrev": 21759,
    "RecordCountCur": 21797,
    "MatchCount": 21753,
    "MatchCountPercent": 99.9724
  },
  {
    "BuildPrev": "5.0.1.15544",
    "BuildCur": "5.0.1.15589",
    "RecordCountPrev": 21797,
    "RecordCountCur": 21863,
    "MatchCount": 21678,
    "MatchCountPercent": 99.4541
  },
  {
    "BuildPrev": "5.0.1.15589",
    "BuildCur": "5.0.1.15640",
    "RecordCountPrev": 21863,
    "RecordCountCur": 21722,
    "MatchCount": 21632,
    "MatchCountPercent": 98.9434
  },
  {
    "BuildPrev": "5.0.1.15640",
    "BuildCur": "5.0.1.15650",
    "RecordCountPrev": 21722,
    "RecordCountCur": 22081,
    "MatchCount": 4920,
    "MatchCountPercent": 22.6499
  },
  {
    "BuildPrev": "5.0.1.15650",
    "BuildCur": "5.0.1.15657",
    "RecordCountPrev": 22081,
    "RecordCountCur": 22090,
    "MatchCount": 22077,
    "MatchCountPercent": 99.9819
  },
  {
    "BuildPrev": "5.0.1.15657",
    "BuildCur": "5.0.1.15662",
    "RecordCountPrev": 22090,
    "RecordCountCur": 21722,
    "MatchCount": 4920,
    "MatchCountPercent": 22.2725
  },
  {
    "BuildPrev": "5.0.1.15662",
    "BuildCur": "5.0.1.15668",
    "RecordCountPrev": 21722,
    "RecordCountCur": 22153,
    "MatchCount": 4921,
    "MatchCountPercent": 22.6545
  },
  {
    "BuildPrev": "5.0.1.15668",
    "BuildCur": "5.0.1.15677",
    "RecordCountPrev": 22153,
    "RecordCountCur": 22170,
    "MatchCount": 22149,
    "MatchCountPercent": 99.982
  },
  {
    "BuildPrev": "5.0.1.15677",
    "BuildCur": "5.0.1.15689",
    "RecordCountPrev": 22170,
    "RecordCountCur": 22178,
    "MatchCount": 22169,
    "MatchCountPercent": 99.9955
  },
  {
    "BuildPrev": "5.0.1.15689",
    "BuildCur": "5.0.1.15699",
    "RecordCountPrev": 22178,
    "RecordCountCur": 22194,
    "MatchCount": 22167,
    "MatchCountPercent": 99.9504
  },
  {
    "BuildPrev": "5.0.1.15699",
    "BuildCur": "5.0.1.15726",
    "RecordCountPrev": 22194,
    "RecordCountCur": 22212,
    "MatchCount": 22185,
    "MatchCountPercent": 99.9595
  },
  {
    "BuildPrev": "5.0.1.15726",
    "BuildCur": "5.0.1.15739",
    "RecordCountPrev": 22212,
    "RecordCountCur": 22230,
    "MatchCount": 1346,
    "MatchCountPercent": 6.0598
  },
  {
    "BuildPrev": "5.0.1.15739",
    "BuildCur": "5.0.1.15752",
    "RecordCountPrev": 22230,
    "RecordCountCur": 22253,
    "MatchCount": 22225,
    "MatchCountPercent": 99.9775
  },
  {
    "BuildPrev": "5.0.1.15752",
    "BuildCur": "5.0.1.15762",
    "RecordCountPrev": 22253,
    "RecordCountCur": 22569,
    "MatchCount": 1348,
    "MatchCountPercent": 6.0576
  },
  {
    "BuildPrev": "5.0.1.15762",
    "BuildCur": "5.0.1.15781",
    "RecordCountPrev": 22569,
    "RecordCountCur": 22631,
    "MatchCount": 21018,
    "MatchCountPercent": 93.1277
  },
  {
    "BuildPrev": "5.0.1.15781",
    "BuildCur": "5.0.1.15799",
    "RecordCountPrev": 22631,
    "RecordCountCur": 22689,
    "MatchCount": 22620,
    "MatchCountPercent": 99.9514
  },
  {
    "BuildPrev": "5.0.1.15799",
    "BuildCur": "5.0.4.15890",
    "RecordCountPrev": 22689,
    "RecordCountCur": 22960,
    "MatchCount": 6544,
    "MatchCountPercent": 28.8422
  },
  {
    "BuildPrev": "5.0.4.15890",
    "BuildCur": "5.0.4.16016",
    "RecordCountPrev": 22960,
    "RecordCountCur": 23137,
    "MatchCount": 1584,
    "MatchCountPercent": 6.899
  },
  {
    "BuildPrev": "5.0.4.16016",
    "BuildCur": "5.0.5.16048",
    "RecordCountPrev": 23137,
    "RecordCountCur": 23137,
    "MatchCount": 23137,
    "MatchCountPercent": 100.0
  },
  {
    "BuildPrev": "5.0.5.16048",
    "BuildCur": "5.0.5.16057",
    "RecordCountPrev": 23137,
    "RecordCountCur": 23137,
    "MatchCount": 23137,
    "MatchCountPercent": 100.0
  },
  {
    "BuildPrev": "5.0.5.16057",
    "BuildCur": "5.1.0.16309",
    "RecordCountPrev": 23137,
    "RecordCountCur": 23731,
    "MatchCount": 7120,
    "MatchCountPercent": 30.7732
  },
  {
    "BuildPrev": "5.1.0.16309",
    "BuildCur": "",
    "RecordCountPrev": 23731,
    "RecordCountCur": 23731,
    "MatchCount": 23731,
    "MatchCountPercent": 100.0
  },
  {
    "BuildPrev": "",
    "BuildCur": "5.2.0.16516",
    "RecordCountPrev": 23731,
    "RecordCountCur": 23920,
    "MatchCount": 2435,
    "MatchCountPercent": 10.2608
  },
  {
    "BuildPrev": "5.2.0.16516",
    "BuildCur": "5.2.0.16650",
    "RecordCountPrev": 23920,
    "RecordCountCur": 23923,
    "MatchCount": 23916,
    "MatchCountPercent": 99.9833
  },
  {
    "BuildPrev": "5.2.0.16650",
    "BuildCur": "5.3.0.16844",
    "RecordCountPrev": 23923,
    "RecordCountCur": 24169,
    "MatchCount": 23829,
    "MatchCountPercent": 99.6071
  },
  {
    "BuildPrev": "5.3.0.16844",
    "BuildCur": "5.3.0.16965",
    "RecordCountPrev": 24169,
    "RecordCountCur": 24169,
    "MatchCount": 4448,
    "MatchCountPercent": 18.4037
  },
  {
    "BuildPrev": "5.3.0.16965",
    "BuildCur": "5.3.0.17116",
    "RecordCountPrev": 24169,
    "RecordCountCur": 24169,
    "MatchCount": 24169,
    "MatchCountPercent": 100.0
  },
  {
    "BuildPrev": "5.3.0.17116",
    "BuildCur": "5.4.0.17266",
    "RecordCountPrev": 24169,
    "RecordCountCur": 24479,
    "MatchCount": 2518,
    "MatchCountPercent": 10.4183
  },
  {
    "BuildPrev": "5.4.0.17266",
    "BuildCur": "5.4.0.17325",
    "RecordCountPrev": 24479,
    "RecordCountCur": 24483,
    "MatchCount": 6230,
    "MatchCountPercent": 25.4504
  },
  {
    "BuildPrev": "5.4.0.17325",
    "BuildCur": "5.4.0.17345",
    "RecordCountPrev": 24483,
    "RecordCountCur": 24483,
    "MatchCount": 24483,
    "MatchCountPercent": 100.0
  },
  {
    "BuildPrev": "5.4.0.17345",
    "BuildCur": "5.4.1.17520",
    "RecordCountPrev": 24483,
    "RecordCountCur": 24483,
    "MatchCount": 24483,
    "MatchCountPercent": 100.0
  },
  {
    "BuildPrev": "5.4.1.17520",
    "BuildCur": "5.4.1.17538",
    "RecordCountPrev": 24483,
    "RecordCountCur": 24483,
    "MatchCount": 24483,
    "MatchCountPercent": 100.0
  },
  {
    "BuildPrev": "5.4.1.17538",
    "BuildCur": "5.4.2.17645",
    "RecordCountPrev": 24483,
    "RecordCountCur": 24483,
    "MatchCount": 24483,
    "MatchCountPercent": 100.0
  },
  {
    "BuildPrev": "5.4.2.17645",
    "BuildCur": "5.4.2.17688",
    "RecordCountPrev": 24483,
    "RecordCountCur": 24483,
    "MatchCount": 24483,
    "MatchCountPercent": 100.0
  },
  {
    "BuildPrev": "5.4.2.17688",
    "BuildCur": "5.4.7.17898",
    "RecordCountPrev": 24483,
    "RecordCountCur": 24483,
    "MatchCount": 24483,
    "MatchCountPercent": 100.0
  },
  {
    "BuildPrev": "5.4.7.17898",
    "BuildCur": "5.4.8.18273",
    "RecordCountPrev": 24483,
    "RecordCountCur": 24483,
    "MatchCount": 24483,
    "MatchCountPercent": 100.0
  },
  {
    "BuildPrev": "5.4.8.18273",
    "BuildCur": "6.0.1.18125",
    "RecordCountPrev": 24483,
    "RecordCountCur": 26061,
    "MatchCount": 0,
    "MatchCountPercent": 0.0
  },
  {
    "BuildPrev": "6.0.1.18125",
    "BuildCur": "6.0.1.18156",
    "RecordCountPrev": 26061,
    "RecordCountCur": 26117,
    "MatchCount": 26033,
    "MatchCountPercent": 99.8926
  },
  {
    "BuildPrev": "6.0.1.18156",
    "BuildCur": "6.0.1.18164",
    "RecordCountPrev": 26117,
    "RecordCountCur": 26186,
    "MatchCount": 25230,
    "MatchCountPercent": 96.6037
  },
  {
    "BuildPrev": "6.0.1.18164",
    "BuildCur": "6.0.1.18179",
    "RecordCountPrev": 26186,
    "RecordCountCur": 26217,
    "MatchCount": 25935,
    "MatchCountPercent": 99.0415
  },
  {
    "BuildPrev": "6.0.1.18179",
    "BuildCur": "6.0.1.18297",
    "RecordCountPrev": 26217,
    "RecordCountCur": 26612,
    "MatchCount": 26061,
    "MatchCountPercent": 99.405
  },
  {
    "BuildPrev": "6.0.1.18297",
    "BuildCur": "6.0.1.18322",
    "RecordCountPrev": 26612,
    "RecordCountCur": 26790,
    "MatchCount": 26506,
    "MatchCountPercent": 99.6017
  },
  {
    "BuildPrev": "6.0.1.18322",
    "BuildCur": "6.0.1.18379",
    "RecordCountPrev": 26790,
    "RecordCountCur": 26955,
    "MatchCount": 26642,
    "MatchCountPercent": 99.4476
  },
  {
    "BuildPrev": "6.0.1.18379",
    "BuildCur": "6.0.1.18443",
    "RecordCountPrev": 26955,
    "RecordCountCur": 27328,
    "MatchCount": 23086,
    "MatchCountPercent": 85.6465
  },
  {
    "BuildPrev": "6.0.1.18443",
    "BuildCur": "6.0.1.18471",
    "RecordCountPrev": 27328,
    "RecordCountCur": 27496,
    "MatchCount": 27299,
    "MatchCountPercent": 99.8939
  },
  {
    "BuildPrev": "6.0.1.18471",
    "BuildCur": "6.0.1.18505",
    "RecordCountPrev": 27496,
    "RecordCountCur": 27579,
    "MatchCount": 26254,
    "MatchCountPercent": 95.483
  },
  {
    "BuildPrev": "6.0.1.18505",
    "BuildCur": "6.0.1.18522",
    "RecordCountPrev": 27579,
    "RecordCountCur": 27703,
    "MatchCount": 27540,
    "MatchCountPercent": 99.8586
  },
  {
    "BuildPrev": "6.0.1.18522",
    "BuildCur": "6.0.1.18537",
    "RecordCountPrev": 27703,
    "RecordCountCur": 27771,
    "MatchCount": 27684,
    "MatchCountPercent": 99.9314
  },
  {
    "BuildPrev": "6.0.1.18537",
    "BuildCur": "6.0.1.18566",
    "RecordCountPrev": 27771,
    "RecordCountCur": 27907,
    "MatchCount": 27483,
    "MatchCountPercent": 98.9629
  },
  {
    "BuildPrev": "6.0.1.18566",
    "BuildCur": "6.0.1.18594",
    "RecordCountPrev": 27907,
    "RecordCountCur": 28070,
    "MatchCount": 26969,
    "MatchCountPercent": 96.6388
  },
  {
    "BuildPrev": "6.0.1.18594",
    "BuildCur": "6.0.1.18645",
    "RecordCountPrev": 28070,
    "RecordCountCur": 28070,
    "MatchCount": 28070,
    "MatchCountPercent": 100.0
  },
  {
    "BuildPrev": "6.0.1.18645",
    "BuildCur": "6.0.1.18663",
    "RecordCountPrev": 28070,
    "RecordCountCur": 28300,
    "MatchCount": 24830,
    "MatchCountPercent": 88.4574
  },
  {
    "BuildPrev": "6.0.1.18663",
    "BuildCur": "6.0.1.18685",
    "RecordCountPrev": 28300,
    "RecordCountCur": 28300,
    "MatchCount": 28300,
    "MatchCountPercent": 100.0
  },
  {
    "BuildPrev": "6.0.1.18685",
    "BuildCur": "6.0.1.18689",
    "RecordCountPrev": 28300,
    "RecordCountCur": 28377,
    "MatchCount": 27501,
    "MatchCountPercent": 97.1767
  },
  {
    "BuildPrev": "6.0.1.18689",
    "BuildCur": "6.0.1.18716",
    "RecordCountPrev": 28377,
    "RecordCountCur": 28436,
    "MatchCount": 27784,
    "MatchCountPercent": 97.9103
  },
  {
    "BuildPrev": "6.0.1.18716",
    "BuildCur": "6.0.1.18738",
    "RecordCountPrev": 28436,
    "RecordCountCur": 28666,
    "MatchCount": 28325,
    "MatchCountPercent": 99.6097
  },
  {
    "BuildPrev": "6.0.1.18738",
    "BuildCur": "6.0.2.18764",
    "RecordCountPrev": 28666,
    "RecordCountCur": 28712,
    "MatchCount": 28603,
    "MatchCountPercent": 99.7802
  },
  {
    "BuildPrev": "6.0.2.18764",
    "BuildCur": "6.0.1.18803",
    "RecordCountPrev": 28712,
    "RecordCountCur": 28702,
    "MatchCount": 28665,
    "MatchCountPercent": 99.8363
  },
  {
    "BuildPrev": "6.0.1.18803",
    "BuildCur": "6.0.2.18816",
    "RecordCountPrev": 28702,
    "RecordCountCur": 28756,
    "MatchCount": 27739,
    "MatchCountPercent": 96.6448
  },
  {
    "BuildPrev": "6.0.2.18816",
    "BuildCur": "6.0.2.18833",
    "RecordCountPrev": 28756,
    "RecordCountCur": 28756,
    "MatchCount": 28756,
    "MatchCountPercent": 100.0
  },
  {
    "BuildPrev": "6.0.2.18833",
    "BuildCur": "6.0.2.18837",
    "RecordCountPrev": 28756,
    "RecordCountCur": 28788,
    "MatchCount": 28743,
    "MatchCountPercent": 99.9548
  },
  {
    "BuildPrev": "6.0.2.18837",
    "BuildCur": "6.0.2.18838",
    "RecordCountPrev": 28788,
    "RecordCountCur": 28788,
    "MatchCount": 28788,
    "MatchCountPercent": 100.0
  },
  {
    "BuildPrev": "6.0.2.18838",
    "BuildCur": "6.0.2.18848",
    "RecordCountPrev": 28788,
    "RecordCountCur": 28788,
    "MatchCount": 28788,
    "MatchCountPercent": 100.0
  },
  {
    "BuildPrev": "6.0.2.18848",
    "BuildCur": "6.0.2.18850",
    "RecordCountPrev": 28788,
    "RecordCountCur": 28847,
    "MatchCount": 28410,
    "MatchCountPercent": 98.687
  },
  {
    "BuildPrev": "6.0.2.18850",
    "BuildCur": "6.0.2.18865",
    "RecordCountPrev": 28847,
    "RecordCountCur": 28847,
    "MatchCount": 28847,
    "MatchCountPercent": 100.0
  },
  {
    "BuildPrev": "6.0.2.18865",
    "BuildCur": "6.0.2.18888",
    "RecordCountPrev": 28847,
    "RecordCountCur": 28894,
    "MatchCount": 28819,
    "MatchCountPercent": 99.9029
  },
  {
    "BuildPrev": "6.0.2.18888",
    "BuildCur": "6.0.2.18898",
    "RecordCountPrev": 28894,
    "RecordCountCur": 28898,
    "MatchCount": 28886,
    "MatchCountPercent": 99.9723
  },
  {
    "BuildPrev": "6.0.2.18898",
    "BuildCur": "6.0.2.18909",
    "RecordCountPrev": 28898,
    "RecordCountCur": 28903,
    "MatchCount": 28896,
    "MatchCountPercent": 99.9931
  },
  {
    "BuildPrev": "6.0.2.18909",
    "BuildCur": "6.0.2.18912",
    "RecordCountPrev": 28903,
    "RecordCountCur": 28898,
    "MatchCount": 28896,
    "MatchCountPercent": 99.9758
  },
  {
    "BuildPrev": "6.0.2.18912",
    "BuildCur": "6.0.2.18922",
    "RecordCountPrev": 28898,
    "RecordCountCur": 28903,
    "MatchCount": 28896,
    "MatchCountPercent": 99.9931
  },
  {
    "BuildPrev": "6.0.2.18922",
    "BuildCur": "6.0.2.18927",
    "RecordCountPrev": 28903,
    "RecordCountCur": 28907,
    "MatchCount": 28901,
    "MatchCountPercent": 99.9931
  },
  {
    "BuildPrev": "6.0.2.18927",
    "BuildCur": "6.0.2.18934",
    "RecordCountPrev": 28907,
    "RecordCountCur": 28907,
    "MatchCount": 28907,
    "MatchCountPercent": 100.0
  },
  {
    "BuildPrev": "6.0.2.18934",
    "BuildCur": "6.0.2.18935",
    "RecordCountPrev": 28907,
    "RecordCountCur": 28907,
    "MatchCount": 28905,
    "MatchCountPercent": 99.9931
  },
  {
    "BuildPrev": "6.0.2.18935",
    "BuildCur": "6.0.2.18950",
    "RecordCountPrev": 28907,
    "RecordCountCur": 28908,
    "MatchCount": 28906,
    "MatchCountPercent": 99.9965
  },
  {
    "BuildPrev": "6.0.2.18950",
    "BuildCur": "6.0.2.18965",
    "RecordCountPrev": 28908,
    "RecordCountCur": 28908,
    "MatchCount": 28908,
    "MatchCountPercent": 100.0
  },
  {
    "BuildPrev": "6.0.2.18965",
    "BuildCur": "6.0.2.18967",
    "RecordCountPrev": 28908,
    "RecordCountCur": 28909,
    "MatchCount": 28904,
    "MatchCountPercent": 99.9862
  },
  {
    "BuildPrev": "6.0.2.18967",
    "BuildCur": "6.0.2.18973",
    "RecordCountPrev": 28909,
    "RecordCountCur": 28909,
    "MatchCount": 28909,
    "MatchCountPercent": 100.0
  },
  {
    "BuildPrev": "6.0.2.18973",
    "BuildCur": "6.0.2.18982",
    "RecordCountPrev": 28909,
    "RecordCountCur": 28909,
    "MatchCount": 28909,
    "MatchCountPercent": 100.0
  },
  {
    "BuildPrev": "6.0.2.18982",
    "BuildCur": "6.0.2.18983",
    "RecordCountPrev": 28909,
    "RecordCountCur": 28909,
    "MatchCount": 28909,
    "MatchCountPercent": 100.0
  },
  {
    "BuildPrev": "6.0.2.18983",
    "BuildCur": "6.0.2.18986",
    "RecordCountPrev": 28909,
    "RecordCountCur": 28909,
    "MatchCount": 28909,
    "MatchCountPercent": 100.0
  },
  {
    "BuildPrev": "6.0.2.18986",
    "BuildCur": "6.0.2.18988",
    "RecordCountPrev": 28909,
    "RecordCountCur": 28909,
    "MatchCount": 28909,
    "MatchCountPercent": 100.0
  },
  {
    "BuildPrev": "6.0.2.18988",
    "BuildCur": "6.0.2.18989",
    "RecordCountPrev": 28909,
    "RecordCountCur": 28909,
    "MatchCount": 28909,
    "MatchCountPercent": 100.0
  },
  {
    "BuildPrev": "6.0.2.18989",
    "BuildCur": "6.0.2.18996",
    "RecordCountPrev": 28909,
    "RecordCountCur": 28909,
    "MatchCount": 28909,
    "MatchCountPercent": 100.0
  },
  {
    "BuildPrev": "6.0.2.18996",
    "BuildCur": "6.0.2.19000",
    "RecordCountPrev": 28909,
    "RecordCountCur": 28909,
    "MatchCount": 28909,
    "MatchCountPercent": 100.0
  },
  {
    "BuildPrev": "6.0.2.19000",
    "BuildCur": "6.0.2.19005",
    "RecordCountPrev": 28909,
    "RecordCountCur": 28909,
    "MatchCount": 28909,
    "MatchCountPercent": 100.0
  },
  {
    "BuildPrev": "6.0.2.19005",
    "BuildCur": "6.0.2.19041",
    "RecordCountPrev": 28909,
    "RecordCountCur": 28909,
    "MatchCount": 28909,
    "MatchCountPercent": 100.0
  },
  {
    "BuildPrev": "6.0.2.19041",
    "BuildCur": "6.0.3.19057",
    "RecordCountPrev": 28909,
    "RecordCountCur": 28909,
    "MatchCount": 28909,
    "MatchCountPercent": 100.0
  },
  {
    "BuildPrev": "6.0.3.19057",
    "BuildCur": "6.0.3.19078",
    "RecordCountPrev": 28909,
    "RecordCountCur": 28909,
    "MatchCount": 28909,
    "MatchCountPercent": 100.0
  },
  {
    "BuildPrev": "6.0.3.19078",
    "BuildCur": "6.0.3.19085",
    "RecordCountPrev": 28909,
    "RecordCountCur": 28909,
    "MatchCount": 28909,
    "MatchCountPercent": 100.0
  },
  {
    "BuildPrev": "6.0.3.19085",
    "BuildCur": "6.0.3.19175",
    "RecordCountPrev": 28909,
    "RecordCountCur": 28909,
    "MatchCount": 28909,
    "MatchCountPercent": 100.0
  },
  {
    "BuildPrev": "6.0.3.19175",
    "BuildCur": "6.0.3.19200",
    "RecordCountPrev": 28909,
    "RecordCountCur": 28909,
    "MatchCount": 28909,
    "MatchCountPercent": 100.0
  },
  {
    "BuildPrev": "6.0.3.19200",
    "BuildCur": "6.0.3.19342",
    "RecordCountPrev": 28909,
    "RecordCountCur": 28909,
    "MatchCount": 28909,
    "MatchCountPercent": 100.0
  },
  {
    "BuildPrev": "6.0.3.19342",
    "BuildCur": "6.1.0.19445",
    "RecordCountPrev": 28909,
    "RecordCountCur": 28931,
    "MatchCount": 27442,
    "MatchCountPercent": 94.9255
  },
  {
    "BuildPrev": "6.1.0.19445",
    "BuildCur": "6.1.0.19480",
    "RecordCountPrev": 28931,
    "RecordCountCur": 28943,
    "MatchCount": 28157,
    "MatchCountPercent": 97.3247
  },
  {
    "BuildPrev": "6.1.0.19480",
    "BuildCur": "6.1.0.19508",
    "RecordCountPrev": 28943,
    "RecordCountCur": 28945,
    "MatchCount": 28942,
    "MatchCountPercent": 99.9965
  },
  {
    "BuildPrev": "6.1.0.19508",
    "BuildCur": "6.1.0.19533",
    "RecordCountPrev": 28945,
    "RecordCountCur": 28945,
    "MatchCount": 28945,
    "MatchCountPercent": 100.0
  },
  {
    "BuildPrev": "6.1.0.19533",
    "BuildCur": "6.1.0.19551",
    "RecordCountPrev": 28945,
    "RecordCountCur": 28945,
    "MatchCount": 28945,
    "MatchCountPercent": 100.0
  },
  {
    "BuildPrev": "6.1.0.19551",
    "BuildCur": "6.1.0.19567",
    "RecordCountPrev": 28945,
    "RecordCountCur": 28945,
    "MatchCount": 28943,
    "MatchCountPercent": 99.9931
  },
  {
    "BuildPrev": "6.1.0.19567",
    "BuildCur": "6.1.0.19592",
    "RecordCountPrev": 28945,
    "RecordCountCur": 28946,
    "MatchCount": 28945,
    "MatchCountPercent": 100.0
  },
  {
    "BuildPrev": "6.1.0.19592",
    "BuildCur": "6.1.0.19611",
    "RecordCountPrev": 28946,
    "RecordCountCur": 28946,
    "MatchCount": 28945,
    "MatchCountPercent": 99.9965
  },
  {
    "BuildPrev": "6.1.0.19611",
    "BuildCur": "6.1.0.19622",
    "RecordCountPrev": 28946,
    "RecordCountCur": 28946,
    "MatchCount": 28946,
    "MatchCountPercent": 100.0
  },
  {
    "BuildPrev": "6.1.0.19622",
    "BuildCur": "6.1.0.19634",
    "RecordCountPrev": 28946,
    "RecordCountCur": 28946,
    "MatchCount": 28946,
    "MatchCountPercent": 100.0
  },
  {
    "BuildPrev": "6.1.0.19634",
    "BuildCur": "6.1.0.19702",
    "RecordCountPrev": 28946,
    "RecordCountCur": 28946,
    "MatchCount": 28946,
    "MatchCountPercent": 100.0
  },
  {
    "BuildPrev": "6.1.0.19702",
    "BuildCur": "6.1.2.19711",
    "RecordCountPrev": 28946,
    "RecordCountCur": 28946,
    "MatchCount": 28946,
    "MatchCountPercent": 100.0
  },
  {
    "BuildPrev": "6.1.2.19711",
    "BuildCur": "6.1.2.19728",
    "RecordCountPrev": 28946,
    "RecordCountCur": 28946,
    "MatchCount": 28946,
    "MatchCountPercent": 100.0
  },
  {
    "BuildPrev": "6.1.2.19728",
    "BuildCur": "6.1.2.19750",
    "RecordCountPrev": 28946,
    "RecordCountCur": 28946,
    "MatchCount": 28946,
    "MatchCountPercent": 100.0
  },
  {
    "BuildPrev": "6.1.2.19750",
    "BuildCur": "6.1.2.19769",
    "RecordCountPrev": 28946,
    "RecordCountCur": 28946,
    "MatchCount": 28946,
    "MatchCountPercent": 100.0
  },
  {
    "BuildPrev": "6.1.2.19769",
    "BuildCur": "6.1.2.19783",
    "RecordCountPrev": 28946,
    "RecordCountCur": 28946,
    "MatchCount": 28946,
    "MatchCountPercent": 100.0
  },
  {
    "BuildPrev": "6.1.2.19783",
    "BuildCur": "6.1.2.19793",
    "RecordCountPrev": 28946,
    "RecordCountCur": 28946,
    "MatchCount": 28946,
    "MatchCountPercent": 100.0
  },
  {
    "BuildPrev": "6.1.2.19793",
    "BuildCur": "6.1.2.19802",
    "RecordCountPrev": 28946,
    "RecordCountCur": 28946,
    "MatchCount": 28946,
    "MatchCountPercent": 100.0
  },
  {
    "BuildPrev": "6.1.2.19802",
    "BuildCur": "6.1.2.19831",
    "RecordCountPrev": 28946,
    "RecordCountCur": 28946,
    "MatchCount": 28946,
    "MatchCountPercent": 100.0
  },
  {
    "BuildPrev": "6.1.2.19831",
    "BuildCur": "6.1.2.19854",
    "RecordCountPrev": 28946,
    "RecordCountCur": 28946,
    "MatchCount": 28946,
    "MatchCountPercent": 100.0
  },
  {
    "BuildPrev": "6.1.2.19854",
    "BuildCur": "6.1.2.19865",
    "RecordCountPrev": 28946,
    "RecordCountCur": 28946,
    "MatchCount": 28946,
    "MatchCountPercent": 100.0
  },
  {
    "BuildPrev": "6.1.2.19865",
    "BuildCur": "6.2.0.19890",
    "RecordCountPrev": 28946,
    "RecordCountCur": 29197,
    "MatchCount": 28942,
    "MatchCountPercent": 99.9862
  },
  {
    "BuildPrev": "6.2.0.19890",
    "BuildCur": "6.2.0.19906",
    "RecordCountPrev": 29197,
    "RecordCountCur": 29201,
    "MatchCount": 29193,
    "MatchCountPercent": 99.9863
  },
  {
    "BuildPrev": "6.2.0.19906",
    "BuildCur": "6.2.0.19934",
    "RecordCountPrev": 29201,
    "RecordCountCur": 29206,
    "MatchCount": 29200,
    "MatchCountPercent": 99.9966
  },
  {
    "BuildPrev": "6.2.0.19934",
    "BuildCur": "6.2.0.19953",
    "RecordCountPrev": 29206,
    "RecordCountCur": 29206,
    "MatchCount": 29203,
    "MatchCountPercent": 99.9897
  },
  {
    "BuildPrev": "6.2.0.19953",
    "BuildCur": "6.2.0.19973",
    "RecordCountPrev": 29206,
    "RecordCountCur": 29209,
    "MatchCount": 29201,
    "MatchCountPercent": 99.9829
  },
  {
    "BuildPrev": "6.2.0.19973",
    "BuildCur": "6.2.0.20008",
    "RecordCountPrev": 29209,
    "RecordCountCur": 29222,
    "MatchCount": 29191,
    "MatchCountPercent": 99.9384
  },
  {
    "BuildPrev": "6.2.0.20008",
    "BuildCur": "6.2.0.20033",
    "RecordCountPrev": 29222,
    "RecordCountCur": 29223,
    "MatchCount": 29222,
    "MatchCountPercent": 100.0
  },
  {
    "BuildPrev": "6.2.0.20033",
    "BuildCur": "6.2.0.20051",
    "RecordCountPrev": 29223,
    "RecordCountCur": 29223,
    "MatchCount": 29223,
    "MatchCountPercent": 100.0
  },
  {
    "BuildPrev": "6.2.0.20051",
    "BuildCur": "6.2.0.20061",
    "RecordCountPrev": 29223,
    "RecordCountCur": 29229,
    "MatchCount": 29222,
    "MatchCountPercent": 99.9966
  },
  {
    "BuildPrev": "6.2.0.20061",
    "BuildCur": "6.2.0.20076",
    "RecordCountPrev": 29229,
    "RecordCountCur": 29230,
    "MatchCount": 29229,
    "MatchCountPercent": 100.0
  },
  {
    "BuildPrev": "6.2.0.20076",
    "BuildCur": "6.2.0.20104",
    "RecordCountPrev": 29230,
    "RecordCountCur": 29234,
    "MatchCount": 29230,
    "MatchCountPercent": 100.0
  },
  {
    "BuildPrev": "6.2.0.20104",
    "BuildCur": "6.2.0.20111",
    "RecordCountPrev": 29234,
    "RecordCountCur": 29234,
    "MatchCount": 29234,
    "MatchCountPercent": 100.0
  },
  {
    "BuildPrev": "6.2.0.20111",
    "BuildCur": "6.2.0.20141",
    "RecordCountPrev": 29234,
    "RecordCountCur": 29234,
    "MatchCount": 29233,
    "MatchCountPercent": 99.9966
  },
  {
    "BuildPrev": "6.2.0.20141",
    "BuildCur": "6.2.0.20157",
    "RecordCountPrev": 29234,
    "RecordCountCur": 29234,
    "MatchCount": 29234,
    "MatchCountPercent": 100.0
  },
  {
    "BuildPrev": "6.2.0.20157",
    "BuildCur": "6.2.0.20173",
    "RecordCountPrev": 29234,
    "RecordCountCur": 29234,
    "MatchCount": 29234,
    "MatchCountPercent": 100.0
  },
  {
    "BuildPrev": "6.2.0.20173",
    "BuildCur": "6.2.0.20182",
    "RecordCountPrev": 29234,
    "RecordCountCur": 29234,
    "MatchCount": 29234,
    "MatchCountPercent": 100.0
  },
  {
    "BuildPrev": "6.2.0.20182",
    "BuildCur": "6.2.0.20201",
    "RecordCountPrev": 29234,
    "RecordCountCur": 29234,
    "MatchCount": 29234,
    "MatchCountPercent": 100.0
  },
  {
    "BuildPrev": "6.2.0.20201",
    "BuildCur": "6.2.0.20216",
    "RecordCountPrev": 29234,
    "RecordCountCur": 29234,
    "MatchCount": 29234,
    "MatchCountPercent": 100.0
  },
  {
    "BuildPrev": "6.2.0.20216",
    "BuildCur": "6.2.0.20253",
    "RecordCountPrev": 29234,
    "RecordCountCur": 29234,
    "MatchCount": 29234,
    "MatchCountPercent": 100.0
  },
  {
    "BuildPrev": "6.2.0.20253",
    "BuildCur": "6.2.1.20271",
    "RecordCountPrev": 29234,
    "RecordCountCur": 29238,
    "MatchCount": 29234,
    "MatchCountPercent": 100.0
  },
  {
    "BuildPrev": "6.2.1.20271",
    "BuildCur": "6.2.0.20318",
    "RecordCountPrev": 29238,
    "RecordCountCur": 29234,
    "MatchCount": 29234,
    "MatchCountPercent": 99.9863
  },
  {
    "BuildPrev": "6.2.0.20318",
    "BuildCur": "6.2.1.20328",
    "RecordCountPrev": 29234,
    "RecordCountCur": 29247,
    "MatchCount": 29234,
    "MatchCountPercent": 100.0
  },
  {
    "BuildPrev": "6.2.1.20328",
    "BuildCur": "6.2.0.20338",
    "RecordCountPrev": 29247,
    "RecordCountCur": 29234,
    "MatchCount": 29234,
    "MatchCountPercent": 99.9556
  },
  {
    "BuildPrev": "6.2.0.20338",
    "BuildCur": "6.2.1.20363",
    "RecordCountPrev": 29234,
    "RecordCountCur": 29247,
    "MatchCount": 29234,
    "MatchCountPercent": 100.0
  },
  {
    "BuildPrev": "6.2.1.20363",
    "BuildCur": "6.2.2.20395",
    "RecordCountPrev": 29247,
    "RecordCountCur": 29355,
    "MatchCount": 29245,
    "MatchCountPercent": 99.9932
  },
  {
    "BuildPrev": "6.2.2.20395",
    "BuildCur": "6.2.2.20426",
    "RecordCountPrev": 29355,
    "RecordCountCur": 29355,
    "MatchCount": 29355,
    "MatchCountPercent": 100.0
  },
  {
    "BuildPrev": "6.2.2.20426",
    "BuildCur": "6.2.2.20438",
    "RecordCountPrev": 29355,
    "RecordCountCur": 29355,
    "MatchCount": 29355,
    "MatchCountPercent": 100.0
  },
  {
    "BuildPrev": "6.2.2.20438",
    "BuildCur": "6.2.2.20444",
    "RecordCountPrev": 29355,
    "RecordCountCur": 29355,
    "MatchCount": 29355,
    "MatchCountPercent": 100.0
  },
  {
    "BuildPrev": "6.2.2.20444",
    "BuildCur": "6.2.2.20490",
    "RecordCountPrev": 29355,
    "RecordCountCur": 29355,
    "MatchCount": 29355,
    "MatchCountPercent": 100.0
  },
  {
    "BuildPrev": "6.2.2.20490",
    "BuildCur": "6.2.2.20574",
    "RecordCountPrev": 29355,
    "RecordCountCur": 29355,
    "MatchCount": 29355,
    "MatchCountPercent": 100.0
  },
  {
    "BuildPrev": "6.2.2.20574",
    "BuildCur": "6.2.3.20601",
    "RecordCountPrev": 29355,
    "RecordCountCur": 29358,
    "MatchCount": 29355,
    "MatchCountPercent": 100.0
  },
  {
    "BuildPrev": "6.2.3.20601",
    "BuildCur": "6.2.3.20655",
    "RecordCountPrev": 29358,
    "RecordCountCur": 29358,
    "MatchCount": 29358,
    "MatchCountPercent": 100.0
  },
  {
    "BuildPrev": "6.2.3.20655",
    "BuildCur": "6.2.3.20691",
    "RecordCountPrev": 29358,
    "RecordCountCur": 29358,
    "MatchCount": 29358,
    "MatchCountPercent": 100.0
  },
  {
    "BuildPrev": "6.2.3.20691",
    "BuildCur": "6.2.3.20716",
    "RecordCountPrev": 29358,
    "RecordCountCur": 29358,
    "MatchCount": 29358,
    "MatchCountPercent": 100.0
  },
  {
    "BuildPrev": "6.2.3.20716",
    "BuildCur": "6.2.3.20726",
    "RecordCountPrev": 29358,
    "RecordCountCur": 29358,
    "MatchCount": 29358,
    "MatchCountPercent": 100.0
  },
  {
    "BuildPrev": "6.2.3.20726",
    "BuildCur": "6.2.4.21028",
    "RecordCountPrev": 29358,
    "RecordCountCur": 29358,
    "MatchCount": 29358,
    "MatchCountPercent": 100.0
  },
  {
    "BuildPrev": "6.2.4.21028",
    "BuildCur": "6.2.4.21047",
    "RecordCountPrev": 29358,
    "RecordCountCur": 29358,
    "MatchCount": 29358,
    "MatchCountPercent": 100.0
  },
  {
    "BuildPrev": "6.2.4.21047",
    "BuildCur": "6.2.4.21105",
    "RecordCountPrev": 29358,
    "RecordCountCur": 29358,
    "MatchCount": 29358,
    "MatchCountPercent": 100.0
  },
  {
    "BuildPrev": "6.2.4.21105",
    "BuildCur": "6.2.4.21160",
    "RecordCountPrev": 29358,
    "RecordCountCur": 29358,
    "MatchCount": 29358,
    "MatchCountPercent": 100.0
  },
  {
    "BuildPrev": "6.2.4.21160",
    "BuildCur": "6.2.4.21210",
    "RecordCountPrev": 29358,
    "RecordCountCur": 29358,
    "MatchCount": 29358,
    "MatchCountPercent": 100.0
  },
  {
    "BuildPrev": "6.2.4.21210",
    "BuildCur": "6.2.4.21220",
    "RecordCountPrev": 29358,
    "RecordCountCur": 29358,
    "MatchCount": 29358,
    "MatchCountPercent": 100.0
  },
  {
    "BuildPrev": "6.2.4.21220",
    "BuildCur": "6.2.4.21253",
    "RecordCountPrev": 29358,
    "RecordCountCur": 29358,
    "MatchCount": 29358,
    "MatchCountPercent": 100.0
  },
  {
    "BuildPrev": "6.2.4.21253",
    "BuildCur": "6.2.4.21274",
    "RecordCountPrev": 29358,
    "RecordCountCur": 29358,
    "MatchCount": 29358,
    "MatchCountPercent": 100.0
  },
  {
    "BuildPrev": "6.2.4.21274",
    "BuildCur": "6.2.4.21315",
    "RecordCountPrev": 29358,
    "RecordCountCur": 29358,
    "MatchCount": 29358,
    "MatchCountPercent": 100.0
  },
  {
    "BuildPrev": "6.2.4.21315",
    "BuildCur": "6.2.4.21336",
    "RecordCountPrev": 29358,
    "RecordCountCur": 29358,
    "MatchCount": 29358,
    "MatchCountPercent": 100.0
  },
  {
    "BuildPrev": "6.2.4.21336",
    "BuildCur": "6.2.4.21355",
    "RecordCountPrev": 29358,
    "RecordCountCur": 29358,
    "MatchCount": 29358,
    "MatchCountPercent": 100.0
  },
  {
    "BuildPrev": "6.2.4.21355",
    "BuildCur": "6.2.4.21676",
    "RecordCountPrev": 29358,
    "RecordCountCur": 29358,
    "MatchCount": 29358,
    "MatchCountPercent": 100.0
  },
  {
    "BuildPrev": "6.2.4.21676",
    "BuildCur": "6.2.4.21742",
    "RecordCountPrev": 29358,
    "RecordCountCur": 29358,
    "MatchCount": 29358,
    "MatchCountPercent": 100.0
  }
]