[
  {
    "BuildPrev": "3.0.1.8622",
    "BuildCur": "3.0.1.8634",
    "RecordCountPrev": 3,
    "RecordCountCur": 3,
    "MatchCount": 3,
    "MatchCountPercent": 100.0
  },
  {
    "BuildPrev": "3.0.1.8634",
    "BuildCur": "3.0.1.8681",
    "RecordCountPrev": 3,
    "RecordCountCur": 3,
    "MatchCount": 3,
    "MatchCountPercent": 100.0
  },
  {
    "BuildPrev": "3.0.1.8681",
    "BuildCur": "3.0.1.8714",
    "RecordCountPrev": 3,
    "RecordCountCur": 3,
    "MatchCount": 3,
    "MatchCountPercent": 100.0
  },
  {
    "BuildPrev": "3.0.1.8714",
    "BuildCur": "3.0.1.8770",
    "RecordCountPrev": 3,
    "RecordCountCur": 4,
    "MatchCount": 3,
    "MatchCountPercent": 100.0
  },
  {
    "BuildPrev": "3.0.1.8770",
    "BuildCur": "3.0.1.8788",
    "RecordCountPrev": 4,
    "RecordCountCur": 6,
    "MatchCount": 4,
    "MatchCountPercent": 100.0
  },
  {
    "BuildPrev": "3.0.1.8788",
    "BuildCur": "3.0.1.8820",
    "RecordCountPrev": 6,
    "RecordCountCur": 6,
    "MatchCount": 6,
    "MatchCountPercent": 100.0
  },
  {
    "BuildPrev": "3.0.1.8820",
    "BuildCur": "3.0.1.8874",
    "RecordCountPrev": 6,
    "RecordCountCur": 6,
    "MatchCount": 6,
    "MatchCountPercent": 100.0
  },
  {
    "BuildPrev": "3.0.1.8874",
    "BuildCur": "3.0.1.8885",
    "RecordCountPrev": 6,
    "RecordCountCur": 7,
    "MatchCount": 6,
    "MatchCountPercent": 100.0
  },
  {
    "BuildPrev": "3.0.1.8885",
    "BuildCur": "3.0.2.9056",
    "RecordCountPrev": 7,
    "RecordCountCur": 21,
    "MatchCount": 5,
    "MatchCountPercent": 71.4286
  },
  {
    "BuildPrev": "3.0.2.9056",
    "BuildCur": "3.0.3.9183",
    "RecordCountPrev": 21,
    "RecordCountCur": 21,
    "MatchCount": 21,
    "MatchCountPercent": 100.0
  },
  {
    "BuildPrev": "3.0.3.9183",
    "BuildCur": "3.0.8.9464",
    "RecordCountPrev": 21,
    "RecordCountCur": 21,
    "MatchCount": 21,
    "MatchCountPercent": 100.0
  },
  {
    "BuildPrev": "3.0.8.9464",
    "BuildCur": "3.0.8.9506",
    "RecordCountPrev": 21,
    "RecordCountCur": 21,
    "MatchCount": 21,
    "MatchCountPercent": 100.0
  },
  {
    "BuildPrev": "3.0.8.9506",
    "BuildCur": "3.0.9.9551",
    "RecordCountPrev": 21,
    "RecordCountCur": 21,
    "MatchCount": 21,
    "MatchCountPercent": 100.0
  },
  {
    "BuildPrev": "3.0.9.9551",
    "BuildCur": "3.1.0.9767",
    "RecordCountPrev": 21,
    "RecordCountCur": 23,
    "MatchCount": 21,
    "MatchCountPercent": 100.0
  },
  {
    "BuildPrev": "3.1.0.9767",
    "BuildCur": "3.1.1.9806",
    "RecordCountPrev": 23,
    "RecordCountCur": 23,
    "MatchCount": 23,
    "MatchCountPercent": 100.0
  },
  {
    "BuildPrev": "3.1.1.9806",
    "BuildCur": "3.1.1.9835",
    "RecordCountPrev": 23,
    "RecordCountCur": 23,
    "MatchCount": 23,
    "MatchCountPercent": 100.0
  },
  {
    "BuildPrev": "3.1.1.9835",
    "BuildCur": "3.1.2.9901",
    "RecordCountPrev": 23,
    "RecordCountCur": 23,
    "MatchCount": 23,
    "MatchCountPercent": 100.0
  },
  {
    "BuildPrev": "3.1.2.9901",
    "BuildCur": "3.1.3.9947",
    "RecordCountPrev": 23,
    "RecordCountCur": 23,
    "MatchCount": 23,
    "MatchCountPercent": 100.0
  },
  {
    "BuildPrev": "3.1.3.9947",
    "BuildCur": "3.2.0.10192",
    "RecordCountPrev": 23,
    "RecordCountCur": 25,
    "MatchCount": 23,
    "MatchCountPercent": 100.0
  },
  {
    "BuildPrev": "3.2.0.10192",
    "BuildCur": "3.2.0.10314",
    "RecordCountPrev": 25,
    "RecordCountCur": 25,
    "MatchCount": 25,
    "MatchCountPercent": 100.0
  },
  {
    "BuildPrev": "3.2.0.10314",
    "BuildCur": "3.2.2.10482",
    "RecordCountPrev": 25,
    "RecordCountCur": 25,
    "MatchCount": 25,
    "MatchCountPercent": 100.0
  },
  {
    "BuildPrev": "3.2.2.10482",
    "BuildCur": "3.2.2.10505",
    "RecordCountPrev": 25,
    "RecordCountCur": 25,
    "MatchCount": 25,
    "MatchCountPercent": 100.0
  },
  {
    "BuildPrev": "3.2.2.10505",
    "BuildCur": "3.3.0.10958",
    "RecordCountPrev": 25,
    "RecordCountCur": 26,
    "MatchCount": 25,
    "MatchCountPercent": 100.0
  },
  {
    "BuildPrev": "3.3.0.10958",
    "BuildCur": "3.3.0.11159",
    "RecordCountPrev": 26,
    "RecordCountCur": 26,
    "MatchCount": 26,
    "MatchCountPercent": 100.0
  },
  {
    "BuildPrev": "3.3.0.11159",
    "BuildCur": "3.3.2.11403",
    "RecordCountPrev": 26,
    "RecordCountCur": 26,
    "MatchCount": 26,
    "MatchCountPercent": 100.0
  },
  {
    "BuildPrev": "3.3.2.11403",
    "BuildCur": "3.3.3.11685",
    "RecordCountPrev": 26,
    "RecordCountCur": 26,
    "MatchCount": 26,
    "MatchCountPercent": 100.0
  },
  {
    "BuildPrev": "3.3.3.11685",
    "BuildCur": "3.3.3.11723",
    "RecordCountPrev": 26,
    "RecordCountCur": 26,
    "MatchCount": 26,
    "MatchCountPercent": 100.0
  },
  {
    "BuildPrev": "3.3.3.11723",
    "BuildCur": "3.3.5.12213",
    "RecordCountPrev": 26,
    "RecordCountCur": 26,
    "MatchCount": 26,
    "MatchCountPercent": 100.0
  },
  {
    "BuildPrev": "3.3.5.12213",
    "BuildCur": "3.3.5.12340",
    "RecordCountPrev": 26,
    "RecordCountCur": 26,
    "MatchCount": 26,
    "MatchCountPercent": 100.0
  },
  {
    "BuildPrev": "3.3.5.12340",
    "BuildCur": "4.0.0.11927",
    "RecordCountPrev": 26,
    "RecordCountCur": 27,
    "MatchCount": 0,
    "MatchCountPercent": 0.0
  },
  {
    "BuildPrev": "4.0.0.11927",
    "BuildCur": "4.0.0.12025",
    "RecordCountPrev": 27,
    "RecordCountCur": 30,
    "MatchCount": 0,
    "MatchCountPercent": 0.0
  },
  {
    "BuildPrev": "4.0.0.12025",
    "BuildCur": "4.0.0.12065",
    "RecordCountPrev": 30,
    "RecordCountCur": 30,
    "MatchCount": 30,
    "MatchCountPercent": 100.0
  },
  {
    "BuildPrev": "4.0.0.12065",
    "BuildCur": "4.0.0.12122",
    "RecordCountPrev": 30,
    "RecordCountCur": 30,
    "MatchCount": 0,
    "MatchCountPercent": 0.0
  },
  {
    "BuildPrev": "4.0.0.12122",
    "BuildCur": "4.0.0.12164",
    "RecordCountPrev": 30,
    "RecordCountCur": 30,
    "MatchCount": 30,
    "MatchCountPercent": 100.0
  },
  {
    "BuildPrev": "4.0.0.12164",
    "BuildCur": "4.0.0.12232",
    "RecordCountPrev": 30,
    "RecordCountCur": 30,
    "MatchCount": 0,
    "MatchCountPercent": 0.0
  },
  {
    "BuildPrev": "4.0.0.12232",
    "BuildCur": "4.0.0.12266",
    "RecordCountPrev": 30,
    "RecordCountCur": 30,
    "MatchCount": 29,
    "MatchCountPercent": 96.6667
  },
  {
    "BuildPrev": "4.0.0.12266",
    "BuildCur": "4.0.0.12319",
    "RecordCountPrev": 30,
    "RecordCountCur": 30,
    "MatchCount": 29,
    "MatchCountPercent": 96.6667
  },
  {
    "BuildPrev": "4.0.0.12319",
    "BuildCur": "4.0.0.12911",
    "RecordCountPrev": 30,
    "RecordCountCur": 36,
    "MatchCount": 0,
    "MatchCountPercent": 0.0
  },
  {
    "BuildPrev": "4.0.0.12911",
    "BuildCur": "4.0.1.13164",
    "RecordCountPrev": 36,
    "RecordCountCur": 36,
    "MatchCount": 36,
    "MatchCountPercent": 100.0
  },
  {
    "BuildPrev": "4.0.1.13164",
    "BuildCur": "",
    "RecordCountPrev": 36,
    "RecordCountCur": 36,
    "MatchCount": 36,
    "MatchCountPercent": 100.0
  },
  {
    "BuildPrev": "",
    "BuildCur": "4.0.3.13287",
    "RecordCountPrev": 36,
    "RecordCountCur": 36,
    "MatchCount": 36,
    "MatchCountPercent": 100.0
  },
  {
    "BuildPrev": "4.0.3.13287",
    "BuildCur": "",
    "RecordCountPrev": 36,
    "RecordCountCur": 36,
    "MatchCount": 36,
    "MatchCountPercent": 100.0
  },
  {
    "BuildPrev": "",
    "BuildCur": "4.0.6.13596",
    "RecordCountPrev": 36,
    "RecordCountCur": 36,
    "MatchCount": 36,
    "MatchCountPercent": 100.0
  },
  {
    "BuildPrev": "4.0.6.13596",
    "BuildCur": "",
    "RecordCountPrev": 36,
    "RecordCountCur": 42,
    "MatchCount": 7,
    "MatchCountPercent": 19.4444
  },
  {
    "BuildPrev": "",
    "BuildCur": "4.1.0.13914",
    "RecordCountPrev": 42,
    "RecordCountCur": 43,
    "MatchCount": 8,
    "MatchCountPercent": 19.0476
  },
  {
    "BuildPrev": "4.1.0.13914",
    "BuildCur": "",
    "RecordCountPrev": 43,
    "RecordCountCur": 43,
    "MatchCount": 43,
    "MatchCountPercent": 100.0
  },
  {
    "BuildPrev": "",
    "BuildCur": "4.2.0.14333",
    "RecordCountPrev": 43,
    "RecordCountCur": 45,
    "MatchCount": 4,
    "MatchCountPercent": 9.3023
  },
  {
    "BuildPrev": "4.2.0.14333",
    "BuildCur": "",
    "RecordCountPrev": 45,
    "RecordCountCur": 36,
    "MatchCount": 4,
    "MatchCountPercent": 8.8889
  },
  {
    "BuildPrev": "",
    "BuildCur": "4.2.2.14545",
    "RecordCountPrev": 36,
    "RecordCountCur": 45,
    "MatchCount": 4,
    "MatchCountPercent": 11.1111
  },
  {
    "BuildPrev": "4.2.2.14545",
    "BuildCur": "4.3.0.15005",
    "RecordCountPrev": 45,
    "RecordCountCur": 45,
    "MatchCount": 45,
    "MatchCountPercent": 100.0
  },
  {
    "BuildPrev": "4.3.0.15005",
    "BuildCur": "",
    "RecordCountPrev": 45,
    "RecordCountCur": 45,
    "MatchCount": 45,
    "MatchCountPercent": 100.0
  },
  {
    "BuildPrev": "",
    "BuildCur": "4.3.2.15211",
    "RecordCountPrev": 45,
    "RecordCountCur": 48,
    "MatchCount": 9,
    "MatchCountPercent": 20.0
  },
  {
    "BuildPrev": "4.3.2.15211",
    "BuildCur": "4.3.3.15354",
    "RecordCountPrev": 48,
    "RecordCountCur": 48,
    "MatchCount": 43,
    "MatchCountPercent": 89.5833
  },
  {
    "BuildPrev": "4.3.3.15354",
    "BuildCur": "4.3.4.15595",
    "RecordCountPrev": 48,
    "RecordCountCur": 48,
    "MatchCount": 48,
    "MatchCountPercent": 100.0
  },
  {
    "BuildPrev": "4.3.4.15595",
    "BuildCur": "5.0.1.15464",
    "RecordCountPrev": 48,
    "RecordCountCur": 50,
    "MatchCount": 45,
    "MatchCountPercent": 93.75
  },
  {
    "BuildPrev": "5.0.1.15464",
    "BuildCur": "5.0.1.15508",
    "RecordCountPrev": 50,
    "RecordCountCur": 50,
    "MatchCount": 50,
    "MatchCountPercent": 100.0
  },
  {
    "BuildPrev": "5.0.1.15508",
    "BuildCur": "5.0.1.15544",
    "RecordCountPrev": 50,
    "RecordCountCur": 50,
    "MatchCount": 50,
    "MatchCountPercent": 100.0
  },
  {
    "BuildPrev": "5.0.1.15544",
    "BuildCur": "5.0.1.15589",
    "RecordCountPrev": 50,
    "RecordCountCur": 50,
    "MatchCount": 50,
    "MatchCountPercent": 100.0
  },
  {
    "BuildPrev": "5.0.1.15589",
    "BuildCur": "5.0.1.15640",
    "RecordCountPrev": 50,
    "RecordCountCur": 50,
    "MatchCount": 50,
    "MatchCountPercent": 100.0
  },
  {
    "BuildPrev": "5.0.1.15640",
    "BuildCur": "5.0.1.15650",
    "RecordCountPrev": 50,
    "RecordCountCur": 51,
    "MatchCount": 49,
    "MatchCountPercent": 98.0
  },
  {
    "BuildPrev": "5.0.1.15650",
    "BuildCur": "5.0.1.15657",
    "RecordCountPrev": 51,
    "RecordCountCur": 51,
    "MatchCount": 51,
    "MatchCountPercent": 100.0
  },
  {
    "BuildPrev": "5.0.1.15657",
    "BuildCur": "5.0.1.15662",
    "RecordCountPrev": 51,
    "RecordCountCur": 50,
    "MatchCount": 49,
    "MatchCountPercent": 96.0784
  },
  {
    "BuildPrev": "5.0.1.15662",
    "BuildCur": "5.0.1.15668",
    "RecordCountPrev": 50,
    "RecordCountCur": 52,
    "MatchCount": 5,
    "MatchCountPercent": 10.0
  },
  {
    "BuildPrev": "5.0.1.15668",
    "BuildCur": "5.0.1.15677",
    "RecordCountPrev": 52,
    "RecordCountCur": 52,
    "MatchCount": 52,
    "MatchCountPercent": 100.0
  },
  {
    "BuildPrev": "5.0.1.15677",
    "BuildCur": "5.0.1.15689",
    "RecordCountPrev": 52,
    "RecordCountCur": 52,
    "MatchCount": 8,
    "MatchCountPercent": 15.3846
  },
  {
    "BuildPrev": "5.0.1.15689",
    "BuildCur": "5.0.1.15699",
    "RecordCountPrev": 52,
    "RecordCountCur": 53,
    "MatchCount": 7,
    "MatchCountPercent": 13.4615
  },
  {
    "BuildPrev": "5.0.1.15699",
    "BuildCur": "5.0.1.15726",
    "RecordCountPrev": 53,
    "RecordCountCur": 53,
    "MatchCount": 51,
    "MatchCountPercent": 96.2264
  },
  {
    "BuildPrev": "5.0.1.15726",
    "BuildCur": "5.0.1.15739",
    "RecordCountPrev": 53,
    "RecordCountCur": 53,
    "MatchCount": 53,
    "MatchCountPercent": 100.0
  },
  {
    "BuildPrev": "5.0.1.15739",
    "BuildCur": "5.0.1.15752",
    "RecordCountPrev": 53,
    "RecordCountCur": 53,
    "MatchCount": 53,
    "MatchCountPercent": 100.0
  },
  {
    "BuildPrev": "5.0.1.15752",
    "BuildCur": "5.0.1.15762",
    "RecordCountPrev": 53,
    "RecordCountCur": 53,
    "MatchCount": 53,
    "MatchCountPercent": 100.0
  },
  {
    "BuildPrev": "5.0.1.15762",
    "BuildCur": "5.0.1.15781",
    "RecordCountPrev": 53,
    "RecordCountCur": 53,
    "MatchCount": 53,
    "MatchCountPercent": 100.0
  },
  {
    "BuildPrev": "5.0.1.15781",
    "BuildCur": "5.0.1.15799",
    "RecordCountPrev": 53,
    "RecordCountCur": 53,
    "MatchCount": 23,
    "MatchCountPercent": 43.3962
  },
  {
    "BuildPrev": "5.0.1.15799",
    "BuildCur": "5.0.4.15890",
    "RecordCountPrev": 53,
    "RecordCountCur": 53,
    "MatchCount": 52,
    "MatchCountPercent": 98.1132
  },
  {
    "BuildPrev": "5.0.4.15890",
    "BuildCur": "5.0.4.16016",
    "RecordCountPrev": 53,
    "RecordCountCur": 53,
    "MatchCount": 48,
    "MatchCountPercent": 90.566
  },
  {
    "BuildPrev": "5.0.4.16016",
    "BuildCur": "5.0.5.16048",
    "RecordCountPrev": 53,
    "RecordCountCur": 53,
    "MatchCount": 51,
    "MatchCountPercent": 96.2264
  },
  {
    "BuildPrev": "5.0.5.16048",
    "BuildCur": "5.0.5.16057",
    "RecordCountPrev": 53,
    "RecordCountCur": 53,
    "MatchCount": 53,
    "MatchCountPercent": 100.0
  },
  {
    "BuildPrev": "5.0.5.16057",
    "BuildCur": "5.1.0.16309",
    "RecordCountPrev": 53,
    "RecordCountCur": 54,
    "MatchCount": 51,
    "MatchCountPercent": 96.2264
  },
  {
    "BuildPrev": "5.1.0.16309",
    "BuildCur": "",
    "RecordCountPrev": 54,
    "RecordCountCur": 54,
    "MatchCount": 54,
    "MatchCountPercent": 100.0
  },
  {
    "BuildPrev": "",
    "BuildCur": "5.2.0.16516",
    "RecordCountPrev": 54,
    "RecordCountCur": 56,
    "MatchCount": 0,
    "MatchCountPercent": 0.0
  },
  {
    "BuildPrev": "5.2.0.16516",
    "BuildCur": "5.2.0.16650",
    "RecordCountPrev": 56,
    "RecordCountCur": 56,
    "MatchCount": 54,
    "MatchCountPercent": 96.4286
  },
  {
    "BuildPrev": "5.2.0.16650",
    "BuildCur": "5.3.0.16844",
    "RecordCountPrev": 56,
    "RecordCountCur": 56,
    "MatchCount": 49,
    "MatchCountPercent": 87.5
  },
  {
    "BuildPrev": "5.3.0.16844",
    "BuildCur": "5.3.0.16965",
    "RecordCountPrev": 56,
    "RecordCountCur": 56,
    "MatchCount": 56,
    "MatchCountPercent": 100.0
  },
  {
    "BuildPrev": "5.3.0.16965",
    "BuildCur": "5.3.0.17116",
    "RecordCountPrev": 56,
    "RecordCountCur": 56,
    "MatchCount": 55,
    "MatchCountPercent": 98.2143
  },
  {
    "BuildPrev": "5.3.0.17116",
    "BuildCur": "5.4.0.17266",
    "RecordCountPrev": 56,
    "RecordCountCur": 59,
    "MatchCount": 54,
    "MatchCountPercent": 96.4286
  },
  {
    "BuildPrev": "5.4.0.17266",
    "BuildCur": "5.4.0.17325",
    "RecordCountPrev": 59,
    "RecordCountCur": 59,
    "MatchCount": 54,
    "MatchCountPercent": 91.5254
  },
  {
    "BuildPrev": "5.4.0.17325",
    "BuildCur": "5.4.0.17345",
    "RecordCountPrev": 59,
    "RecordCountCur": 59,
    "MatchCount": 59,
    "MatchCountPercent": 100.0
  },
  {
    "BuildPrev": "5.4.0.17345",
    "BuildCur": "5.4.1.17520",
    "RecordCountPrev": 59,
    "RecordCountCur": 59,
    "MatchCount": 59,
    "MatchCountPercent": 100.0
  },
  {
    "BuildPrev": "5.4.1.17520",
    "BuildCur": "5.4.1.17538",
    "RecordCountPrev": 59,
    "RecordCountCur": 59,
    "MatchCount": 59,
    "MatchCountPercent": 100.0
  },
  {
    "BuildPrev": "5.4.1.17538",
    "BuildCur": "5.4.2.17645",
    "RecordCountPrev": 59,
    "RecordCountCur": 59,
    "MatchCount": 59,
    "MatchCountPercent": 100.0
  },
  {
    "BuildPrev": "5.4.2.17645",
    "BuildCur": "5.4.2.17688",
    "RecordCountPrev": 59,
    "RecordCountCur": 59,
    "MatchCount": 59,
    "MatchCountPercent": 100.0
  },
  {
    "BuildPrev": "5.4.2.17688",
    "BuildCur": "5.4.7.17898",
    "RecordCountPrev": 59,
    "RecordCountCur": 59,
    "MatchCount": 59,
    "MatchCountPercent": 100.0
  },
  {
    "BuildPrev": "5.4.7.17898",
    "BuildCur": "5.4.8.18273",
    "RecordCountPrev": 59,
    "RecordCountCur": 59,
    "MatchCount": 59,
    "MatchCountPercent": 100.0
  },
  {
    "BuildPrev": "5.4.8.18273",
    "BuildCur": "6.0.1.18125",
    "RecordCountPrev": 59,
    "RecordCountCur": 66,
    "MatchCount": 10,
    "MatchCountPercent": 16.9492
  },
  {
    "BuildPrev": "6.0.1.18125",
    "BuildCur": "6.0.1.18156",
    "RecordCountPrev": 66,
    "RecordCountCur": 67,
    "MatchCount": 64,
    "MatchCountPercent": 96.9697
  },
  {
    "BuildPrev": "6.0.1.18156",
    "BuildCur": "6.0.1.18164",
    "RecordCountPrev": 67,
    "RecordCountCur": 67,
    "MatchCount": 50,
    "MatchCountPercent": 74.6269
  },
  {
    "BuildPrev": "6.0.1.18164",
    "BuildCur": "6.0.1.18179",
    "RecordCountPrev": 67,
    "RecordCountCur": 67,
    "MatchCount": 67,
    "MatchCountPercent": 100.0
  },
  {
    "BuildPrev": "6.0.1.18179",
    "BuildCur": "6.0.1.18297",
    "RecordCountPrev": 67,
    "RecordCountCur": 69,
    "MatchCount": 11,
    "MatchCountPercent": 16.4179
  },
  {
    "BuildPrev": "6.0.1.18297",
    "BuildCur": "6.0.1.18322",
    "RecordCountPrev": 69,
    "RecordCountCur": 69,
    "MatchCount": 69,
    "MatchCountPercent": 100.0
  },
  {
    "BuildPrev": "6.0.1.18322",
    "BuildCur": "6.0.1.18379",
    "RecordCountPrev": 69,
    "RecordCountCur": 69,
    "MatchCount": 10,
    "MatchCountPercent": 14.4928
  },
  {
    "BuildPrev": "6.0.1.18379",
    "BuildCur": "6.0.1.18443",
    "RecordCountPrev": 69,
    "RecordCountCur": 70,
    "MatchCount": 66,
    "MatchCountPercent": 95.6522
  },
  {
    "BuildPrev": "6.0.1.18443",
    "BuildCur": "6.0.1.18471",
    "RecordCountPrev": 70,
    "RecordCountCur": 71,
    "MatchCount": 13,
    "MatchCountPercent": 18.5714
  },
  {
    "BuildPrev": "6.0.1.18471",
    "BuildCur": "6.0.1.18505",
    "RecordCountPrev": 71,
    "RecordCountCur": 72,
    "MatchCount": 11,
    "MatchCountPercent": 15.493
  },
  {
    "BuildPrev": "6.0.1.18505",
    "BuildCur": "6.0.1.18522",
    "RecordCountPrev": 72,
    "RecordCountCur": 72,
    "MatchCount": 66,
    "MatchCountPercent": 91.6667
  },
  {
    "BuildPrev": "6.0.1.18522",
    "BuildCur": "6.0.1.18537",
    "RecordCountPrev": 72,
    "RecordCountCur": 72,
    "MatchCount": 72,
    "MatchCountPercent": 100.0
  },
  {
    "BuildPrev": "6.0.1.18537",
    "BuildCur": "6.0.1.18566",
    "RecordCountPrev": 72,
    "RecordCountCur": 74,
    "MatchCount": 11,
    "MatchCountPercent": 15.2778
  },
  {
    "BuildPrev": "6.0.1.18566",
    "BuildCur": "6.0.1.18594",
    "RecordCountPrev": 74,
    "RecordCountCur": 75,
    "MatchCount": 14,
    "MatchCountPercent": 18.9189
  },
  {
    "BuildPrev": "6.0.1.18594",
    "BuildCur": "6.0.1.18645",
    "RecordCountPrev": 75,
    "RecordCountCur": 75,
    "MatchCount": 75,
    "MatchCountPercent": 100.0
  },
  {
    "BuildPrev": "6.0.1.18645",
    "BuildCur": "6.0.1.18663",
    "RecordCountPrev": 75,
    "RecordCountCur": 75,
    "MatchCount": 10,
    "MatchCountPercent": 13.3333
  },
  {
    "BuildPrev": "6.0.1.18663",
    "BuildCur": "6.0.1.18685",
    "RecordCountPrev": 75,
    "RecordCountCur": 75,
    "MatchCount": 74,
    "MatchCountPercent": 98.6667
  },
  {
    "BuildPrev": "6.0.1.18685",
    "BuildCur": "6.0.1.18689",
    "RecordCountPrev": 75,
    "RecordCountCur": 75,
    "MatchCount": 73,
    "MatchCountPercent": 97.3333
  },
  {
    "BuildPrev": "6.0.1.18689",
    "BuildCur": "6.0.1.18716",
    "RecordCountPrev": 75,
    "RecordCountCur": 75,
    "MatchCount": 71,
    "MatchCountPercent": 94.6667
  },
  {
    "BuildPrev": "6.0.1.18716",
    "BuildCur": "6.0.1.18738",
    "RecordCountPrev": 75,
    "RecordCountCur": 75,
    "MatchCount": 68,
    "MatchCountPercent": 90.6667
  },
  {
    "BuildPrev": "6.0.1.18738",
    "BuildCur": "6.0.2.18764",
    "RecordCountPrev": 75,
    "RecordCountCur": 75,
    "MatchCount": 75,
    "MatchCountPercent": 100.0
  },
  {
    "BuildPrev": "6.0.2.18764",
    "BuildCur": "6.0.1.18803",
    "RecordCountPrev": 75,
    "RecordCountCur": 75,
    "MatchCount": 75,
    "MatchCountPercent": 100.0
  },
  {
    "BuildPrev": "6.0.1.18803",
    "BuildCur": "6.0.2.18816",
    "RecordCountPrev": 75,
    "RecordCountCur": 75,
    "MatchCount": 75,
    "MatchCountPercent": 100.0
  },
  {
    "BuildPrev": "6.0.2.18816",
    "BuildCur": "6.0.2.18833",
    "RecordCountPrev": 75,
    "RecordCountCur": 75,
    "MatchCount": 75,
    "MatchCountPercent": 100.0
  },
  {
    "BuildPrev": "6.0.2.18833",
    "BuildCur": "6.0.2.18837",
    "RecordCountPrev": 75,
    "RecordCountCur": 75,
    "MatchCount": 74,
    "MatchCountPercent": 98.6667
  },
  {
    "BuildPrev": "6.0.2.18837",
    "BuildCur": "6.0.2.18838",
    "RecordCountPrev": 75,
    "RecordCountCur": 75,
    "MatchCount": 75,
    "MatchCountPercent": 100.0
  },
  {
    "BuildPrev": "6.0.2.18838",
    "BuildCur": "6.0.2.18848",
    "RecordCountPrev": 75,
    "RecordCountCur": 75,
    "MatchCount": 75,
    "MatchCountPercent": 100.0
  },
  {
    "BuildPrev": "6.0.2.18848",
    "BuildCur": "6.0.2.18850",
    "RecordCountPrev": 75,
    "RecordCountCur": 75,
    "MatchCount": 75,
    "MatchCountPercent": 100.0
  },
  {
    "BuildPrev": "6.0.2.18850",
    "BuildCur": "6.0.2.18865",
    "RecordCountPrev": 75,
    "RecordCountCur": 75,
    "MatchCount": 75,
    "MatchCountPercent": 100.0
  },
  {
    "BuildPrev": "6.0.2.18865",
    "BuildCur": "6.0.2.18888",
    "RecordCountPrev": 75,
    "RecordCountCur": 75,
    "MatchCount": 75,
    "MatchCountPercent": 100.0
  },
  {
    "BuildPrev": "6.0.2.18888",
    "BuildCur": "6.0.2.18898",
    "RecordCountPrev": 75,
    "RecordCountCur": 75,
    "MatchCount": 75,
    "MatchCountPercent": 100.0
  },
  {
    "BuildPrev": "6.0.2.18898",
    "BuildCur": "6.0.2.18909",
    "RecordCountPrev": 75,
    "RecordCountCur": 75,
    "MatchCount": 75,
    "MatchCountPercent": 100.0
  },
  {
    "BuildPrev": "6.0.2.18909",
    "BuildCur": "6.0.2.18912",
    "RecordCountPrev": 75,
    "RecordCountCur": 75,
    "MatchCount": 75,
    "MatchCountPercent": 100.0
  },
  {
    "BuildPrev": "6.0.2.18912",
    "BuildCur": "6.0.2.18922",
    "RecordCountPrev": 75,
    "RecordCountCur": 75,
    "MatchCount": 75,
    "MatchCountPercent": 100.0
  },
  {
    "BuildPrev": "6.0.2.18922",
    "BuildCur": "6.0.2.18927",
    "RecordCountPrev": 75,
    "RecordCountCur": 75,
    "MatchCount": 75,
    "MatchCountPercent": 100.0
  },
  {
    "BuildPrev": "6.0.2.18927",
    "BuildCur": "6.0.2.18934",
    "RecordCountPrev": 75,
    "RecordCountCur": 75,
    "MatchCount": 75,
    "MatchCountPercent": 100.0
  },
  {
    "BuildPrev": "6.0.2.18934",
    "BuildCur": "6.0.2.18935",
    "RecordCountPrev": 75,
    "RecordCountCur": 75,
    "MatchCount": 75,
    "MatchCountPercent": 100.0
  },
  {
    "BuildPrev": "6.0.2.18935",
    "BuildCur": "6.0.2.18950",
    "RecordCountPrev": 75,
    "RecordCountCur": 75,
    "MatchCount": 75,
    "MatchCountPercent": 100.0
  },
  {
    "BuildPrev": "6.0.2.18950",
    "BuildCur": "6.0.2.18965",
    "RecordCountPrev": 75,
    "RecordCountCur": 75,
    "MatchCount": 75,
    "MatchCountPercent": 100.0
  },
  {
    "BuildPrev": "6.0.2.18965",
    "BuildCur": "6.0.2.18967",
    "RecordCountPrev": 75,
    "RecordCountCur": 75,
    "MatchCount": 74,
    "MatchCountPercent": 98.6667
  },
  {
    "BuildPrev": "6.0.2.18967",
    "BuildCur": "6.0.2.18973",
    "RecordCountPrev": 75,
    "RecordCountCur": 75,
    "MatchCount": 75,
    "MatchCountPercent": 100.0
  },
  {
    "BuildPrev": "6.0.2.18973",
    "BuildCur": "6.0.2.18982",
    "RecordCountPrev": 75,
    "RecordCountCur": 75,
    "MatchCount": 75,
    "MatchCountPercent": 100.0
  },
  {
    "BuildPrev": "6.0.2.18982",
    "BuildCur": "6.0.2.18983",
    "RecordCountPrev": 75,
    "RecordCountCur": 75,
    "MatchCount": 75,
    "MatchCountPercent": 100.0
  },
  {
    "BuildPrev": "6.0.2.18983",
    "BuildCur": "6.0.2.18986",
    "RecordCountPrev": 75,
    "RecordCountCur": 75,
    "MatchCount": 75,
    "MatchCountPercent": 100.0
  },
  {
    "BuildPrev": "6.0.2.18986",
    "BuildCur": "6.0.2.18988",
    "RecordCountPrev": 75,
    "RecordCountCur": 75,
    "MatchCount": 75,
    "MatchCountPercent": 100.0
  },
  {
    "BuildPrev": "6.0.2.18988",
    "BuildCur": "6.0.2.18989",
    "RecordCountPrev": 75,
    "RecordCountCur": 75,
    "MatchCount": 75,
    "MatchCountPercent": 100.0
  },
  {
    "BuildPrev": "6.0.2.18989",
    "BuildCur": "6.0.2.18996",
    "RecordCountPrev": 75,
    "RecordCountCur": 75,
    "MatchCount": 75,
    "MatchCountPercent": 100.0
  },
  {
    "BuildPrev": "6.0.2.18996",
    "BuildCur": "6.0.2.19000",
    "RecordCountPrev": 75,
    "RecordCountCur": 75,
    "MatchCount": 75,
    "MatchCountPercent": 100.0
  },
  {
    "BuildPrev": "6.0.2.19000",
    "BuildCur": "6.0.2.19005",
    "RecordCountPrev": 75,
    "RecordCountCur": 75,
    "MatchCount": 75,
    "MatchCountPercent": 100.0
  },
  {
    "BuildPrev": "6.0.2.19005",
    "BuildCur": "6.0.2.19041",
    "RecordCountPrev": 75,
    "RecordCountCur": 75,
    "MatchCount": 74,
    "MatchCountPercent": 98.6667
  },
  {
    "BuildPrev": "6.0.2.19041",
    "BuildCur": "6.0.3.19057",
    "RecordCountPrev": 75,
    "RecordCountCur": 75,
    "MatchCount": 75,
    "MatchCountPercent": 100.0
  },
  {
    "BuildPrev": "6.0.3.19057",
    "BuildCur": "6.0.3.19078",
    "RecordCountPrev": 75,
    "RecordCountCur": 75,
    "MatchCount": 75,
    "MatchCountPercent": 100.0
  },
  {
    "BuildPrev": "6.0.3.19078",
    "BuildCur": "6.0.3.19085",
    "RecordCountPrev": 75,
    "RecordCountCur": 75,
    "MatchCount": 75,
    "MatchCountPercent": 100.0
  },
  {
    "BuildPrev": "6.0.3.19085",
    "BuildCur": "6.0.3.19175",
    "RecordCountPrev": 75,
    "RecordCountCur": 75,
    "MatchCount": 75,
    "MatchCountPercent": 100.0
  },
  {
    "BuildPrev": "6.0.3.19175",
    "BuildCur": "6.0.3.19200",
    "RecordCountPrev": 75,
    "RecordCountCur": 75,
    "MatchCount": 75,
    "MatchCountPercent": 100.0
  },
  {
    "BuildPrev": "6.0.3.19200",
    "BuildCur": "6.0.3.19342",
    "RecordCountPrev": 75,
    "RecordCountCur": 75,
    "MatchCount": 75,
    "MatchCountPercent": 100.0
  },
  {
    "BuildPrev": "6.0.3.19342",
    "BuildCur": "6.1.0.19445",
    "RecordCountPrev": 75,
    "RecordCountCur": 75,
    "MatchCount": 0,
    "MatchCountPercent": 0.0
  },
  {
    "BuildPrev": "6.1.0.19445",
    "BuildCur": "6.1.0.19480",
    "RecordCountPrev": 75,
    "RecordCountCur": 75,
    "MatchCount": 61,
    "MatchCountPercent": 81.3333
  },
  {
    "BuildPrev": "6.1.0.19480",
    "BuildCur": "6.1.0.19508",
    "RecordCountPrev": 75,
    "RecordCountCur": 75,
    "MatchCount": 75,
    "MatchCountPercent": 100.0
  },
  {
    "BuildPrev": "6.1.0.19508",
    "BuildCur": "6.1.0.19533",
    "RecordCountPrev": 75,
    "RecordCountCur": 75,
    "MatchCount": 72,
    "MatchCountPercent": 96.0
  },
  {
    "BuildPrev": "6.1.0.19533",
    "BuildCur": "6.1.0.19551",
    "RecordCountPrev": 75,
    "RecordCountCur": 75,
    "MatchCount": 75,
    "MatchCountPercent": 100.0
  },
  {
    "BuildPrev": "6.1.0.19551",
    "BuildCur": "6.1.0.19567",
    "RecordCountPrev": 75,
    "RecordCountCur": 75,
    "MatchCount": 75,
    "MatchCountPercent": 100.0
  },
  {
    "BuildPrev": "6.1.0.19567",
    "BuildCur": "6.1.0.19592",
    "RecordCountPrev": 75,
    "RecordCountCur": 75,
    "MatchCount": 75,
    "MatchCountPercent": 100.0
  },
  {
    "BuildPrev": "6.1.0.19592",
    "BuildCur": "6.1.0.19611",
    "RecordCountPrev": 75,
    "RecordCountCur": 75,
    "MatchCount": 75,
    "MatchCountPercent": 100.0
  },
  {
    "BuildPrev": "6.1.0.19611",
    "BuildCur": "6.1.0.19622",
    "RecordCountPrev": 75,
    "RecordCountCur": 75,
    "MatchCount": 75,
    "MatchCountPercent": 100.0
  },
  {
    "BuildPrev": "6.1.0.19622",
    "BuildCur": "6.1.0.19634",
    "RecordCountPrev": 75,
    "RecordCountCur": 75,
    "MatchCount": 75,
    "MatchCountPercent": 100.0
  },
  {
    "BuildPrev": "6.1.0.19634",
    "BuildCur": "6.1.0.19702",
    "RecordCountPrev": 75,
    "RecordCountCur": 75,
    "MatchCount": 75,
    "MatchCountPercent": 100.0
  },
  {
    "BuildPrev": "6.1.0.19702",
    "BuildCur": "6.1.2.19711",
    "RecordCountPrev": 75,
    "RecordCountCur": 75,
    "MatchCount": 75,
    "MatchCountPercent": 100.0
  },
  {
    "BuildPrev": "6.1.2.19711",
    "BuildCur": "6.1.2.19728",
    "RecordCountPrev": 75,
    "RecordCountCur": 75,
    "MatchCount": 75,
    "MatchCountPercent": 100.0
  },
  {
    "BuildPrev": "6.1.2.19728",
    "BuildCur": "6.1.2.19750",
    "RecordCountPrev": 75,
    "RecordCountCur": 75,
    "MatchCount": 75,
    "MatchCountPercent": 100.0
  },
  {
    "BuildPrev": "6.1.2.19750",
    "BuildCur": "6.1.2.19769",
    "RecordCountPrev": 75,
    "RecordCountCur": 75,
    "MatchCount": 75,
    "MatchCountPercent": 100.0
  },
  {
    "BuildPrev": "6.1.2.19769",
    "BuildCur": "6.1.2.19783",
    "RecordCountPrev": 75,
    "RecordCountCur": 75,
    "MatchCount": 75,
    "MatchCountPercent": 100.0
  },
  {
    "BuildPrev": "6.1.2.19783",
    "BuildCur": "6.1.2.19793",
    "RecordCountPrev": 75,
    "RecordCountCur": 75,
    "MatchCount": 75,
    "MatchCountPercent": 100.0
  },
  {
    "BuildPrev": "6.1.2.19793",
    "BuildCur": "6.1.2.19802",
    "RecordCountPrev": 75,
    "RecordCountCur": 75,
    "MatchCount": 75,
    "MatchCountPercent": 100.0
  },
  {
    "BuildPrev": "6.1.2.19802",
    "BuildCur": "6.1.2.19831",
    "RecordCountPrev": 75,
    "RecordCountCur": 75,
    "MatchCount": 75,
    "MatchCountPercent": 100.0
  },
  {
    "BuildPrev": "6.1.2.19831",
    "BuildCur": "6.1.2.19854",
    "RecordCountPrev": 75,
    "RecordCountCur": 75,
    "MatchCount": 75,
    "MatchCountPercent": 100.0
  },
  {
    "BuildPrev": "6.1.2.19854",
    "BuildCur": "6.1.2.19865",
    "RecordCountPrev": 75,
    "RecordCountCur": 75,
    "MatchCount": 75,
    "MatchCountPercent": 100.0
  },
  {
    "BuildPrev": "6.1.2.19865",
    "BuildCur": "6.2.0.19890",
    "RecordCountPrev": 75,
    "RecordCountCur": 76,
    "MatchCount": 73,
    "MatchCountPercent": 97.3333
  },
  {
    "BuildPrev": "6.2.0.19890",
    "BuildCur": "6.2.0.19906",
    "RecordCountPrev": 76,
    "RecordCountCur": 76,
    "MatchCount": 76,
    "MatchCountPercent": 100.0
  },
  {
    "BuildPrev": "6.2.0.19906",
    "BuildCur": "6.2.0.19934",
    "RecordCountPrev": 76,
    "RecordCountCur": 77,
    "MatchCount": 76,
    "MatchCountPercent": 100.0
  },
  {
    "BuildPrev": "6.2.0.19934",
    "BuildCur": "6.2.0.19953",
    "RecordCountPrev": 77,
    "RecordCountCur": 77,
    "MatchCount": 75,
    "MatchCountPercent": 97.4026
  },
  {
    "BuildPrev": "6.2.0.19953",
    "BuildCur": "6.2.0.19973",
    "RecordCountPrev": 77,
    "RecordCountCur": 77,
    "MatchCount": 76,
    "MatchCountPercent": 98.7013
  },
  {
    "BuildPrev": "6.2.0.19973",
    "BuildCur": "6.2.0.20008",
    "RecordCountPrev": 77,
    "RecordCountCur": 77,
    "MatchCount": 76,
    "MatchCountPercent": 98.7013
  },
  {
    "BuildPrev": "6.2.0.20008",
    "BuildCur": "6.2.0.20033",
    "RecordCountPrev": 77,
    "RecordCountCur": 77,
    "MatchCount": 31,
    "MatchCountPercent": 40.2597
  },
  {
    "BuildPrev": "6.2.0.20033",
    "BuildCur": "6.2.0.20051",
    "RecordCountPrev": 77,
    "RecordCountCur": 77,
    "MatchCount": 77,
    "MatchCountPercent": 100.0
  },
  {
    "BuildPrev": "6.2.0.20051",
    "BuildCur": "6.2.0.20061",
    "RecordCountPrev": 77,
    "RecordCountCur": 77,
    "MatchCount": 76,
    "MatchCountPercent": 98.7013
  },
  {
    "BuildPrev": "6.2.0.20061",
    "BuildCur": "6.2.0.20076",
    "RecordCountPrev": 77,
    "RecordCountCur": 77,
    "MatchCount": 77,
    "MatchCountPercent": 100.0
  },
  {
    "BuildPrev": "6.2.0.20076",
    "BuildCur": "6.2.0.20104",
    "RecordCountPrev": 77,
    "RecordCountCur": 77,
    "MatchCount": 77,
    "MatchCountPercent": 100.0
  },
  {
    "BuildPrev": "6.2.0.20104",
    "BuildCur": "6.2.0.20111",
    "RecordCountPrev": 77,
    "RecordCountCur": 77,
    "MatchCount": 77,
    "MatchCountPercent": 100.0
  },
  {
    "BuildPrev": "6.2.0.20111",
    "BuildCur": "6.2.0.20141",
    "RecordCountPrev": 77,
    "RecordCountCur": 77,
    "MatchCount": 77,
    "MatchCountPercent": 100.0
  },
  {
    "BuildPrev": "6.2.0.20141",
    "BuildCur": "6.2.0.20157",
    "RecordCountPrev": 77,
    "RecordCountCur": 77,
    "MatchCount": 77,
    "MatchCountPercent": 100.0
  },
  {
    "BuildPrev": "6.2.0.20157",
    "BuildCur": "6.2.0.20173",
    "RecordCountPrev": 77,
    "RecordCountCur": 77,
    "MatchCount": 77,
    "MatchCountPercent": 100.0
  },
  {
    "BuildPrev": "6.2.0.20173",
    "BuildCur": "6.2.0.20182",
    "RecordCountPrev": 77,
    "RecordCountCur": 77,
    "MatchCount": 77,
    "MatchCountPercent": 100.0
  },
  {
    "BuildPrev": "6.2.0.20182",
    "BuildCur": "6.2.0.20201",
    "RecordCountPrev": 77,
    "RecordCountCur": 77,
    "MatchCount": 77,
    "MatchCountPercent": 100.0
  },
  {
    "BuildPrev": "6.2.0.20201",
    "BuildCur": "6.2.0.20216",
    "RecordCountPrev": 77,
    "RecordCountCur": 77,
    "MatchCount": 77,
    "MatchCountPercent": 100.0
  },
  {
    "BuildPrev": "6.2.0.20216",
    "BuildCur": "6.2.0.20253",
    "RecordCountPrev": 77,
    "RecordCountCur": 77,
    "MatchCount": 77,
    "MatchCountPercent": 100.0
  },
  {
    "BuildPrev": "6.2.0.20253",
    "BuildCur": "6.2.1.20271",
    "RecordCountPrev": 77,
    "RecordCountCur": 77,
    "MatchCount": 77,
    "MatchCountPercent": 100.0
  },
  {
    "BuildPrev": "6.2.1.20271",
    "BuildCur": "6.2.0.20318",
    "RecordCountPrev": 77,
    "RecordCountCur": 77,
    "MatchCount": 77,
    "MatchCountPercent": 100.0
  },
  {
    "BuildPrev": "6.2.0.20318",
    "BuildCur": "6.2.1.20328",
    "RecordCountPrev": 77,
    "RecordCountCur": 77,
    "MatchCount": 77,
    "MatchCountPercent": 100.0
  },
  {
    "BuildPrev": "6.2.1.20328",
    "BuildCur": "6.2.0.20338",
    "RecordCountPrev": 77,
    "RecordCountCur": 77,
    "MatchCount": 77,
    "MatchCountPercent": 100.0
  },
  {
    "BuildPrev": "6.2.0.20338",
    "BuildCur": "6.2.1.20363",
    "RecordCountPrev": 77,
    "RecordCountCur": 77,
    "MatchCount": 76,
    "MatchCountPercent": 98.7013
  },
  {
    "BuildPrev": "6.2.1.20363",
    "BuildCur": "6.2.2.20395",
    "RecordCountPrev": 77,
    "RecordCountCur": 78,
    "MatchCount": 77,
    "MatchCountPercent": 100.0
  },
  {
    "BuildPrev": "6.2.2.20395",
    "BuildCur": "6.2.2.20426",
    "RecordCountPrev": 78,
    "RecordCountCur": 78,
    "MatchCount": 77,
    "MatchCountPercent": 98.718
  },
  {
    "BuildPrev": "6.2.2.20426",
    "BuildCur": "6.2.2.20438",
    "RecordCountPrev": 78,
    "RecordCountCur": 78,
    "MatchCount": 78,
    "MatchCountPercent": 100.0
  },
  {
    "BuildPrev": "6.2.2.20438",
    "BuildCur": "6.2.2.20444",
    "RecordCountPrev": 78,
    "RecordCountCur": 78,
    "MatchCount": 78,
    "MatchCountPercent": 100.0
  },
  {
    "BuildPrev": "6.2.2.20444",
    "BuildCur": "6.2.2.20490",
    "RecordCountPrev": 78,
    "RecordCountCur": 78,
    "MatchCount": 78,
    "MatchCountPercent": 100.0
  },
  {
    "BuildPrev": "6.2.2.20490",
    "BuildCur": "6.2.2.20574",
    "RecordCountPrev": 78,
    "RecordCountCur": 78,
    "MatchCount": 78,
    "MatchCountPercent": 100.0
  },
  {
    "BuildPrev": "6.2.2.20574",
    "BuildCur": "6.2.3.20601",
    "RecordCountPrev": 78,
    "RecordCountCur": 79,
    "MatchCount": 78,
    "MatchCountPercent": 100.0
  },
  {
    "BuildPrev": "6.2.3.20601",
    "BuildCur": "6.2.3.20655",
    "RecordCountPrev": 79,
    "RecordCountCur": 79,
    "MatchCount": 76,
    "MatchCountPercent": 96.2025
  },
  {
    "BuildPrev": "6.2.3.20655",
    "BuildCur": "6.2.3.20691",
    "RecordCountPrev": 79,
    "RecordCountCur": 79,
    "MatchCount": 78,
    "MatchCountPercent": 98.7342
  },
  {
    "BuildPrev": "6.2.3.20691",
    "BuildCur": "6.2.3.20716",
    "RecordCountPrev": 79,
    "RecordCountCur": 79,
    "MatchCount": 79,
    "MatchCountPercent": 100.0
  },
  {
    "BuildPrev": "6.2.3.20716",
    "BuildCur": "6.2.3.20726",
    "RecordCountPrev": 79,
    "RecordCountCur": 79,
    "MatchCount": 79,
    "MatchCountPercent": 100.0
  },
  {
    "BuildPrev": "6.2.3.20726",
    "BuildCur": "6.2.4.21028",
    "RecordCountPrev": 79,
    "RecordCountCur": 78,
    "MatchCount": 17,
    "MatchCountPercent": 21.519
  },
  {
    "BuildPrev": "6.2.4.21028",
    "BuildCur": "6.2.4.21047",
    "RecordCountPrev": 78,
    "RecordCountCur": 78,
    "MatchCount": 78,
    "MatchCountPercent": 100.0
  },
  {
    "BuildPrev": "6.2.4.21047",
    "BuildCur": "6.2.4.21105",
    "RecordCountPrev": 78,
    "RecordCountCur": 78,
    "MatchCount": 78,
    "MatchCountPercent": 100.0
  },
  {
    "BuildPrev": "6.2.4.21105",
    "BuildCur": "6.2.4.21160",
    "RecordCountPrev": 78,
    "RecordCountCur": 78,
    "MatchCount": 78,
    "MatchCountPercent": 100.0
  },
  {
    "BuildPrev": "6.2.4.21160",
    "BuildCur": "6.2.4.21210",
    "RecordCountPrev": 78,
    "RecordCountCur": 78,
    "MatchCount": 78,
    "MatchCountPercent": 100.0
  },
  {
    "BuildPrev": "6.2.4.21210",
    "BuildCur": "6.2.4.21220",
    "RecordCountPrev": 78,
    "RecordCountCur": 78,
    "MatchCount": 78,
    "MatchCountPercent": 100.0
  },
  {
    "BuildPrev": "6.2.4.21220",
    "BuildCur": "6.2.4.21253",
    "RecordCountPrev": 78,
    "RecordCountCur": 78,
    "MatchCount": 78,
    "MatchCountPercent": 100.0
  },
  {
    "BuildPrev": "6.2.4.21253",
    "BuildCur": "6.2.4.21274",
    "RecordCountPrev": 78,
    "RecordCountCur": 78,
    "MatchCount": 78,
    "MatchCountPercent": 100.0
  },
  {
    "BuildPrev": "6.2.4.21274",
    "BuildCur": "6.2.4.21315",
    "RecordCountPrev": 78,
    "RecordCountCur": 78,
    "MatchCount": 78,
    "MatchCountPercent": 100.0
  },
  {
    "BuildPrev": "6.2.4.21315",
    "BuildCur": "6.2.4.21336",
    "RecordCountPrev": 78,
    "RecordCountCur": 78,
    "MatchCount": 78,
    "MatchCountPercent": 100.0
  },
  {
    "BuildPrev": "6.2.4.21336",
    "BuildCur": "6.2.4.21355",
    "RecordCountPrev": 78,
    "RecordCountCur": 78,
    "MatchCount": 78,
    "MatchCountPercent": 100.0
  },
  {
    "BuildPrev": "6.2.4.21355",
    "BuildCur": "6.2.4.21676",
    "RecordCountPrev": 78,
    "RecordCountCur": 78,
    "MatchCount": 78,
    "MatchCountPercent": 100.0
  },
  {
    "BuildPrev": "6.2.4.21676",
    "BuildCur": "6.2.4.21742",
    "RecordCountPrev": 78,
    "RecordCountCur": 78,
    "MatchCount": 78,
    "MatchCountPercent": 100.0
  }
]