[
  {
    "BuildPrev": "2.4.0.8089",
    "BuildCur": "2.4.1.8125",
    "RecordCountPrev": 55,
    "RecordCountCur": 55,
    "MatchCount": 55,
    "MatchCountPercent": 100.0
  },
  {
    "BuildPrev": "2.4.1.8125",
    "BuildCur": "2.4.2.8278",
    "RecordCountPrev": 55,
    "RecordCountCur": 814,
    "MatchCount": 0,
    "MatchCountPercent": 0.0
  },
  {
    "BuildPrev": "2.4.2.8278",
    "BuildCur": "2.4.3.8606",
    "RecordCountPrev": 814,
    "RecordCountCur": 86861,
    "MatchCount": 37,
    "MatchCountPercent": 4.5455
  },
  {
    "BuildPrev": "2.4.3.8606",
    "BuildCur": "3.0.1.8303",
    "RecordCountPrev": 86861,
    "RecordCountCur": 921,
    "MatchCount": 37,
    "MatchCountPercent": 0.0426
  },
  {
    "BuildPrev": "3.0.1.8303",
    "BuildCur": "3.0.1.8334",
    "RecordCountPrev": 921,
    "RecordCountCur": 921,
    "MatchCount": 921,
    "MatchCountPercent": 100.0
  },
  {
    "BuildPrev": "3.0.1.8334",
    "BuildCur": "3.0.1.8391",
    "RecordCountPrev": 921,
    "RecordCountCur": 921,
    "MatchCount": 921,
    "MatchCountPercent": 100.0
  },
  {
    "BuildPrev": "3.0.1.8391",
    "BuildCur": "3.0.1.8471",
    "RecordCountPrev": 921,
    "RecordCountCur": 921,
    "MatchCount": 921,
    "MatchCountPercent": 100.0
  },
  {
    "BuildPrev": "3.0.1.8471",
    "BuildCur": "3.0.1.8622",
    "RecordCountPrev": 921,
    "RecordCountCur": 86861,
    "MatchCount": 37,
    "MatchCountPercent": 4.0174
  },
  {
    "BuildPrev": "3.0.1.8622",
    "BuildCur": "3.0.1.8634",
    "RecordCountPrev": 86861,
    "RecordCountCur": 86861,
    "MatchCount": 86861,
    "MatchCountPercent": 100.0
  },
  {
    "BuildPrev": "3.0.1.8634",
    "BuildCur": "3.0.1.8681",
    "RecordCountPrev": 86861,
    "RecordCountCur": 86861,
    "MatchCount": 86861,
    "MatchCountPercent": 100.0
  },
  {
    "BuildPrev": "3.0.1.8681",
    "BuildCur": "3.0.1.8714",
    "RecordCountPrev": 86861,
    "RecordCountCur": 86861,
    "MatchCount": 86861,
    "MatchCountPercent": 100.0
  },
  {
    "BuildPrev": "3.0.1.8714",
    "BuildCur": "3.0.1.8770",
    "RecordCountPrev": 86861,
    "RecordCountCur": 86861,
    "MatchCount": 86861,
    "MatchCountPercent": 100.0
  },
  {
    "BuildPrev": "3.0.1.8770",
    "BuildCur": "3.0.1.8788",
    "RecordCountPrev": 86861,
    "RecordCountCur": 86861,
    "MatchCount": 86861,
    "MatchCountPercent": 100.0
  },
  {
    "BuildPrev": "3.0.1.8788",
    "BuildCur": "3.0.1.8820",
    "RecordCountPrev": 86861,
    "RecordCountCur": 86861,
    "MatchCount": 86861,
    "MatchCountPercent": 100.0
  },
  {
    "BuildPrev": "3.0.1.8820",
    "BuildCur": "3.0.1.8874",
    "RecordCountPrev": 86861,
    "RecordCountCur": 86861,
    "MatchCount": 86861,
    "MatchCountPercent": 100.0
  },
  {
    "BuildPrev": "3.0.1.8874",
    "BuildCur": "3.0.1.8885",
    "RecordCountPrev": 86861,
    "RecordCountCur": 86897,
    "MatchCount": 22408,
    "MatchCountPercent": 25.7975
  },
  {
    "BuildPrev": "3.0.1.8885",
    "BuildCur": "3.0.2.9056",
    "RecordCountPrev": 86897,
    "RecordCountCur": 107818,
    "MatchCount": 16,
    "MatchCountPercent": 0.0184
  },
  {
    "BuildPrev": "3.0.2.9056",
    "BuildCur": "3.0.3.9183",
    "RecordCountPrev": 107818,
    "RecordCountCur": 114292,
    "MatchCount": 99,
    "MatchCountPercent": 0.0918
  },
  {
    "BuildPrev": "3.0.3.9183",
    "BuildCur": "3.0.8.9464",
    "RecordCountPrev": 114292,
    "RecordCountCur": 117049,
    "MatchCount": 64,
    "MatchCountPercent": 0.056
  },
  {
    "BuildPrev": "3.0.8.9464",
    "BuildCur": "3.0.8.9506",
    "RecordCountPrev": 117049,
    "RecordCountCur": 117049,
    "MatchCount": 117049,
    "MatchCountPercent": 100.0
  },
  {
    "BuildPrev": "3.0.8.9506",
    "BuildCur": "3.0.9.9551",
    "RecordCountPrev": 117049,
    "RecordCountCur": 117049,
    "MatchCount": 117049,
    "MatchCountPercent": 100.0
  },
  {
    "BuildPrev": "3.0.9.9551",
    "BuildCur": "3.1.0.9767",
    "RecordCountPrev": 117049,
    "RecordCountCur": 121532,
    "MatchCount": 3132,
    "MatchCountPercent": 2.6758
  },
  {
    "BuildPrev": "3.1.0.9767",
    "BuildCur": "3.1.1.9806",
    "RecordCountPrev": 121532,
    "RecordCountCur": 121532,
    "MatchCount": 121532,
    "MatchCountPercent": 100.0
  },
  {
    "BuildPrev": "3.1.1.9806",
    "BuildCur": "3.1.1.9835",
    "RecordCountPrev": 121532,
    "RecordCountCur": 121532,
    "MatchCount": 121532,
    "MatchCountPercent": 100.0
  },
  {
    "BuildPrev": "3.1.1.9835",
    "BuildCur": "3.1.2.9901",
    "RecordCountPrev": 121532,
    "RecordCountCur": 121629,
    "MatchCount": 64,
    "MatchCountPercent": 0.0527
  },
  {
    "BuildPrev": "3.1.2.9901",
    "BuildCur": "3.1.3.9947",
    "RecordCountPrev": 121629,
    "RecordCountCur": 121634,
    "MatchCount": 121629,
    "MatchCountPercent": 100.0
  },
  {
    "BuildPrev": "3.1.3.9947",
    "BuildCur": "3.2.0.10192",
    "RecordCountPrev": 121634,
    "RecordCountCur": 125195,
    "MatchCount": 426,
    "MatchCountPercent": 0.3502
  },
  {
    "BuildPrev": "3.2.0.10192",
    "BuildCur": "3.2.0.10314",
    "RecordCountPrev": 125195,
    "RecordCountCur": 125195,
    "MatchCount": 125195,
    "MatchCountPercent": 100.0
  },
  {
    "BuildPrev": "3.2.0.10314",
    "BuildCur": "3.2.2.10482",
    "RecordCountPrev": 125195,
    "RecordCountCur": 137911,
    "MatchCount": 47,
    "MatchCountPercent": 0.0375
  },
  {
    "BuildPrev": "3.2.2.10482",
    "BuildCur": "3.2.2.10505",
    "RecordCountPrev": 137911,
    "RecordCountCur": 137911,
    "MatchCount": 137911,
    "MatchCountPercent": 100.0
  },
  {
    "BuildPrev": "3.2.2.10505",
    "BuildCur": "3.3.0.10958",
    "RecordCountPrev": 137911,
    "RecordCountCur": 141291,
    "MatchCount": 8336,
    "MatchCountPercent": 6.0445
  },
  {
    "BuildPrev": "3.3.0.10958",
    "BuildCur": "3.3.0.11159",
    "RecordCountPrev": 141291,
    "RecordCountCur": 141291,
    "MatchCount": 141291,
    "MatchCountPercent": 100.0
  },
  {
    "BuildPrev": "3.3.0.11159",
    "BuildCur": "3.3.2.11403",
    "RecordCountPrev": 141291,
    "RecordCountCur": 141853,
    "MatchCount": 11246,
    "MatchCountPercent": 7.9595
  },
  {
    "BuildPrev": "3.3.2.11403",
    "BuildCur": "3.3.3.11685",
    "RecordCountPrev": 141853,
    "RecordCountCur": 141890,
    "MatchCount": 46844,
    "MatchCountPercent": 33.0229
  },
  {
    "BuildPrev": "3.3.3.11685",
    "BuildCur": "3.3.3.11723",
    "RecordCountPrev": 141890,
    "RecordCountCur": 141890,
    "MatchCount": 141890,
    "MatchCountPercent": 100.0
  },
  {
    "BuildPrev": "3.3.3.11723",
    "BuildCur": "3.3.5.12213",
    "RecordCountPrev": 141890,
    "RecordCountCur": 141956,
    "MatchCount": 135939,
    "MatchCountPercent": 95.8059
  },
  {
    "BuildPrev": "3.3.5.12213",
    "BuildCur": "3.3.5.12340",
    "RecordCountPrev": 141956,
    "RecordCountCur": 141956,
    "MatchCount": 141956,
    "MatchCountPercent": 100.0
  },
  {
    "BuildPrev": "3.3.5.12340",
    "BuildCur": "4.0.0.11927",
    "RecordCountPrev": 141956,
    "RecordCountCur": 141895,
    "MatchCount": 135939,
    "MatchCountPercent": 95.7614
  },
  {
    "BuildPrev": "4.0.0.11927",
    "BuildCur": "4.0.0.12025",
    "RecordCountPrev": 141895,
    "RecordCountCur": 141895,
    "MatchCount": 141895,
    "MatchCountPercent": 100.0
  },
  {
    "BuildPrev": "4.0.0.12025",
    "BuildCur": "4.0.0.12065",
    "RecordCountPrev": 141895,
    "RecordCountCur": 141895,
    "MatchCount": 141895,
    "MatchCountPercent": 100.0
  },
  {
    "BuildPrev": "4.0.0.12065",
    "BuildCur": "4.0.0.12122",
    "RecordCountPrev": 141895,
    "RecordCountCur": 141960,
    "MatchCount": 141895,
    "MatchCountPercent": 100.0
  },
  {
    "BuildPrev": "4.0.0.12122",
    "BuildCur": "4.0.0.12164",
    "RecordCountPrev": 141960,
    "RecordCountCur": 141961,
    "MatchCount": 135944,
    "MatchCountPercent": 95.7622
  },
  {
    "BuildPrev": "4.0.0.12164",
    "BuildCur": "4.0.0.12232",
    "RecordCountPrev": 141961,
    "RecordCountCur": 141961,
    "MatchCount": 141961,
    "MatchCountPercent": 100.0
  },
  {
    "BuildPrev": "4.0.0.12232",
    "BuildCur": "4.0.0.12266",
    "RecordCountPrev": 141961,
    "RecordCountCur": 141961,
    "MatchCount": 141961,
    "MatchCountPercent": 100.0
  },
  {
    "BuildPrev": "4.0.0.12266",
    "BuildCur": "4.0.0.12319",
    "RecordCountPrev": 141961,
    "RecordCountCur": 141961,
    "MatchCount": 141961,
    "MatchCountPercent": 100.0
  },
  {
    "BuildPrev": "4.0.0.12319",
    "BuildCur": "4.0.0.12911",
    "RecordCountPrev": 141961,
    "RecordCountCur": 141961,
    "MatchCount": 141961,
    "MatchCountPercent": 100.0
  },
  {
    "BuildPrev": "4.0.0.12911",
    "BuildCur": "4.0.1.13164",
    "RecordCountPrev": 141961,
    "RecordCountCur": 141961,
    "MatchCount": 141961,
    "MatchCountPercent": 100.0
  },
  {
    "BuildPrev": "4.0.1.13164",
    "BuildCur": "",
    "RecordCountPrev": 141961,
    "RecordCountCur": 141961,
    "MatchCount": 141961,
    "MatchCountPercent": 100.0
  },
  {
    "BuildPrev": "",
    "BuildCur": "4.0.3.13287",
    "RecordCountPrev": 141961,
    "RecordCountCur": 141961,
    "MatchCount": 141961,
    "MatchCountPercent": 100.0
  },
  {
    "BuildPrev": "4.0.3.13287",
    "BuildCur": "",
    "RecordCountPrev": 141961,
    "RecordCountCur": 141961,
    "MatchCount": 141961,
    "MatchCountPercent": 100.0
  },
  {
    "BuildPrev": "",
    "BuildCur": "4.0.6.13596",
    "RecordCountPrev": 141961,
    "RecordCountCur": 141961,
    "MatchCount": 141961,
    "MatchCountPercent": 100.0
  },
  {
    "BuildPrev": "4.0.6.13596",
    "BuildCur": "",
    "RecordCountPrev": 141961,
    "RecordCountCur": 185039,
    "MatchCount": 712,
    "MatchCountPercent": 0.5015
  },
  {
    "BuildPrev": "",
    "BuildCur": "4.1.0.13914",
    "RecordCountPrev": 185039,
    "RecordCountCur": 188933,
    "MatchCount": 9859,
    "MatchCountPercent": 5.3281
  },
  {
    "BuildPrev": "4.1.0.13914",
    "BuildCur": "",
    "RecordCountPrev": 188933,
    "RecordCountCur": 188933,
    "MatchCount": 188933,
    "MatchCountPercent": 100.0
  },
  {
    "BuildPrev": "",
    "BuildCur": "4.2.0.14333",
    "RecordCountPrev": 188933,
    "RecordCountCur": 191437,
    "MatchCount": 73981,
    "MatchCountPercent": 39.1573
  },
  {
    "BuildPrev": "4.2.0.14333",
    "BuildCur": "",
    "RecordCountPrev": 191437,
    "RecordCountCur": 141961,
    "MatchCount": 712,
    "MatchCountPercent": 0.3719
  },
  {
    "BuildPrev": "",
    "BuildCur": "4.2.2.14545",
    "RecordCountPrev": 141961,
    "RecordCountCur": 191447,
    "MatchCount": 712,
    "MatchCountPercent": 0.5015
  },
  {
    "BuildPrev": "4.2.2.14545",
    "BuildCur": "4.3.0.15005",
    "RecordCountPrev": 191447,
    "RecordCountCur": 191447,
    "MatchCount": 191447,
    "MatchCountPercent": 100.0
  },
  {
    "BuildPrev": "4.3.0.15005",
    "BuildCur": "",
    "RecordCountPrev": 191447,
    "RecordCountCur": 191447,
    "MatchCount": 191447,
    "MatchCountPercent": 100.0
  },
  {
    "BuildPrev": "",
    "BuildCur": "4.3.2.15211",
    "RecordCountPrev": 191447,
    "RecordCountCur": 193743,
    "MatchCount": 599,
    "MatchCountPercent": 0.3129
  },
  {
    "BuildPrev": "4.3.2.15211",
    "BuildCur": "4.3.3.15354",
    "RecordCountPrev": 193743,
    "RecordCountCur": 193743,
    "MatchCount": 193743,
    "MatchCountPercent": 100.0
  },
  {
    "BuildPrev": "4.3.3.15354",
    "BuildCur": "4.3.4.15595",
    "RecordCountPrev": 193743,
    "RecordCountCur": 193743,
    "MatchCount": 193743,
    "MatchCountPercent": 100.0
  },
  {
    "BuildPrev": "4.3.4.15595",
    "BuildCur": "5.0.1.15464",
    "RecordCountPrev": 193743,
    "RecordCountCur": 194490,
    "MatchCount": 193743,
    "MatchCountPercent": 100.0
  },
  {
    "BuildPrev": "5.0.1.15464",
    "BuildCur": "5.0.1.15508",
    "RecordCountPrev": 194490,
    "RecordCountCur": 194490,
    "MatchCount": 194490,
    "MatchCountPercent": 100.0
  },
  {
    "BuildPrev": "5.0.1.15508",
    "BuildCur": "5.0.1.15544",
    "RecordCountPrev": 194490,
    "RecordCountCur": 194490,
    "MatchCount": 194490,
    "MatchCountPercent": 100.0
  },
  {
    "BuildPrev": "5.0.1.15544",
    "BuildCur": "5.0.1.15589",
    "RecordCountPrev": 194490,
    "RecordCountCur": 194490,
    "MatchCount": 194490,
    "MatchCountPercent": 100.0
  },
  {
    "BuildPrev": "5.0.1.15589",
    "BuildCur": "5.0.1.15640",
    "RecordCountPrev": 194490,
    "RecordCountCur": 194490,
    "MatchCount": 194490,
    "MatchCountPercent": 100.0
  },
  {
    "BuildPrev": "5.0.1.15640",
    "BuildCur": "5.0.1.15650",
    "RecordCountPrev": 194490,
    "RecordCountCur": 194490,
    "MatchCount": 194490,
    "MatchCountPercent": 100.0
  },
  {
    "BuildPrev": "5.0.1.15650",
    "BuildCur": "5.0.1.15657",
    "RecordCountPrev": 194490,
    "RecordCountCur": 194490,
    "MatchCount": 194490,
    "MatchCountPercent": 100.0
  },
  {
    "BuildPrev": "5.0.1.15657",
    "BuildCur": "5.0.1.15662",
    "RecordCountPrev": 194490,
    "RecordCountCur": 194490,
    "MatchCount": 194490,
    "MatchCountPercent": 100.0
  },
  {
    "BuildPrev": "5.0.1.15662",
    "BuildCur": "5.0.1.15668",
    "RecordCountPrev": 194490,
    "RecordCountCur": 194490,
    "MatchCount": 194490,
    "MatchCountPercent": 100.0
  },
  {
    "BuildPrev": "5.0.1.15668",
    "BuildCur": "5.0.1.15677",
    "RecordCountPrev": 194490,
    "RecordCountCur": 194490,
    "MatchCount": 194490,
    "MatchCountPercent": 100.0
  },
  {
    "BuildPrev": "5.0.1.15677",
    "BuildCur": "5.0.1.15689",
    "RecordCountPrev": 194490,
    "RecordCountCur": 194490,
    "MatchCount": 194490,
    "MatchCountPercent": 100.0
  },
  {
    "BuildPrev": "5.0.1.15689",
    "BuildCur": "5.0.1.15699",
    "RecordCountPrev": 194490,
    "RecordCountCur": 194490,
    "MatchCount": 194490,
    "MatchCountPercent": 100.0
  },
  {
    "BuildPrev": "5.0.1.15699",
    "BuildCur": "5.0.1.15726",
    "RecordCountPrev": 194490,
    "RecordCountCur": 194490,
    "MatchCount": 194490,
    "MatchCountPercent": 100.0
  },
  {
    "BuildPrev": "5.0.1.15726",
    "BuildCur": "5.0.1.15739",
    "RecordCountPrev": 194490,
    "RecordCountCur": 194490,
    "MatchCount": 194490,
    "MatchCountPercent": 100.0
  },
  {
    "BuildPrev": "5.0.1.15739",
    "BuildCur": "5.0.1.15752",
    "RecordCountPrev": 194490,
    "RecordCountCur": 194490,
    "MatchCount": 194490,
    "MatchCountPercent": 100.0
  },
  {
    "BuildPrev": "5.0.1.15752",
    "BuildCur": "5.0.1.15762",
    "RecordCountPrev": 194490,
    "RecordCountCur": 194490,
    "MatchCount": 194490,
    "MatchCountPercent": 100.0
  },
  {
    "BuildPrev": "5.0.1.15762",
    "BuildCur": "5.0.1.15781",
    "RecordCountPrev": 194490,
    "RecordCountCur": 194490,
    "MatchCount": 194490,
    "MatchCountPercent": 100.0
  },
  {
    "BuildPrev": "5.0.1.15781",
    "BuildCur": "5.0.1.15799",
    "RecordCountPrev": 194490,
    "RecordCountCur": 194490,
    "MatchCount": 194490,
    "MatchCountPercent": 100.0
  }
]