[
  {
    "BuildPrev": "3.0.1.8303",
    "BuildCur": "3.0.1.8334",
    "RecordCountPrev": 5,
    "RecordCountCur": 5,
    "MatchCount": 5,
    "MatchCountPercent": 100.0
  },
  {
    "BuildPrev": "3.0.1.8334",
    "BuildCur": "3.0.1.8391",
    "RecordCountPrev": 5,
    "RecordCountCur": 7,
    "MatchCount": 5,
    "MatchCountPercent": 100.0
  },
  {
    "BuildPrev": "3.0.1.8391",
    "BuildCur": "3.0.1.8471",
    "RecordCountPrev": 7,
    "RecordCountCur": 7,
    "MatchCount": 7,
    "MatchCountPercent": 100.0
  },
  {
    "BuildPrev": "3.0.1.8471",
    "BuildCur": "3.0.1.8622",
    "RecordCountPrev": 7,
    "RecordCountCur": 7,
    "MatchCount": 0,
    "MatchCountPercent": 0.0
  },
  {
    "BuildPrev": "3.0.1.8622",
    "BuildCur": "3.0.1.8634",
    "RecordCountPrev": 7,
    "RecordCountCur": 7,
    "MatchCount": 7,
    "MatchCountPercent": 100.0
  },
  {
    "BuildPrev": "3.0.1.8634",
    "BuildCur": "3.0.1.8681",
    "RecordCountPrev": 7,
    "RecordCountCur": 7,
    "MatchCount": 6,
    "MatchCountPercent": 85.7143
  },
  {
    "BuildPrev": "3.0.1.8681",
    "BuildCur": "3.0.1.8714",
    "RecordCountPrev": 7,
    "RecordCountCur": 7,
    "MatchCount": 7,
    "MatchCountPercent": 100.0
  },
  {
    "BuildPrev": "3.0.1.8714",
    "BuildCur": "3.0.1.8770",
    "RecordCountPrev": 7,
    "RecordCountCur": 7,
    "MatchCount": 4,
    "MatchCountPercent": 57.1429
  },
  {
    "BuildPrev": "3.0.1.8770",
    "BuildCur": "3.0.1.8788",
    "RecordCountPrev": 7,
    "RecordCountCur": 7,
    "MatchCount": 7,
    "MatchCountPercent": 100.0
  },
  {
    "BuildPrev": "3.0.1.8788",
    "BuildCur": "3.0.1.8820",
    "RecordCountPrev": 7,
    "RecordCountCur": 7,
    "MatchCount": 7,
    "MatchCountPercent": 100.0
  },
  {
    "BuildPrev": "3.0.1.8820",
    "BuildCur": "3.0.1.8874",
    "RecordCountPrev": 7,
    "RecordCountCur": 7,
    "MatchCount": 7,
    "MatchCountPercent": 100.0
  },
  {
    "BuildPrev": "3.0.1.8874",
    "BuildCur": "3.0.1.8885",
    "RecordCountPrev": 7,
    "RecordCountCur": 7,
    "MatchCount": 5,
    "MatchCountPercent": 71.4286
  },
  {
    "BuildPrev": "3.0.1.8885",
    "BuildCur": "3.0.2.9056",
    "RecordCountPrev": 7,
    "RecordCountCur": 7,
    "MatchCount": 7,
    "MatchCountPercent": 100.0
  },
  {
    "BuildPrev": "3.0.2.9056",
    "BuildCur": "3.0.3.9183",
    "RecordCountPrev": 7,
    "RecordCountCur": 7,
    "MatchCount": 7,
    "MatchCountPercent": 100.0
  },
  {
    "BuildPrev": "3.0.3.9183",
    "BuildCur": "3.0.8.9464",
    "RecordCountPrev": 7,
    "RecordCountCur": 7,
    "MatchCount": 7,
    "MatchCountPercent": 100.0
  },
  {
    "BuildPrev": "3.0.8.9464",
    "BuildCur": "3.0.8.9506",
    "RecordCountPrev": 7,
    "RecordCountCur": 7,
    "MatchCount": 7,
    "MatchCountPercent": 100.0
  },
  {
    "BuildPrev": "3.0.8.9506",
    "BuildCur": "3.0.9.9551",
    "RecordCountPrev": 7,
    "RecordCountCur": 7,
    "MatchCount": 7,
    "MatchCountPercent": 100.0
  },
  {
    "BuildPrev": "3.0.9.9551",
    "BuildCur": "3.1.0.9767",
    "RecordCountPrev": 7,
    "RecordCountCur": 39,
    "MatchCount": 3,
    "MatchCountPercent": 42.8571
  },
  {
    "BuildPrev": "3.1.0.9767",
    "BuildCur": "3.1.1.9806",
    "RecordCountPrev": 39,
    "RecordCountCur": 39,
    "MatchCount": 39,
    "MatchCountPercent": 100.0
  },
  {
    "BuildPrev": "3.1.1.9806",
    "BuildCur": "3.1.1.9835",
    "RecordCountPrev": 39,
    "RecordCountCur": 39,
    "MatchCount": 39,
    "MatchCountPercent": 100.0
  },
  {
    "BuildPrev": "3.1.1.9835",
    "BuildCur": "3.1.2.9901",
    "RecordCountPrev": 39,
    "RecordCountCur": 39,
    "MatchCount": 39,
    "MatchCountPercent": 100.0
  },
  {
    "BuildPrev": "3.1.2.9901",
    "BuildCur": "3.1.3.9947",
    "RecordCountPrev": 39,
    "RecordCountCur": 39,
    "MatchCount": 39,
    "MatchCountPercent": 100.0
  },
  {
    "BuildPrev": "3.1.3.9947",
    "BuildCur": "3.2.0.10192",
    "RecordCountPrev": 39,
    "RecordCountCur": 45,
    "MatchCount": 39,
    "MatchCountPercent": 100.0
  },
  {
    "BuildPrev": "3.2.0.10192",
    "BuildCur": "3.2.0.10314",
    "RecordCountPrev": 45,
    "RecordCountCur": 45,
    "MatchCount": 45,
    "MatchCountPercent": 100.0
  },
  {
    "BuildPrev": "3.2.0.10314",
    "BuildCur": "3.2.2.10482",
    "RecordCountPrev": 45,
    "RecordCountCur": 45,
    "MatchCount": 45,
    "MatchCountPercent": 100.0
  },
  {
    "BuildPrev": "3.2.2.10482",
    "BuildCur": "3.2.2.10505",
    "RecordCountPrev": 45,
    "RecordCountCur": 45,
    "MatchCount": 45,
    "MatchCountPercent": 100.0
  },
  {
    "BuildPrev": "3.2.2.10505",
    "BuildCur": "3.3.0.10958",
    "RecordCountPrev": 45,
    "RecordCountCur": 55,
    "MatchCount": 44,
    "MatchCountPercent": 97.7778
  },
  {
    "BuildPrev": "3.3.0.10958",
    "BuildCur": "3.3.0.11159",
    "RecordCountPrev": 55,
    "RecordCountCur": 55,
    "MatchCount": 55,
    "MatchCountPercent": 100.0
  },
  {
    "BuildPrev": "3.3.0.11159",
    "BuildCur": "3.3.2.11403",
    "RecordCountPrev": 55,
    "RecordCountCur": 55,
    "MatchCount": 55,
    "MatchCountPercent": 100.0
  },
  {
    "BuildPrev": "3.3.2.11403",
    "BuildCur": "3.3.3.11685",
    "RecordCountPrev": 55,
    "RecordCountCur": 55,
    "MatchCount": 55,
    "MatchCountPercent": 100.0
  },
  {
    "BuildPrev": "3.3.3.11685",
    "BuildCur": "3.3.3.11723",
    "RecordCountPrev": 55,
    "RecordCountCur": 55,
    "MatchCount": 55,
    "MatchCountPercent": 100.0
  },
  {
    "BuildPrev": "3.3.3.11723",
    "BuildCur": "3.3.5.12213",
    "RecordCountPrev": 55,
    "RecordCountCur": 55,
    "MatchCount": 55,
    "MatchCountPercent": 100.0
  },
  {
    "BuildPrev": "3.3.5.12213",
    "BuildCur": "3.3.5.12340",
    "RecordCountPrev": 55,
    "RecordCountCur": 55,
    "MatchCount": 55,
    "MatchCountPercent": 100.0
  },
  {
    "BuildPrev": "3.3.5.12340",
    "BuildCur": "4.0.0.11927",
    "RecordCountPrev": 55,
    "RecordCountCur": 55,
    "MatchCount": 55,
    "MatchCountPercent": 100.0
  },
  {
    "BuildPrev": "4.0.0.11927",
    "BuildCur": "4.0.0.12025",
    "RecordCountPrev": 55,
    "RecordCountCur": 55,
    "MatchCount": 55,
    "MatchCountPercent": 100.0
  },
  {
    "BuildPrev": "4.0.0.12025",
    "BuildCur": "4.0.0.12065",
    "RecordCountPrev": 55,
    "RecordCountCur": 55,
    "MatchCount": 55,
    "MatchCountPercent": 100.0
  },
  {
    "BuildPrev": "4.0.0.12065",
    "BuildCur": "4.0.0.12122",
    "RecordCountPrev": 55,
    "RecordCountCur": 69,
    "MatchCount": 1,
    "MatchCountPercent": 1.8182
  },
  {
    "BuildPrev": "4.0.0.12122",
    "BuildCur": "4.0.0.12164",
    "RecordCountPrev": 69,
    "RecordCountCur": 85,
    "MatchCount": 65,
    "MatchCountPercent": 94.2029
  },
  {
    "BuildPrev": "4.0.0.12164",
    "BuildCur": "4.0.0.12232",
    "RecordCountPrev": 85,
    "RecordCountCur": 104,
    "MatchCount": 82,
    "MatchCountPercent": 96.4706
  },
  {
    "BuildPrev": "4.0.0.12232",
    "BuildCur": "4.0.0.12266",
    "RecordCountPrev": 104,
    "RecordCountCur": 110,
    "MatchCount": 96,
    "MatchCountPercent": 92.3077
  },
  {
    "BuildPrev": "4.0.0.12266",
    "BuildCur": "4.0.0.12319",
    "RecordCountPrev": 110,
    "RecordCountCur": 115,
    "MatchCount": 110,
    "MatchCountPercent": 100.0
  },
  {
    "BuildPrev": "4.0.0.12319",
    "BuildCur": "4.0.0.12911",
    "RecordCountPrev": 115,
    "RecordCountCur": 158,
    "MatchCount": 98,
    "MatchCountPercent": 85.2174
  },
  {
    "BuildPrev": "4.0.0.12911",
    "BuildCur": "4.0.1.13164",
    "RecordCountPrev": 158,
    "RecordCountCur": 158,
    "MatchCount": 158,
    "MatchCountPercent": 100.0
  },
  {
    "BuildPrev": "4.0.1.13164",
    "BuildCur": "",
    "RecordCountPrev": 158,
    "RecordCountCur": 158,
    "MatchCount": 158,
    "MatchCountPercent": 100.0
  },
  {
    "BuildPrev": "",
    "BuildCur": "4.0.3.13287",
    "RecordCountPrev": 158,
    "RecordCountCur": 158,
    "MatchCount": 158,
    "MatchCountPercent": 100.0
  },
  {
    "BuildPrev": "4.0.3.13287",
    "BuildCur": "",
    "RecordCountPrev": 158,
    "RecordCountCur": 158,
    "MatchCount": 158,
    "MatchCountPercent": 100.0
  },
  {
    "BuildPrev": "",
    "BuildCur": "4.0.6.13596",
    "RecordCountPrev": 158,
    "RecordCountCur": 158,
    "MatchCount": 158,
    "MatchCountPercent": 100.0
  },
  {
    "BuildPrev": "4.0.6.13596",
    "BuildCur": "",
    "RecordCountPrev": 158,
    "RecordCountCur": 133,
    "MatchCount": 71,
    "MatchCountPercent": 44.9367
  },
  {
    "BuildPrev": "",
    "BuildCur": "4.1.0.13914",
    "RecordCountPrev": 133,
    "RecordCountCur": 176,
    "MatchCount": 132,
    "MatchCountPercent": 99.2481
  },
  {
    "BuildPrev": "4.1.0.13914",
    "BuildCur": "",
    "RecordCountPrev": 176,
    "RecordCountCur": 176,
    "MatchCount": 176,
    "MatchCountPercent": 100.0
  },
  {
    "BuildPrev": "",
    "BuildCur": "4.2.0.14333",
    "RecordCountPrev": 176,
    "RecordCountCur": 186,
    "MatchCount": 176,
    "MatchCountPercent": 100.0
  },
  {
    "BuildPrev": "4.2.0.14333",
    "BuildCur": "",
    "RecordCountPrev": 186,
    "RecordCountCur": 158,
    "MatchCount": 70,
    "MatchCountPercent": 37.6344
  },
  {
    "BuildPrev": "",
    "BuildCur": "4.2.2.14545",
    "RecordCountPrev": 158,
    "RecordCountCur": 186,
    "MatchCount": 70,
    "MatchCountPercent": 44.3038
  },
  {
    "BuildPrev": "4.2.2.14545",
    "BuildCur": "4.3.0.15005",
    "RecordCountPrev": 186,
    "RecordCountCur": 186,
    "MatchCount": 186,
    "MatchCountPercent": 100.0
  },
  {
    "BuildPrev": "4.3.0.15005",
    "BuildCur": "",
    "RecordCountPrev": 186,
    "RecordCountCur": 186,
    "MatchCount": 186,
    "MatchCountPercent": 100.0
  },
  {
    "BuildPrev": "",
    "BuildCur": "4.3.2.15211",
    "RecordCountPrev": 186,
    "RecordCountCur": 198,
    "MatchCount": 183,
    "MatchCountPercent": 98.3871
  },
  {
    "BuildPrev": "4.3.2.15211",
    "BuildCur": "4.3.3.15354",
    "RecordCountPrev": 198,
    "RecordCountCur": 198,
    "MatchCount": 198,
    "MatchCountPercent": 100.0
  },
  {
    "BuildPrev": "4.3.3.15354",
    "BuildCur": "4.3.4.15595",
    "RecordCountPrev": 198,
    "RecordCountCur": 198,
    "MatchCount": 198,
    "MatchCountPercent": 100.0
  },
  {
    "BuildPrev": "4.3.4.15595",
    "BuildCur": "5.0.1.15464",
    "RecordCountPrev": 198,
    "RecordCountCur": 255,
    "MatchCount": 195,
    "MatchCountPercent": 98.4849
  },
  {
    "BuildPrev": "5.0.1.15464",
    "BuildCur": "5.0.1.15508",
    "RecordCountPrev": 255,
    "RecordCountCur": 255,
    "MatchCount": 255,
    "MatchCountPercent": 100.0
  },
  {
    "BuildPrev": "5.0.1.15508",
    "BuildCur": "5.0.1.15544",
    "RecordCountPrev": 255,
    "RecordCountCur": 255,
    "MatchCount": 255,
    "MatchCountPercent": 100.0
  },
  {
    "BuildPrev": "5.0.1.15544",
    "BuildCur": "5.0.1.15589",
    "RecordCountPrev": 255,
    "RecordCountCur": 255,
    "MatchCount": 255,
    "MatchCountPercent": 100.0
  },
  {
    "BuildPrev": "5.0.1.15589",
    "BuildCur": "5.0.1.15640",
    "RecordCountPrev": 255,
    "RecordCountCur": 255,
    "MatchCount": 255,
    "MatchCountPercent": 100.0
  },
  {
    "BuildPrev": "5.0.1.15640",
    "BuildCur": "5.0.1.15650",
    "RecordCountPrev": 255,
    "RecordCountCur": 260,
    "MatchCount": 253,
    "MatchCountPercent": 99.2157
  },
  {
    "BuildPrev": "5.0.1.15650",
    "BuildCur": "5.0.1.15657",
    "RecordCountPrev": 260,
    "RecordCountCur": 264,
    "MatchCount": 260,
    "MatchCountPercent": 100.0
  },
  {
    "BuildPrev": "5.0.1.15657",
    "BuildCur": "5.0.1.15662",
    "RecordCountPrev": 264,
    "RecordCountCur": 255,
    "MatchCount": 253,
    "MatchCountPercent": 95.8333
  },
  {
    "BuildPrev": "5.0.1.15662",
    "BuildCur": "5.0.1.15668",
    "RecordCountPrev": 255,
    "RecordCountCur": 269,
    "MatchCount": 253,
    "MatchCountPercent": 99.2157
  },
  {
    "BuildPrev": "5.0.1.15668",
    "BuildCur": "5.0.1.15677",
    "RecordCountPrev": 269,
    "RecordCountCur": 271,
    "MatchCount": 269,
    "MatchCountPercent": 100.0
  },
  {
    "BuildPrev": "5.0.1.15677",
    "BuildCur": "5.0.1.15689",
    "RecordCountPrev": 271,
    "RecordCountCur": 275,
    "MatchCount": 271,
    "MatchCountPercent": 100.0
  },
  {
    "BuildPrev": "5.0.1.15689",
    "BuildCur": "5.0.1.15699",
    "RecordCountPrev": 275,
    "RecordCountCur": 278,
    "MatchCount": 275,
    "MatchCountPercent": 100.0
  },
  {
    "BuildPrev": "5.0.1.15699",
    "BuildCur": "5.0.1.15726",
    "RecordCountPrev": 278,
    "RecordCountCur": 281,
    "MatchCount": 278,
    "MatchCountPercent": 100.0
  },
  {
    "BuildPrev": "5.0.1.15726",
    "BuildCur": "5.0.1.15739",
    "RecordCountPrev": 281,
    "RecordCountCur": 287,
    "MatchCount": 281,
    "MatchCountPercent": 100.0
  },
  {
    "BuildPrev": "5.0.1.15739",
    "BuildCur": "5.0.1.15752",
    "RecordCountPrev": 287,
    "RecordCountCur": 287,
    "MatchCount": 287,
    "MatchCountPercent": 100.0
  },
  {
    "BuildPrev": "5.0.1.15752",
    "BuildCur": "5.0.1.15762",
    "RecordCountPrev": 287,
    "RecordCountCur": 289,
    "MatchCount": 287,
    "MatchCountPercent": 100.0
  },
  {
    "BuildPrev": "5.0.1.15762",
    "BuildCur": "5.0.1.15781",
    "RecordCountPrev": 289,
    "RecordCountCur": 293,
    "MatchCount": 289,
    "MatchCountPercent": 100.0
  },
  {
    "BuildPrev": "5.0.1.15781",
    "BuildCur": "5.0.1.15799",
    "RecordCountPrev": 293,
    "RecordCountCur": 297,
    "MatchCount": 293,
    "MatchCountPercent": 100.0
  },
  {
    "BuildPrev": "5.0.1.15799",
    "BuildCur": "5.0.4.15890",
    "RecordCountPrev": 297,
    "RecordCountCur": 300,
    "MatchCount": 297,
    "MatchCountPercent": 100.0
  },
  {
    "BuildPrev": "5.0.4.15890",
    "BuildCur": "5.0.4.16016",
    "RecordCountPrev": 300,
    "RecordCountCur": 300,
    "MatchCount": 0,
    "MatchCountPercent": 0.0
  },
  {
    "BuildPrev": "5.0.4.16016",
    "BuildCur": "5.0.5.16048",
    "RecordCountPrev": 300,
    "RecordCountCur": 300,
    "MatchCount": 300,
    "MatchCountPercent": 100.0
  },
  {
    "BuildPrev": "5.0.5.16048",
    "BuildCur": "5.0.5.16057",
    "RecordCountPrev": 300,
    "RecordCountCur": 300,
    "MatchCount": 300,
    "MatchCountPercent": 100.0
  },
  {
    "BuildPrev": "5.0.5.16057",
    "BuildCur": "5.1.0.16309",
    "RecordCountPrev": 300,
    "RecordCountCur": 318,
    "MatchCount": 291,
    "MatchCountPercent": 97.0
  },
  {
    "BuildPrev": "5.1.0.16309",
    "BuildCur": "",
    "RecordCountPrev": 318,
    "RecordCountCur": 318,
    "MatchCount": 318,
    "MatchCountPercent": 100.0
  },
  {
    "BuildPrev": "",
    "BuildCur": "5.2.0.16516",
    "RecordCountPrev": 318,
    "RecordCountCur": 330,
    "MatchCount": 311,
    "MatchCountPercent": 97.7987
  },
  {
    "BuildPrev": "5.2.0.16516",
    "BuildCur": "5.2.0.16650",
    "RecordCountPrev": 330,
    "RecordCountCur": 330,
    "MatchCount": 329,
    "MatchCountPercent": 99.697
  },
  {
    "BuildPrev": "5.2.0.16650",
    "BuildCur": "5.3.0.16844",
    "RecordCountPrev": 330,
    "RecordCountCur": 332,
    "MatchCount": 327,
    "MatchCountPercent": 99.0909
  },
  {
    "BuildPrev": "5.3.0.16844",
    "BuildCur": "5.3.0.16965",
    "RecordCountPrev": 332,
    "RecordCountCur": 332,
    "MatchCount": 332,
    "MatchCountPercent": 100.0
  },
  {
    "BuildPrev": "5.3.0.16965",
    "BuildCur": "5.3.0.17116",
    "RecordCountPrev": 332,
    "RecordCountCur": 332,
    "MatchCount": 332,
    "MatchCountPercent": 100.0
  },
  {
    "BuildPrev": "5.3.0.17116",
    "BuildCur": "5.4.0.17266",
    "RecordCountPrev": 332,
    "RecordCountCur": 347,
    "MatchCount": 331,
    "MatchCountPercent": 99.6988
  },
  {
    "BuildPrev": "5.4.0.17266",
    "BuildCur": "5.4.0.17325",
    "RecordCountPrev": 347,
    "RecordCountCur": 347,
    "MatchCount": 347,
    "MatchCountPercent": 100.0
  },
  {
    "BuildPrev": "5.4.0.17325",
    "BuildCur": "5.4.0.17345",
    "RecordCountPrev": 347,
    "RecordCountCur": 347,
    "MatchCount": 347,
    "MatchCountPercent": 100.0
  },
  {
    "BuildPrev": "5.4.0.17345",
    "BuildCur": "5.4.1.17520",
    "RecordCountPrev": 347,
    "RecordCountCur": 347,
    "MatchCount": 347,
    "MatchCountPercent": 100.0
  },
  {
    "BuildPrev": "5.4.1.17520",
    "BuildCur": "5.4.1.17538",
    "RecordCountPrev": 347,
    "RecordCountCur": 347,
    "MatchCount": 347,
    "MatchCountPercent": 100.0
  },
  {
    "BuildPrev": "5.4.1.17538",
    "BuildCur": "5.4.2.17645",
    "RecordCountPrev": 347,
    "RecordCountCur": 347,
    "MatchCount": 347,
    "MatchCountPercent": 100.0
  },
  {
    "BuildPrev": "5.4.2.17645",
    "BuildCur": "5.4.2.17688",
    "RecordCountPrev": 347,
    "RecordCountCur": 347,
    "MatchCount": 347,
    "MatchCountPercent": 100.0
  },
  {
    "BuildPrev": "5.4.2.17688",
    "BuildCur": "5.4.7.17898",
    "RecordCountPrev": 347,
    "RecordCountCur": 347,
    "MatchCount": 347,
    "MatchCountPercent": 100.0
  },
  {
    "BuildPrev": "5.4.7.17898",
    "BuildCur": "5.4.8.18273",
    "RecordCountPrev": 347,
    "RecordCountCur": 347,
    "MatchCount": 347,
    "MatchCountPercent": 100.0
  },
  {
    "BuildPrev": "5.4.8.18273",
    "BuildCur": "6.0.1.18125",
    "RecordCountPrev": 347,
    "RecordCountCur": 355,
    "MatchCount": 346,
    "MatchCountPercent": 99.7118
  },
  {
    "BuildPrev": "6.0.1.18125",
    "BuildCur": "6.0.1.18156",
    "RecordCountPrev": 355,
    "RecordCountCur": 355,
    "MatchCount": 355,
    "MatchCountPercent": 100.0
  },
  {
    "BuildPrev": "6.0.1.18156",
    "BuildCur": "6.0.1.18164",
    "RecordCountPrev": 355,
    "RecordCountCur": 356,
    "MatchCount": 355,
    "MatchCountPercent": 100.0
  },
  {
    "BuildPrev": "6.0.1.18164",
    "BuildCur": "6.0.1.18179",
    "RecordCountPrev": 356,
    "RecordCountCur": 356,
    "MatchCount": 356,
    "MatchCountPercent": 100.0
  },
  {
    "BuildPrev": "6.0.1.18179",
    "BuildCur": "6.0.1.18297",
    "RecordCountPrev": 356,
    "RecordCountCur": 358,
    "MatchCount": 356,
    "MatchCountPercent": 100.0
  },
  {
    "BuildPrev": "6.0.1.18297",
    "BuildCur": "6.0.1.18322",
    "RecordCountPrev": 358,
    "RecordCountCur": 363,
    "MatchCount": 358,
    "MatchCountPercent": 100.0
  },
  {
    "BuildPrev": "6.0.1.18322",
    "BuildCur": "6.0.1.18379",
    "RecordCountPrev": 363,
    "RecordCountCur": 369,
    "MatchCount": 363,
    "MatchCountPercent": 100.0
  },
  {
    "BuildPrev": "6.0.1.18379",
    "BuildCur": "6.0.1.18443",
    "RecordCountPrev": 369,
    "RecordCountCur": 374,
    "MatchCount": 369,
    "MatchCountPercent": 100.0
  },
  {
    "BuildPrev": "6.0.1.18443",
    "BuildCur": "6.0.1.18471",
    "RecordCountPrev": 374,
    "RecordCountCur": 383,
    "MatchCount": 373,
    "MatchCountPercent": 99.7326
  },
  {
    "BuildPrev": "6.0.1.18471",
    "BuildCur": "6.0.1.18505",
    "RecordCountPrev": 383,
    "RecordCountCur": 390,
    "MatchCount": 383,
    "MatchCountPercent": 100.0
  },
  {
    "BuildPrev": "6.0.1.18505",
    "BuildCur": "6.0.1.18522",
    "RecordCountPrev": 390,
    "RecordCountCur": 390,
    "MatchCount": 390,
    "MatchCountPercent": 100.0
  },
  {
    "BuildPrev": "6.0.1.18522",
    "BuildCur": "6.0.1.18537",
    "RecordCountPrev": 390,
    "RecordCountCur": 390,
    "MatchCount": 390,
    "MatchCountPercent": 100.0
  },
  {
    "BuildPrev": "6.0.1.18537",
    "BuildCur": "6.0.1.18566",
    "RecordCountPrev": 390,
    "RecordCountCur": 390,
    "MatchCount": 390,
    "MatchCountPercent": 100.0
  },
  {
    "BuildPrev": "6.0.1.18566",
    "BuildCur": "6.0.1.18594",
    "RecordCountPrev": 390,
    "RecordCountCur": 400,
    "MatchCount": 390,
    "MatchCountPercent": 100.0
  },
  {
    "BuildPrev": "6.0.1.18594",
    "BuildCur": "6.0.1.18645",
    "RecordCountPrev": 400,
    "RecordCountCur": 400,
    "MatchCount": 400,
    "MatchCountPercent": 100.0
  },
  {
    "BuildPrev": "6.0.1.18645",
    "BuildCur": "6.0.1.18663",
    "RecordCountPrev": 400,
    "RecordCountCur": 400,
    "MatchCount": 393,
    "MatchCountPercent": 98.25
  },
  {
    "BuildPrev": "6.0.1.18663",
    "BuildCur": "6.0.1.18685",
    "RecordCountPrev": 400,
    "RecordCountCur": 400,
    "MatchCount": 400,
    "MatchCountPercent": 100.0
  },
  {
    "BuildPrev": "6.0.1.18685",
    "BuildCur": "6.0.1.18689",
    "RecordCountPrev": 400,
    "RecordCountCur": 401,
    "MatchCount": 399,
    "MatchCountPercent": 99.75
  },
  {
    "BuildPrev": "6.0.1.18689",
    "BuildCur": "6.0.1.18716",
    "RecordCountPrev": 401,
    "RecordCountCur": 401,
    "MatchCount": 401,
    "MatchCountPercent": 100.0
  },
  {
    "BuildPrev": "6.0.1.18716",
    "BuildCur": "6.0.1.18738",
    "RecordCountPrev": 401,
    "RecordCountCur": 401,
    "MatchCount": 401,
    "MatchCountPercent": 100.0
  },
  {
    "BuildPrev": "6.0.1.18738",
    "BuildCur": "6.0.2.18764",
    "RecordCountPrev": 401,
    "RecordCountCur": 401,
    "MatchCount": 401,
    "MatchCountPercent": 100.0
  },
  {
    "BuildPrev": "6.0.2.18764",
    "BuildCur": "6.0.1.18803",
    "RecordCountPrev": 401,
    "RecordCountCur": 401,
    "MatchCount": 401,
    "MatchCountPercent": 100.0
  },
  {
    "BuildPrev": "6.0.1.18803",
    "BuildCur": "6.0.2.18816",
    "RecordCountPrev": 401,
    "RecordCountCur": 407,
    "MatchCount": 400,
    "MatchCountPercent": 99.7506
  },
  {
    "BuildPrev": "6.0.2.18816",
    "BuildCur": "6.0.2.18833",
    "RecordCountPrev": 407,
    "RecordCountCur": 407,
    "MatchCount": 407,
    "MatchCountPercent": 100.0
  },
  {
    "BuildPrev": "6.0.2.18833",
    "BuildCur": "6.0.2.18837",
    "RecordCountPrev": 407,
    "RecordCountCur": 408,
    "MatchCount": 407,
    "MatchCountPercent": 100.0
  },
  {
    "BuildPrev": "6.0.2.18837",
    "BuildCur": "6.0.2.18838",
    "RecordCountPrev": 408,
    "RecordCountCur": 408,
    "MatchCount": 408,
    "MatchCountPercent": 100.0
  },
  {
    "BuildPrev": "6.0.2.18838",
    "BuildCur": "6.0.2.18848",
    "RecordCountPrev": 408,
    "RecordCountCur": 408,
    "MatchCount": 408,
    "MatchCountPercent": 100.0
  },
  {
    "BuildPrev": "6.0.2.18848",
    "BuildCur": "6.0.2.18850",
    "RecordCountPrev": 408,
    "RecordCountCur": 407,
    "MatchCount": 407,
    "MatchCountPercent": 99.7549
  },
  {
    "BuildPrev": "6.0.2.18850",
    "BuildCur": "6.0.2.18865",
    "RecordCountPrev": 407,
    "RecordCountCur": 407,
    "MatchCount": 407,
    "MatchCountPercent": 100.0
  },
  {
    "BuildPrev": "6.0.2.18865",
    "BuildCur": "6.0.2.18888",
    "RecordCountPrev": 407,
    "RecordCountCur": 407,
    "MatchCount": 405,
    "MatchCountPercent": 99.5086
  },
  {
    "BuildPrev": "6.0.2.18888",
    "BuildCur": "6.0.2.18898",
    "RecordCountPrev": 407,
    "RecordCountCur": 407,
    "MatchCount": 407,
    "MatchCountPercent": 100.0
  },
  {
    "BuildPrev": "6.0.2.18898",
    "BuildCur": "6.0.2.18909",
    "RecordCountPrev": 407,
    "RecordCountCur": 407,
    "MatchCount": 407,
    "MatchCountPercent": 100.0
  },
  {
    "BuildPrev": "6.0.2.18909",
    "BuildCur": "6.0.2.18912",
    "RecordCountPrev": 407,
    "RecordCountCur": 407,
    "MatchCount": 407,
    "MatchCountPercent": 100.0
  },
  {
    "BuildPrev": "6.0.2.18912",
    "BuildCur": "6.0.2.18922",
    "RecordCountPrev": 407,
    "RecordCountCur": 407,
    "MatchCount": 407,
    "MatchCountPercent": 100.0
  },
  {
    "BuildPrev": "6.0.2.18922",
    "BuildCur": "6.0.2.18927",
    "RecordCountPrev": 407,
    "RecordCountCur": 407,
    "MatchCount": 407,
    "MatchCountPercent": 100.0
  },
  {
    "BuildPrev": "6.0.2.18927",
    "BuildCur": "6.0.2.18934",
    "RecordCountPrev": 407,
    "RecordCountCur": 407,
    "MatchCount": 407,
    "MatchCountPercent": 100.0
  },
  {
    "BuildPrev": "6.0.2.18934",
    "BuildCur": "6.0.2.18935",
    "RecordCountPrev": 407,
    "RecordCountCur": 407,
    "MatchCount": 407,
    "MatchCountPercent": 100.0
  },
  {
    "BuildPrev": "6.0.2.18935",
    "BuildCur": "6.0.2.18950",
    "RecordCountPrev": 407,
    "RecordCountCur": 407,
    "MatchCount": 407,
    "MatchCountPercent": 100.0
  },
  {
    "BuildPrev": "6.0.2.18950",
    "BuildCur": "6.0.2.18965",
    "RecordCountPrev": 407,
    "RecordCountCur": 407,
    "MatchCount": 407,
    "MatchCountPercent": 100.0
  },
  {
    "BuildPrev": "6.0.2.18965",
    "BuildCur": "6.0.2.18967",
    "RecordCountPrev": 407,
    "RecordCountCur": 407,
    "MatchCount": 407,
    "MatchCountPercent": 100.0
  },
  {
    "BuildPrev": "6.0.2.18967",
    "BuildCur": "6.0.2.18973",
    "RecordCountPrev": 407,
    "RecordCountCur": 407,
    "MatchCount": 407,
    "MatchCountPercent": 100.0
  },
  {
    "BuildPrev": "6.0.2.18973",
    "BuildCur": "6.0.2.18982",
    "RecordCountPrev": 407,
    "RecordCountCur": 407,
    "MatchCount": 407,
    "MatchCountPercent": 100.0
  },
  {
    "BuildPrev": "6.0.2.18982",
    "BuildCur": "6.0.2.18983",
    "RecordCountPrev": 407,
    "RecordCountCur": 407,
    "MatchCount": 407,
    "MatchCountPercent": 100.0
  },
  {
    "BuildPrev": "6.0.2.18983",
    "BuildCur": "6.0.2.18986",
    "RecordCountPrev": 407,
    "RecordCountCur": 407,
    "MatchCount": 407,
    "MatchCountPercent": 100.0
  },
  {
    "BuildPrev": "6.0.2.18986",
    "BuildCur": "6.0.2.18988",
    "RecordCountPrev": 407,
    "RecordCountCur": 407,
    "MatchCount": 407,
    "MatchCountPercent": 100.0
  },
  {
    "BuildPrev": "6.0.2.18988",
    "BuildCur": "6.0.2.18989",
    "RecordCountPrev": 407,
    "RecordCountCur": 407,
    "MatchCount": 407,
    "MatchCountPercent": 100.0
  },
  {
    "BuildPrev": "6.0.2.18989",
    "BuildCur": "6.0.2.18996",
    "RecordCountPrev": 407,
    "RecordCountCur": 407,
    "MatchCount": 407,
    "MatchCountPercent": 100.0
  },
  {
    "BuildPrev": "6.0.2.18996",
    "BuildCur": "6.0.2.19000",
    "RecordCountPrev": 407,
    "RecordCountCur": 407,
    "MatchCount": 407,
    "MatchCountPercent": 100.0
  },
  {
    "BuildPrev": "6.0.2.19000",
    "BuildCur": "6.0.2.19005",
    "RecordCountPrev": 407,
    "RecordCountCur": 407,
    "MatchCount": 407,
    "MatchCountPercent": 100.0
  },
  {
    "BuildPrev": "6.0.2.19005",
    "BuildCur": "6.0.2.19041",
    "RecordCountPrev": 407,
    "RecordCountCur": 407,
    "MatchCount": 407,
    "MatchCountPercent": 100.0
  },
  {
    "BuildPrev": "6.0.2.19041",
    "BuildCur": "6.0.3.19057",
    "RecordCountPrev": 407,
    "RecordCountCur": 407,
    "MatchCount": 407,
    "MatchCountPercent": 100.0
  },
  {
    "BuildPrev": "6.0.3.19057",
    "BuildCur": "6.0.3.19078",
    "RecordCountPrev": 407,
    "RecordCountCur": 407,
    "MatchCount": 407,
    "MatchCountPercent": 100.0
  },
  {
    "BuildPrev": "6.0.3.19078",
    "BuildCur": "6.0.3.19085",
    "RecordCountPrev": 407,
    "RecordCountCur": 407,
    "MatchCount": 407,
    "MatchCountPercent": 100.0
  },
  {
    "BuildPrev": "6.0.3.19085",
    "BuildCur": "6.0.3.19175",
    "RecordCountPrev": 407,
    "RecordCountCur": 407,
    "MatchCount": 407,
    "MatchCountPercent": 100.0
  },
  {
    "BuildPrev": "6.0.3.19175",
    "BuildCur": "6.0.3.19200",
    "RecordCountPrev": 407,
    "RecordCountCur": 407,
    "MatchCount": 407,
    "MatchCountPercent": 100.0
  },
  {
    "BuildPrev": "6.0.3.19200",
    "BuildCur": "6.0.3.19342",
    "RecordCountPrev": 407,
    "RecordCountCur": 407,
    "MatchCount": 407,
    "MatchCountPercent": 100.0
  },
  {
    "BuildPrev": "6.0.3.19342",
    "BuildCur": "6.1.0.19445",
    "RecordCountPrev": 407,
    "RecordCountCur": 407,
    "MatchCount": 407,
    "MatchCountPercent": 100.0
  },
  {
    "BuildPrev": "6.1.0.19445",
    "BuildCur": "6.1.0.19480",
    "RecordCountPrev": 407,
    "RecordCountCur": 407,
    "MatchCount": 407,
    "MatchCountPercent": 100.0
  },
  {
    "BuildPrev": "6.1.0.19480",
    "BuildCur": "6.1.0.19508",
    "RecordCountPrev": 407,
    "RecordCountCur": 407,
    "MatchCount": 407,
    "MatchCountPercent": 100.0
  },
  {
    "BuildPrev": "6.1.0.19508",
    "BuildCur": "6.1.0.19533",
    "RecordCountPrev": 407,
    "RecordCountCur": 407,
    "MatchCount": 407,
    "MatchCountPercent": 100.0
  },
  {
    "BuildPrev": "6.1.0.19533",
    "BuildCur": "6.1.0.19551",
    "RecordCountPrev": 407,
    "RecordCountCur": 407,
    "MatchCount": 407,
    "MatchCountPercent": 100.0
  },
  {
    "BuildPrev": "6.1.0.19551",
    "BuildCur": "6.1.0.19567",
    "RecordCountPrev": 407,
    "RecordCountCur": 407,
    "MatchCount": 407,
    "MatchCountPercent": 100.0
  },
  {
    "BuildPrev": "6.1.0.19567",
    "BuildCur": "6.1.0.19592",
    "RecordCountPrev": 407,
    "RecordCountCur": 407,
    "MatchCount": 407,
    "MatchCountPercent": 100.0
  },
  {
    "BuildPrev": "6.1.0.19592",
    "BuildCur": "6.1.0.19611",
    "RecordCountPrev": 407,
    "RecordCountCur": 407,
    "MatchCount": 407,
    "MatchCountPercent": 100.0
  },
  {
    "BuildPrev": "6.1.0.19611",
    "BuildCur": "6.1.0.19622",
    "RecordCountPrev": 407,
    "RecordCountCur": 407,
    "MatchCount": 407,
    "MatchCountPercent": 100.0
  },
  {
    "BuildPrev": "6.1.0.19622",
    "BuildCur": "6.1.0.19634",
    "RecordCountPrev": 407,
    "RecordCountCur": 407,
    "MatchCount": 407,
    "MatchCountPercent": 100.0
  },
  {
    "BuildPrev": "6.1.0.19634",
    "BuildCur": "6.1.0.19702",
    "RecordCountPrev": 407,
    "RecordCountCur": 407,
    "MatchCount": 407,
    "MatchCountPercent": 100.0
  },
  {
    "BuildPrev": "6.1.0.19702",
    "BuildCur": "6.1.2.19711",
    "RecordCountPrev": 407,
    "RecordCountCur": 407,
    "MatchCount": 407,
    "MatchCountPercent": 100.0
  },
  {
    "BuildPrev": "6.1.2.19711",
    "BuildCur": "6.1.2.19728",
    "RecordCountPrev": 407,
    "RecordCountCur": 407,
    "MatchCount": 407,
    "MatchCountPercent": 100.0
  },
  {
    "BuildPrev": "6.1.2.19728",
    "BuildCur": "6.1.2.19750",
    "RecordCountPrev": 407,
    "RecordCountCur": 407,
    "MatchCount": 407,
    "MatchCountPercent": 100.0
  },
  {
    "BuildPrev": "6.1.2.19750",
    "BuildCur": "6.1.2.19769",
    "RecordCountPrev": 407,
    "RecordCountCur": 407,
    "MatchCount": 407,
    "MatchCountPercent": 100.0
  },
  {
    "BuildPrev": "6.1.2.19769",
    "BuildCur": "6.1.2.19783",
    "RecordCountPrev": 407,
    "RecordCountCur": 407,
    "MatchCount": 407,
    "MatchCountPercent": 100.0
  },
  {
    "BuildPrev": "6.1.2.19783",
    "BuildCur": "6.1.2.19793",
    "RecordCountPrev": 407,
    "RecordCountCur": 407,
    "MatchCount": 407,
    "MatchCountPercent": 100.0
  },
  {
    "BuildPrev": "6.1.2.19793",
    "BuildCur": "6.1.2.19802",
    "RecordCountPrev": 407,
    "RecordCountCur": 407,
    "MatchCount": 407,
    "MatchCountPercent": 100.0
  },
  {
    "BuildPrev": "6.1.2.19802",
    "BuildCur": "6.1.2.19831",
    "RecordCountPrev": 407,
    "RecordCountCur": 407,
    "MatchCount": 407,
    "MatchCountPercent": 100.0
  },
  {
    "BuildPrev": "6.1.2.19831",
    "BuildCur": "6.1.2.19854",
    "RecordCountPrev": 407,
    "RecordCountCur": 407,
    "MatchCount": 407,
    "MatchCountPercent": 100.0
  },
  {
    "BuildPrev": "6.1.2.19854",
    "BuildCur": "6.1.2.19865",
    "RecordCountPrev": 407,
    "RecordCountCur": 407,
    "MatchCount": 407,
    "MatchCountPercent": 100.0
  },
  {
    "BuildPrev": "6.1.2.19865",
    "BuildCur": "6.2.0.19890",
    "RecordCountPrev": 407,
    "RecordCountCur": 418,
    "MatchCount": 406,
    "MatchCountPercent": 99.7543
  },
  {
    "BuildPrev": "6.2.0.19890",
    "BuildCur": "6.2.0.19906",
    "RecordCountPrev": 418,
    "RecordCountCur": 418,
    "MatchCount": 418,
    "MatchCountPercent": 100.0
  },
  {
    "BuildPrev": "6.2.0.19906",
    "BuildCur": "6.2.0.19934",
    "RecordCountPrev": 418,
    "RecordCountCur": 418,
    "MatchCount": 418,
    "MatchCountPercent": 100.0
  },
  {
    "BuildPrev": "6.2.0.19934",
    "BuildCur": "6.2.0.19953",
    "RecordCountPrev": 418,
    "RecordCountCur": 418,
    "MatchCount": 418,
    "MatchCountPercent": 100.0
  },
  {
    "BuildPrev": "6.2.0.19953",
    "BuildCur": "6.2.0.19973",
    "RecordCountPrev": 418,
    "RecordCountCur": 418,
    "MatchCount": 418,
    "MatchCountPercent": 100.0
  },
  {
    "BuildPrev": "6.2.0.19973",
    "BuildCur": "6.2.0.20008",
    "RecordCountPrev": 418,
    "RecordCountCur": 418,
    "MatchCount": 418,
    "MatchCountPercent": 100.0
  },
  {
    "BuildPrev": "6.2.0.20008",
    "BuildCur": "6.2.0.20033",
    "RecordCountPrev": 418,
    "RecordCountCur": 418,
    "MatchCount": 418,
    "MatchCountPercent": 100.0
  },
  {
    "BuildPrev": "6.2.0.20033",
    "BuildCur": "6.2.0.20051",
    "RecordCountPrev": 418,
    "RecordCountCur": 418,
    "MatchCount": 418,
    "MatchCountPercent": 100.0
  },
  {
    "BuildPrev": "6.2.0.20051",
    "BuildCur": "6.2.0.20061",
    "RecordCountPrev": 418,
    "RecordCountCur": 418,
    "MatchCount": 418,
    "MatchCountPercent": 100.0
  },
  {
    "BuildPrev": "6.2.0.20061",
    "BuildCur": "6.2.0.20076",
    "RecordCountPrev": 418,
    "RecordCountCur": 418,
    "MatchCount": 418,
    "MatchCountPercent": 100.0
  },
  {
    "BuildPrev": "6.2.0.20076",
    "BuildCur": "6.2.0.20104",
    "RecordCountPrev": 418,
    "RecordCountCur": 418,
    "MatchCount": 418,
    "MatchCountPercent": 100.0
  },
  {
    "BuildPrev": "6.2.0.20104",
    "BuildCur": "6.2.0.20111",
    "RecordCountPrev": 418,
    "RecordCountCur": 418,
    "MatchCount": 418,
    "MatchCountPercent": 100.0
  },
  {
    "BuildPrev": "6.2.0.20111",
    "BuildCur": "6.2.0.20141",
    "RecordCountPrev": 418,
    "RecordCountCur": 418,
    "MatchCount": 418,
    "MatchCountPercent": 100.0
  },
  {
    "BuildPrev": "6.2.0.20141",
    "BuildCur": "6.2.0.20157",
    "RecordCountPrev": 418,
    "RecordCountCur": 418,
    "MatchCount": 418,
    "MatchCountPercent": 100.0
  },
  {
    "BuildPrev": "6.2.0.20157",
    "BuildCur": "6.2.0.20173",
    "RecordCountPrev": 418,
    "RecordCountCur": 418,
    "MatchCount": 418,
    "MatchCountPercent": 100.0
  },
  {
    "BuildPrev": "6.2.0.20173",
    "BuildCur": "6.2.0.20182",
    "RecordCountPrev": 418,
    "RecordCountCur": 418,
    "MatchCount": 418,
    "MatchCountPercent": 100.0
  },
  {
    "BuildPrev": "6.2.0.20182",
    "BuildCur": "6.2.0.20201",
    "RecordCountPrev": 418,
    "RecordCountCur": 418,
    "MatchCount": 418,
    "MatchCountPercent": 100.0
  },
  {
    "BuildPrev": "6.2.0.20201",
    "BuildCur": "6.2.0.20216",
    "RecordCountPrev": 418,
    "RecordCountCur": 418,
    "MatchCount": 418,
    "MatchCountPercent": 100.0
  },
  {
    "BuildPrev": "6.2.0.20216",
    "BuildCur": "6.2.0.20253",
    "RecordCountPrev": 418,
    "RecordCountCur": 418,
    "MatchCount": 418,
    "MatchCountPercent": 100.0
  },
  {
    "BuildPrev": "6.2.0.20253",
    "BuildCur": "6.2.1.20271",
    "RecordCountPrev": 418,
    "RecordCountCur": 418,
    "MatchCount": 418,
    "MatchCountPercent": 100.0
  },
  {
    "BuildPrev": "6.2.1.20271",
    "BuildCur": "6.2.0.20318",
    "RecordCountPrev": 418,
    "RecordCountCur": 418,
    "MatchCount": 418,
    "MatchCountPercent": 100.0
  },
  {
    "BuildPrev": "6.2.0.20318",
    "BuildCur": "6.2.1.20328",
    "RecordCountPrev": 418,
    "RecordCountCur": 418,
    "MatchCount": 418,
    "MatchCountPercent": 100.0
  },
  {
    "BuildPrev": "6.2.1.20328",
    "BuildCur": "6.2.0.20338",
    "RecordCountPrev": 418,
    "RecordCountCur": 418,
    "MatchCount": 418,
    "MatchCountPercent": 100.0
  },
  {
    "BuildPrev": "6.2.0.20338",
    "BuildCur": "6.2.1.20363",
    "RecordCountPrev": 418,
    "RecordCountCur": 418,
    "MatchCount": 418,
    "MatchCountPercent": 100.0
  },
  {
    "BuildPrev": "6.2.1.20363",
    "BuildCur": "6.2.2.20395",
    "RecordCountPrev": 418,
    "RecordCountCur": 418,
    "MatchCount": 418,
    "MatchCountPercent": 100.0
  },
  {
    "BuildPrev": "6.2.2.20395",
    "BuildCur": "6.2.2.20426",
    "RecordCountPrev": 418,
    "RecordCountCur": 418,
    "MatchCount": 418,
    "MatchCountPercent": 100.0
  },
  {
    "BuildPrev": "6.2.2.20426",
    "BuildCur": "6.2.2.20438",
    "RecordCountPrev": 418,
    "RecordCountCur": 418,
    "MatchCount": 418,
    "MatchCountPercent": 100.0
  },
  {
    "BuildPrev": "6.2.2.20438",
    "BuildCur": "6.2.2.20444",
    "RecordCountPrev": 418,
    "RecordCountCur": 418,
    "MatchCount": 418,
    "MatchCountPercent": 100.0
  },
  {
    "BuildPrev": "6.2.2.20444",
    "BuildCur": "6.2.2.20490",
    "RecordCountPrev": 418,
    "RecordCountCur": 418,
    "MatchCount": 418,
    "MatchCountPercent": 100.0
  },
  {
    "BuildPrev": "6.2.2.20490",
    "BuildCur": "6.2.2.20574",
    "RecordCountPrev": 418,
    "RecordCountCur": 418,
    "MatchCount": 418,
    "MatchCountPercent": 100.0
  },
  {
    "BuildPrev": "6.2.2.20574",
    "BuildCur": "6.2.3.20601",
    "RecordCountPrev": 418,
    "RecordCountCur": 418,
    "MatchCount": 418,
    "MatchCountPercent": 100.0
  },
  {
    "BuildPrev": "6.2.3.20601",
    "BuildCur": "6.2.3.20655",
    "RecordCountPrev": 418,
    "RecordCountCur": 418,
    "MatchCount": 418,
    "MatchCountPercent": 100.0
  },
  {
    "BuildPrev": "6.2.3.20655",
    "BuildCur": "6.2.3.20691",
    "RecordCountPrev": 418,
    "RecordCountCur": 418,
    "MatchCount": 418,
    "MatchCountPercent": 100.0
  },
  {
    "BuildPrev": "6.2.3.20691",
    "BuildCur": "6.2.3.20716",
    "RecordCountPrev": 418,
    "RecordCountCur": 418,
    "MatchCount": 418,
    "MatchCountPercent": 100.0
  },
  {
    "BuildPrev": "6.2.3.20716",
    "BuildCur": "6.2.3.20726",
    "RecordCountPrev": 418,
    "RecordCountCur": 418,
    "MatchCount": 418,
    "MatchCountPercent": 100.0
  },
  {
    "BuildPrev": "6.2.3.20726",
    "BuildCur": "6.2.4.21028",
    "RecordCountPrev": 418,
    "RecordCountCur": 418,
    "MatchCount": 418,
    "MatchCountPercent": 100.0
  },
  {
    "BuildPrev": "6.2.4.21028",
    "BuildCur": "6.2.4.21047",
    "RecordCountPrev": 418,
    "RecordCountCur": 418,
    "MatchCount": 418,
    "MatchCountPercent": 100.0
  },
  {
    "BuildPrev": "6.2.4.21047",
    "BuildCur": "6.2.4.21105",
    "RecordCountPrev": 418,
    "RecordCountCur": 418,
    "MatchCount": 418,
    "MatchCountPercent": 100.0
  },
  {
    "BuildPrev": "6.2.4.21105",
    "BuildCur": "6.2.4.21160",
    "RecordCountPrev": 418,
    "RecordCountCur": 418,
    "MatchCount": 418,
    "MatchCountPercent": 100.0
  },
  {
    "BuildPrev": "6.2.4.21160",
    "BuildCur": "6.2.4.21210",
    "RecordCountPrev": 418,
    "RecordCountCur": 418,
    "MatchCount": 418,
    "MatchCountPercent": 100.0
  },
  {
    "BuildPrev": "6.2.4.21210",
    "BuildCur": "6.2.4.21220",
    "RecordCountPrev": 418,
    "RecordCountCur": 418,
    "MatchCount": 418,
    "MatchCountPercent": 100.0
  },
  {
    "BuildPrev": "6.2.4.21220",
    "BuildCur": "6.2.4.21253",
    "RecordCountPrev": 418,
    "RecordCountCur": 418,
    "MatchCount": 418,
    "MatchCountPercent": 100.0
  },
  {
    "BuildPrev": "6.2.4.21253",
    "BuildCur": "6.2.4.21274",
    "RecordCountPrev": 418,
    "RecordCountCur": 418,
    "MatchCount": 418,
    "MatchCountPercent": 100.0
  },
  {
    "BuildPrev": "6.2.4.21274",
    "BuildCur": "6.2.4.21315",
    "RecordCountPrev": 418,
    "RecordCountCur": 418,
    "MatchCount": 418,
    "MatchCountPercent": 100.0
  },
  {
    "BuildPrev": "6.2.4.21315",
    "BuildCur": "6.2.4.21336",
    "RecordCountPrev": 418,
    "RecordCountCur": 418,
    "MatchCount": 418,
    "MatchCountPercent": 100.0
  },
  {
    "BuildPrev": "6.2.4.21336",
    "BuildCur": "6.2.4.21355",
    "RecordCountPrev": 418,
    "RecordCountCur": 418,
    "MatchCount": 418,
    "MatchCountPercent": 100.0
  },
  {
    "BuildPrev": "6.2.4.21355",
    "BuildCur": "6.2.4.21676",
    "RecordCountPrev": 418,
    "RecordCountCur": 418,
    "MatchCount": 418,
    "MatchCountPercent": 100.0
  },
  {
    "BuildPrev": "6.2.4.21676",
    "BuildCur": "6.2.4.21742",
    "RecordCountPrev": 418,
    "RecordCountCur": 418,
    "MatchCount": 418,
    "MatchCountPercent": 100.0
  }
]