[
  {
    "BuildPrev": "4.0.0.11927",
    "BuildCur": "4.0.0.12025",
    "RecordCountPrev": 1000,
    "RecordCountCur": 1000,
    "MatchCount": 1000,
    "MatchCountPercent": 100.0
  },
  {
    "BuildPrev": "4.0.0.12025",
    "BuildCur": "4.0.0.12065",
    "RecordCountPrev": 1000,
    "RecordCountCur": 1000,
    "MatchCount": 1000,
    "MatchCountPercent": 100.0
  },
  {
    "BuildPrev": "4.0.0.12065",
    "BuildCur": "4.0.0.12122",
    "RecordCountPrev": 1000,
    "RecordCountCur": 1000,
    "MatchCount": 1000,
    "MatchCountPercent": 100.0
  },
  {
    "BuildPrev": "4.0.0.12122",
    "BuildCur": "4.0.0.12164",
    "RecordCountPrev": 1000,
    "RecordCountCur": 1000,
    "MatchCount": 1000,
    "MatchCountPercent": 100.0
  },
  {
    "BuildPrev": "4.0.0.12164",
    "BuildCur": "4.0.0.12232",
    "RecordCountPrev": 1000,
    "RecordCountCur": 1000,
    "MatchCount": 1000,
    "MatchCountPercent": 100.0
  },
  {
    "BuildPrev": "4.0.0.12232",
    "BuildCur": "4.0.0.12266",
    "RecordCountPrev": 1000,
    "RecordCountCur": 1000,
    "MatchCount": 890,
    "MatchCountPercent": 89.0
  },
  {
    "BuildPrev": "4.0.0.12266",
    "BuildCur": "4.0.0.12319",
    "RecordCountPrev": 1000,
    "RecordCountCur": 1000,
    "MatchCount": 1000,
    "MatchCountPercent": 100.0
  },
  {
    "BuildPrev": "4.0.0.12319",
    "BuildCur": "4.0.0.12911",
    "RecordCountPrev": 1000,
    "RecordCountCur": 1000,
    "MatchCount": 1000,
    "MatchCountPercent": 100.0
  },
  {
    "BuildPrev": "4.0.0.12911",
    "BuildCur": "4.0.1.13164",
    "RecordCountPrev": 1000,
    "RecordCountCur": 1000,
    "MatchCount": 1000,
    "MatchCountPercent": 100.0
  },
  {
    "BuildPrev": "4.0.1.13164",
    "BuildCur": "",
    "RecordCountPrev": 1000,
    "RecordCountCur": 1000,
    "MatchCount": 1000,
    "MatchCountPercent": 100.0
  },
  {
    "BuildPrev": "",
    "BuildCur": "4.0.3.13287",
    "RecordCountPrev": 1000,
    "RecordCountCur": 1000,
    "MatchCount": 1000,
    "MatchCountPercent": 100.0
  },
  {
    "BuildPrev": "4.0.3.13287",
    "BuildCur": "",
    "RecordCountPrev": 1000,
    "RecordCountCur": 1000,
    "MatchCount": 1000,
    "MatchCountPercent": 100.0
  },
  {
    "BuildPrev": "",
    "BuildCur": "4.0.6.13596",
    "RecordCountPrev": 1000,
    "RecordCountCur": 1000,
    "MatchCount": 1000,
    "MatchCountPercent": 100.0
  },
  {
    "BuildPrev": "4.0.6.13596",
    "BuildCur": "",
    "RecordCountPrev": 1000,
    "RecordCountCur": 1000,
    "MatchCount": 1000,
    "MatchCountPercent": 100.0
  },
  {
    "BuildPrev": "",
    "BuildCur": "4.1.0.13914",
    "RecordCountPrev": 1000,
    "RecordCountCur": 1000,
    "MatchCount": 1000,
    "MatchCountPercent": 100.0
  },
  {
    "BuildPrev": "4.1.0.13914",
    "BuildCur": "",
    "RecordCountPrev": 1000,
    "RecordCountCur": 1000,
    "MatchCount": 1000,
    "MatchCountPercent": 100.0
  },
  {
    "BuildPrev": "",
    "BuildCur": "4.2.0.14333",
    "RecordCountPrev": 1000,
    "RecordCountCur": 1000,
    "MatchCount": 1000,
    "MatchCountPercent": 100.0
  },
  {
    "BuildPrev": "4.2.0.14333",
    "BuildCur": "",
    "RecordCountPrev": 1000,
    "RecordCountCur": 1000,
    "MatchCount": 1000,
    "MatchCountPercent": 100.0
  },
  {
    "BuildPrev": "",
    "BuildCur": "4.2.2.14545",
    "RecordCountPrev": 1000,
    "RecordCountCur": 1000,
    "MatchCount": 1000,
    "MatchCountPercent": 100.0
  },
  {
    "BuildPrev": "4.2.2.14545",
    "BuildCur": "4.3.0.15005",
    "RecordCountPrev": 1000,
    "RecordCountCur": 1000,
    "MatchCount": 1000,
    "MatchCountPercent": 100.0
  },
  {
    "BuildPrev": "4.3.0.15005",
    "BuildCur": "",
    "RecordCountPrev": 1000,
    "RecordCountCur": 1000,
    "MatchCount": 1000,
    "MatchCountPercent": 100.0
  },
  {
    "BuildPrev": "",
    "BuildCur": "4.3.2.15211",
    "RecordCountPrev": 1000,
    "RecordCountCur": 1000,
    "MatchCount": 1000,
    "MatchCountPercent": 100.0
  },
  {
    "BuildPrev": "4.3.2.15211",
    "BuildCur": "4.3.3.15354",
    "RecordCountPrev": 1000,
    "RecordCountCur": 1000,
    "MatchCount": 1000,
    "MatchCountPercent": 100.0
  },
  {
    "BuildPrev": "4.3.3.15354",
    "BuildCur": "4.3.4.15595",
    "RecordCountPrev": 1000,
    "RecordCountCur": 1000,
    "MatchCount": 1000,
    "MatchCountPercent": 100.0
  },
  {
    "BuildPrev": "4.3.4.15595",
    "BuildCur": "5.0.1.15464",
    "RecordCountPrev": 1000,
    "RecordCountCur": 1000,
    "MatchCount": 860,
    "MatchCountPercent": 86.0
  },
  {
    "BuildPrev": "5.0.1.15464",
    "BuildCur": "5.0.1.15508",
    "RecordCountPrev": 1000,
    "RecordCountCur": 1000,
    "MatchCount": 1000,
    "MatchCountPercent": 100.0
  },
  {
    "BuildPrev": "5.0.1.15508",
    "BuildCur": "5.0.1.15544",
    "RecordCountPrev": 1000,
    "RecordCountCur": 1000,
    "MatchCount": 1000,
    "MatchCountPercent": 100.0
  },
  {
    "BuildPrev": "5.0.1.15544",
    "BuildCur": "5.0.1.15589",
    "RecordCountPrev": 1000,
    "RecordCountCur": 1000,
    "MatchCount": 1000,
    "MatchCountPercent": 100.0
  },
  {
    "BuildPrev": "5.0.1.15589",
    "BuildCur": "5.0.1.15640",
    "RecordCountPrev": 1000,
    "RecordCountCur": 1000,
    "MatchCount": 1000,
    "MatchCountPercent": 100.0
  },
  {
    "BuildPrev": "5.0.1.15640",
    "BuildCur": "5.0.1.15650",
    "RecordCountPrev": 1000,
    "RecordCountCur": 1000,
    "MatchCount": 1000,
    "MatchCountPercent": 100.0
  },
  {
    "BuildPrev": "5.0.1.15650",
    "BuildCur": "5.0.1.15657",
    "RecordCountPrev": 1000,
    "RecordCountCur": 1000,
    "MatchCount": 1000,
    "MatchCountPercent": 100.0
  },
  {
    "BuildPrev": "5.0.1.15657",
    "BuildCur": "5.0.1.15662",
    "RecordCountPrev": 1000,
    "RecordCountCur": 1000,
    "MatchCount": 1000,
    "MatchCountPercent": 100.0
  },
  {
    "BuildPrev": "5.0.1.15662",
    "BuildCur": "5.0.1.15668",
    "RecordCountPrev": 1000,
    "RecordCountCur": 1000,
    "MatchCount": 1000,
    "MatchCountPercent": 100.0
  },
  {
    "BuildPrev": "5.0.1.15668",
    "BuildCur": "5.0.1.15677",
    "RecordCountPrev": 1000,
    "RecordCountCur": 1000,
    "MatchCount": 1000,
    "MatchCountPercent": 100.0
  },
  {
    "BuildPrev": "5.0.1.15677",
    "BuildCur": "5.0.1.15689",
    "RecordCountPrev": 1000,
    "RecordCountCur": 1000,
    "MatchCount": 1000,
    "MatchCountPercent": 100.0
  },
  {
    "BuildPrev": "5.0.1.15689",
    "BuildCur": "5.0.1.15699",
    "RecordCountPrev": 1000,
    "RecordCountCur": 1000,
    "MatchCount": 1000,
    "MatchCountPercent": 100.0
  },
  {
    "BuildPrev": "5.0.1.15699",
    "BuildCur": "5.0.1.15726",
    "RecordCountPrev": 1000,
    "RecordCountCur": 1000,
    "MatchCount": 1000,
    "MatchCountPercent": 100.0
  },
  {
    "BuildPrev": "5.0.1.15726",
    "BuildCur": "5.0.1.15739",
    "RecordCountPrev": 1000,
    "RecordCountCur": 1000,
    "MatchCount": 1000,
    "MatchCountPercent": 100.0
  },
  {
    "BuildPrev": "5.0.1.15739",
    "BuildCur": "5.0.1.15752",
    "RecordCountPrev": 1000,
    "RecordCountCur": 1000,
    "MatchCount": 1000,
    "MatchCountPercent": 100.0
  },
  {
    "BuildPrev": "5.0.1.15752",
    "BuildCur": "5.0.1.15762",
    "RecordCountPrev": 1000,
    "RecordCountCur": 1000,
    "MatchCount": 1000,
    "MatchCountPercent": 100.0
  },
  {
    "BuildPrev": "5.0.1.15762",
    "BuildCur": "5.0.1.15781",
    "RecordCountPrev": 1000,
    "RecordCountCur": 1000,
    "MatchCount": 1000,
    "MatchCountPercent": 100.0
  },
  {
    "BuildPrev": "5.0.1.15781",
    "BuildCur": "5.0.1.15799",
    "RecordCountPrev": 1000,
    "RecordCountCur": 1000,
    "MatchCount": 1000,
    "MatchCountPercent": 100.0
  },
  {
    "BuildPrev": "5.0.1.15799",
    "BuildCur": "5.0.4.15890",
    "RecordCountPrev": 1000,
    "RecordCountCur": 1000,
    "MatchCount": 1000,
    "MatchCountPercent": 100.0
  },
  {
    "BuildPrev": "5.0.4.15890",
    "BuildCur": "5.0.4.16016",
    "RecordCountPrev": 1000,
    "RecordCountCur": 1000,
    "MatchCount": 1000,
    "MatchCountPercent": 100.0
  },
  {
    "BuildPrev": "5.0.4.16016",
    "BuildCur": "5.0.5.16048",
    "RecordCountPrev": 1000,
    "RecordCountCur": 1000,
    "MatchCount": 1000,
    "MatchCountPercent": 100.0
  },
  {
    "BuildPrev": "5.0.5.16048",
    "BuildCur": "5.0.5.16057",
    "RecordCountPrev": 1000,
    "RecordCountCur": 1000,
    "MatchCount": 1000,
    "MatchCountPercent": 100.0
  },
  {
    "BuildPrev": "5.0.5.16057",
    "BuildCur": "5.1.0.16309",
    "RecordCountPrev": 1000,
    "RecordCountCur": 1000,
    "MatchCount": 1000,
    "MatchCountPercent": 100.0
  },
  {
    "BuildPrev": "5.1.0.16309",
    "BuildCur": "",
    "RecordCountPrev": 1000,
    "RecordCountCur": 1000,
    "MatchCount": 1000,
    "MatchCountPercent": 100.0
  },
  {
    "BuildPrev": "",
    "BuildCur": "5.2.0.16516",
    "RecordCountPrev": 1000,
    "RecordCountCur": 1000,
    "MatchCount": 1000,
    "MatchCountPercent": 100.0
  },
  {
    "BuildPrev": "5.2.0.16516",
    "BuildCur": "5.2.0.16650",
    "RecordCountPrev": 1000,
    "RecordCountCur": 1000,
    "MatchCount": 1000,
    "MatchCountPercent": 100.0
  },
  {
    "BuildPrev": "5.2.0.16650",
    "BuildCur": "5.3.0.16844",
    "RecordCountPrev": 1000,
    "RecordCountCur": 1000,
    "MatchCount": 1000,
    "MatchCountPercent": 100.0
  },
  {
    "BuildPrev": "5.3.0.16844",
    "BuildCur": "5.3.0.16965",
    "RecordCountPrev": 1000,
    "RecordCountCur": 1000,
    "MatchCount": 1000,
    "MatchCountPercent": 100.0
  },
  {
    "BuildPrev": "5.3.0.16965",
    "BuildCur": "5.3.0.17116",
    "RecordCountPrev": 1000,
    "RecordCountCur": 1000,
    "MatchCount": 1000,
    "MatchCountPercent": 100.0
  },
  {
    "BuildPrev": "5.3.0.17116",
    "BuildCur": "5.4.0.17266",
    "RecordCountPrev": 1000,
    "RecordCountCur": 1000,
    "MatchCount": 1000,
    "MatchCountPercent": 100.0
  },
  {
    "BuildPrev": "5.4.0.17266",
    "BuildCur": "5.4.0.17325",
    "RecordCountPrev": 1000,
    "RecordCountCur": 1000,
    "MatchCount": 1000,
    "MatchCountPercent": 100.0
  },
  {
    "BuildPrev": "5.4.0.17325",
    "BuildCur": "5.4.0.17345",
    "RecordCountPrev": 1000,
    "RecordCountCur": 1000,
    "MatchCount": 1000,
    "MatchCountPercent": 100.0
  },
  {
    "BuildPrev": "5.4.0.17345",
    "BuildCur": "5.4.1.17520",
    "RecordCountPrev": 1000,
    "RecordCountCur": 1000,
    "MatchCount": 1000,
    "MatchCountPercent": 100.0
  },
  {
    "BuildPrev": "5.4.1.17520",
    "BuildCur": "5.4.1.17538",
    "RecordCountPrev": 1000,
    "RecordCountCur": 1000,
    "MatchCount": 1000,
    "MatchCountPercent": 100.0
  },
  {
    "BuildPrev": "5.4.1.17538",
    "BuildCur": "5.4.2.17645",
    "RecordCountPrev": 1000,
    "RecordCountCur": 1000,
    "MatchCount": 1000,
    "MatchCountPercent": 100.0
  },
  {
    "BuildPrev": "5.4.2.17645",
    "BuildCur": "5.4.2.17688",
    "RecordCountPrev": 1000,
    "RecordCountCur": 1000,
    "MatchCount": 1000,
    "MatchCountPercent": 100.0
  },
  {
    "BuildPrev": "5.4.2.17688",
    "BuildCur": "5.4.7.17898",
    "RecordCountPrev": 1000,
    "RecordCountCur": 1000,
    "MatchCount": 1000,
    "MatchCountPercent": 100.0
  },
  {
    "BuildPrev": "5.4.7.17898",
    "BuildCur": "5.4.8.18273",
    "RecordCountPrev": 1000,
    "RecordCountCur": 1000,
    "MatchCount": 1000,
    "MatchCountPercent": 100.0
  },
  {
    "BuildPrev": "5.4.8.18273",
    "BuildCur": "6.0.1.18125",
    "RecordCountPrev": 1000,
    "RecordCountCur": 1000,
    "MatchCount": 557,
    "MatchCountPercent": 55.7
  },
  {
    "BuildPrev": "6.0.1.18125",
    "BuildCur": "6.0.1.18156",
    "RecordCountPrev": 1000,
    "RecordCountCur": 1000,
    "MatchCount": 1000,
    "MatchCountPercent": 100.0
  },
  {
    "BuildPrev": "6.0.1.18156",
    "BuildCur": "6.0.1.18164",
    "RecordCountPrev": 1000,
    "RecordCountCur": 1000,
    "MatchCount": 1000,
    "MatchCountPercent": 100.0
  },
  {
    "BuildPrev": "6.0.1.18164",
    "BuildCur": "6.0.1.18179",
    "RecordCountPrev": 1000,
    "RecordCountCur": 1000,
    "MatchCount": 1000,
    "MatchCountPercent": 100.0
  },
  {
    "BuildPrev": "6.0.1.18179",
    "BuildCur": "6.0.1.18297",
    "RecordCountPrev": 1000,
    "RecordCountCur": 1000,
    "MatchCount": 1000,
    "MatchCountPercent": 100.0
  },
  {
    "BuildPrev": "6.0.1.18297",
    "BuildCur": "6.0.1.18322",
    "RecordCountPrev": 1000,
    "RecordCountCur": 1000,
    "MatchCount": 1000,
    "MatchCountPercent": 100.0
  },
  {
    "BuildPrev": "6.0.1.18322",
    "BuildCur": "6.0.1.18379",
    "RecordCountPrev": 1000,
    "RecordCountCur": 1000,
    "MatchCount": 1000,
    "MatchCountPercent": 100.0
  },
  {
    "BuildPrev": "6.0.1.18379",
    "BuildCur": "6.0.1.18443",
    "RecordCountPrev": 1000,
    "RecordCountCur": 1000,
    "MatchCount": 1000,
    "MatchCountPercent": 100.0
  },
  {
    "BuildPrev": "6.0.1.18443",
    "BuildCur": "6.0.1.18471",
    "RecordCountPrev": 1000,
    "RecordCountCur": 1000,
    "MatchCount": 1000,
    "MatchCountPercent": 100.0
  },
  {
    "BuildPrev": "6.0.1.18471",
    "BuildCur": "6.0.1.18505",
    "RecordCountPrev": 1000,
    "RecordCountCur": 1000,
    "MatchCount": 1000,
    "MatchCountPercent": 100.0
  },
  {
    "BuildPrev": "6.0.1.18505",
    "BuildCur": "6.0.1.18522",
    "RecordCountPrev": 1000,
    "RecordCountCur": 1000,
    "MatchCount": 1000,
    "MatchCountPercent": 100.0
  },
  {
    "BuildPrev": "6.0.1.18522",
    "BuildCur": "6.0.1.18537",
    "RecordCountPrev": 1000,
    "RecordCountCur": 1000,
    "MatchCount": 1000,
    "MatchCountPercent": 100.0
  },
  {
    "BuildPrev": "6.0.1.18537",
    "BuildCur": "6.0.1.18566",
    "RecordCountPrev": 1000,
    "RecordCountCur": 1000,
    "MatchCount": 1000,
    "MatchCountPercent": 100.0
  },
  {
    "BuildPrev": "6.0.1.18566",
    "BuildCur": "6.0.1.18594",
    "RecordCountPrev": 1000,
    "RecordCountCur": 1000,
    "MatchCount": 1000,
    "MatchCountPercent": 100.0
  },
  {
    "BuildPrev": "6.0.1.18594",
    "BuildCur": "6.0.1.18645",
    "RecordCountPrev": 1000,
    "RecordCountCur": 1000,
    "MatchCount": 1000,
    "MatchCountPercent": 100.0
  },
  {
    "BuildPrev": "6.0.1.18645",
    "BuildCur": "6.0.1.18663",
    "RecordCountPrev": 1000,
    "RecordCountCur": 1000,
    "MatchCount": 1000,
    "MatchCountPercent": 100.0
  },
  {
    "BuildPrev": "6.0.1.18663",
    "BuildCur": "6.0.1.18685",
    "RecordCountPrev": 1000,
    "RecordCountCur": 1000,
    "MatchCount": 1000,
    "MatchCountPercent": 100.0
  },
  {
    "BuildPrev": "6.0.1.18685",
    "BuildCur": "6.0.1.18689",
    "RecordCountPrev": 1000,
    "RecordCountCur": 1000,
    "MatchCount": 1000,
    "MatchCountPercent": 100.0
  },
  {
    "BuildPrev": "6.0.1.18689",
    "BuildCur": "6.0.1.18716",
    "RecordCountPrev": 1000,
    "RecordCountCur": 1000,
    "MatchCount": 1000,
    "MatchCountPercent": 100.0
  },
  {
    "BuildPrev": "6.0.1.18716",
    "BuildCur": "6.0.1.18738",
    "RecordCountPrev": 1000,
    "RecordCountCur": 1000,
    "MatchCount": 1000,
    "MatchCountPercent": 100.0
  },
  {
    "BuildPrev": "6.0.1.18738",
    "BuildCur": "6.0.2.18764",
    "RecordCountPrev": 1000,
    "RecordCountCur": 1000,
    "MatchCount": 1000,
    "MatchCountPercent": 100.0
  },
  {
    "BuildPrev": "6.0.2.18764",
    "BuildCur": "6.0.1.18803",
    "RecordCountPrev": 1000,
    "RecordCountCur": 1000,
    "MatchCount": 1000,
    "MatchCountPercent": 100.0
  },
  {
    "BuildPrev": "6.0.1.18803",
    "BuildCur": "6.0.2.18816",
    "RecordCountPrev": 1000,
    "RecordCountCur": 1000,
    "MatchCount": 1000,
    "MatchCountPercent": 100.0
  },
  {
    "BuildPrev": "6.0.2.18816",
    "BuildCur": "6.0.2.18833",
    "RecordCountPrev": 1000,
    "RecordCountCur": 1000,
    "MatchCount": 1000,
    "MatchCountPercent": 100.0
  },
  {
    "BuildPrev": "6.0.2.18833",
    "BuildCur": "6.0.2.18837",
    "RecordCountPrev": 1000,
    "RecordCountCur": 1000,
    "MatchCount": 557,
    "MatchCountPercent": 55.7
  },
  {
    "BuildPrev": "6.0.2.18837",
    "BuildCur": "6.0.2.18838",
    "RecordCountPrev": 1000,
    "RecordCountCur": 1000,
    "MatchCount": 1000,
    "MatchCountPercent": 100.0
  },
  {
    "BuildPrev": "6.0.2.18838",
    "BuildCur": "6.0.2.18848",
    "RecordCountPrev": 1000,
    "RecordCountCur": 1000,
    "MatchCount": 1000,
    "MatchCountPercent": 100.0
  },
  {
    "BuildPrev": "6.0.2.18848",
    "BuildCur": "6.0.2.18850",
    "RecordCountPrev": 1000,
    "RecordCountCur": 1000,
    "MatchCount": 1000,
    "MatchCountPercent": 100.0
  },
  {
    "BuildPrev": "6.0.2.18850",
    "BuildCur": "6.0.2.18865",
    "RecordCountPrev": 1000,
    "RecordCountCur": 1000,
    "MatchCount": 1000,
    "MatchCountPercent": 100.0
  },
  {
    "BuildPrev": "6.0.2.18865",
    "BuildCur": "6.0.2.18888",
    "RecordCountPrev": 1000,
    "RecordCountCur": 1000,
    "MatchCount": 1000,
    "MatchCountPercent": 100.0
  },
  {
    "BuildPrev": "6.0.2.18888",
    "BuildCur": "6.0.2.18898",
    "RecordCountPrev": 1000,
    "RecordCountCur": 1000,
    "MatchCount": 1000,
    "MatchCountPercent": 100.0
  },
  {
    "BuildPrev": "6.0.2.18898",
    "BuildCur": "6.0.2.18909",
    "RecordCountPrev": 1000,
    "RecordCountCur": 1000,
    "MatchCount": 1000,
    "MatchCountPercent": 100.0
  },
  {
    "BuildPrev": "6.0.2.18909",
    "BuildCur": "6.0.2.18912",
    "RecordCountPrev": 1000,
    "RecordCountCur": 1000,
    "MatchCount": 1000,
    "MatchCountPercent": 100.0
  },
  {
    "BuildPrev": "6.0.2.18912",
    "BuildCur": "6.0.2.18922",
    "RecordCountPrev": 1000,
    "RecordCountCur": 1000,
    "MatchCount": 1000,
    "MatchCountPercent": 100.0
  },
  {
    "BuildPrev": "6.0.2.18922",
    "BuildCur": "6.0.2.18927",
    "RecordCountPrev": 1000,
    "RecordCountCur": 1000,
    "MatchCount": 1000,
    "MatchCountPercent": 100.0
  },
  {
    "BuildPrev": "6.0.2.18927",
    "BuildCur": "6.0.2.18934",
    "RecordCountPrev": 1000,
    "RecordCountCur": 1000,
    "MatchCount": 1000,
    "MatchCountPercent": 100.0
  },
  {
    "BuildPrev": "6.0.2.18934",
    "BuildCur": "6.0.2.18935",
    "RecordCountPrev": 1000,
    "RecordCountCur": 1000,
    "MatchCount": 1000,
    "MatchCountPercent": 100.0
  },
  {
    "BuildPrev": "6.0.2.18935",
    "BuildCur": "6.0.2.18950",
    "RecordCountPrev": 1000,
    "RecordCountCur": 1000,
    "MatchCount": 1000,
    "MatchCountPercent": 100.0
  },
  {
    "BuildPrev": "6.0.2.18950",
    "BuildCur": "6.0.2.18965",
    "RecordCountPrev": 1000,
    "RecordCountCur": 1000,
    "MatchCount": 1000,
    "MatchCountPercent": 100.0
  },
  {
    "BuildPrev": "6.0.2.18965",
    "BuildCur": "6.0.2.18967",
    "RecordCountPrev": 1000,
    "RecordCountCur": 1000,
    "MatchCount": 1000,
    "MatchCountPercent": 100.0
  },
  {
    "BuildPrev": "6.0.2.18967",
    "BuildCur": "6.0.2.18973",
    "RecordCountPrev": 1000,
    "RecordCountCur": 1000,
    "MatchCount": 1000,
    "MatchCountPercent": 100.0
  },
  {
    "BuildPrev": "6.0.2.18973",
    "BuildCur": "6.0.2.18982",
    "RecordCountPrev": 1000,
    "RecordCountCur": 1000,
    "MatchCount": 1000,
    "MatchCountPercent": 100.0
  },
  {
    "BuildPrev": "6.0.2.18982",
    "BuildCur": "6.0.2.18983",
    "RecordCountPrev": 1000,
    "RecordCountCur": 1000,
    "MatchCount": 1000,
    "MatchCountPercent": 100.0
  },
  {
    "BuildPrev": "6.0.2.18983",
    "BuildCur": "6.0.2.18986",
    "RecordCountPrev": 1000,
    "RecordCountCur": 1000,
    "MatchCount": 1000,
    "MatchCountPercent": 100.0
  },
  {
    "BuildPrev": "6.0.2.18986",
    "BuildCur": "6.0.2.18988",
    "RecordCountPrev": 1000,
    "RecordCountCur": 1000,
    "MatchCount": 1000,
    "MatchCountPercent": 100.0
  },
  {
    "BuildPrev": "6.0.2.18988",
    "BuildCur": "6.0.2.18989",
    "RecordCountPrev": 1000,
    "RecordCountCur": 1000,
    "MatchCount": 1000,
    "MatchCountPercent": 100.0
  },
  {
    "BuildPrev": "6.0.2.18989",
    "BuildCur": "6.0.2.18996",
    "RecordCountPrev": 1000,
    "RecordCountCur": 1000,
    "MatchCount": 1000,
    "MatchCountPercent": 100.0
  },
  {
    "BuildPrev": "6.0.2.18996",
    "BuildCur": "6.0.2.19000",
    "RecordCountPrev": 1000,
    "RecordCountCur": 1000,
    "MatchCount": 1000,
    "MatchCountPercent": 100.0
  },
  {
    "BuildPrev": "6.0.2.19000",
    "BuildCur": "6.0.2.19005",
    "RecordCountPrev": 1000,
    "RecordCountCur": 1000,
    "MatchCount": 1000,
    "MatchCountPercent": 100.0
  },
  {
    "BuildPrev": "6.0.2.19005",
    "BuildCur": "6.0.2.19041",
    "RecordCountPrev": 1000,
    "RecordCountCur": 1000,
    "MatchCount": 1000,
    "MatchCountPercent": 100.0
  },
  {
    "BuildPrev": "6.0.2.19041",
    "BuildCur": "6.0.3.19057",
    "RecordCountPrev": 1000,
    "RecordCountCur": 1000,
    "MatchCount": 1000,
    "MatchCountPercent": 100.0
  },
  {
    "BuildPrev": "6.0.3.19057",
    "BuildCur": "6.0.3.19078",
    "RecordCountPrev": 1000,
    "RecordCountCur": 1000,
    "MatchCount": 1000,
    "MatchCountPercent": 100.0
  },
  {
    "BuildPrev": "6.0.3.19078",
    "BuildCur": "6.0.3.19085",
    "RecordCountPrev": 1000,
    "RecordCountCur": 1000,
    "MatchCount": 1000,
    "MatchCountPercent": 100.0
  },
  {
    "BuildPrev": "6.0.3.19085",
    "BuildCur": "6.0.3.19175",
    "RecordCountPrev": 1000,
    "RecordCountCur": 1000,
    "MatchCount": 1000,
    "MatchCountPercent": 100.0
  },
  {
    "BuildPrev": "6.0.3.19175",
    "BuildCur": "6.0.3.19200",
    "RecordCountPrev": 1000,
    "RecordCountCur": 1000,
    "MatchCount": 1000,
    "MatchCountPercent": 100.0
  },
  {
    "BuildPrev": "6.0.3.19200",
    "BuildCur": "6.0.3.19342",
    "RecordCountPrev": 1000,
    "RecordCountCur": 1000,
    "MatchCount": 1000,
    "MatchCountPercent": 100.0
  },
  {
    "BuildPrev": "6.0.3.19342",
    "BuildCur": "6.1.0.19445",
    "RecordCountPrev": 1000,
    "RecordCountCur": 1000,
    "MatchCount": 1000,
    "MatchCountPercent": 100.0
  },
  {
    "BuildPrev": "6.1.0.19445",
    "BuildCur": "6.1.0.19480",
    "RecordCountPrev": 1000,
    "RecordCountCur": 1000,
    "MatchCount": 1000,
    "MatchCountPercent": 100.0
  },
  {
    "BuildPrev": "6.1.0.19480",
    "BuildCur": "6.1.0.19508",
    "RecordCountPrev": 1000,
    "RecordCountCur": 1000,
    "MatchCount": 1000,
    "MatchCountPercent": 100.0
  },
  {
    "BuildPrev": "6.1.0.19508",
    "BuildCur": "6.1.0.19533",
    "RecordCountPrev": 1000,
    "RecordCountCur": 1000,
    "MatchCount": 1000,
    "MatchCountPercent": 100.0
  },
  {
    "BuildPrev": "6.1.0.19533",
    "BuildCur": "6.1.0.19551",
    "RecordCountPrev": 1000,
    "RecordCountCur": 1000,
    "MatchCount": 1000,
    "MatchCountPercent": 100.0
  },
  {
    "BuildPrev": "6.1.0.19551",
    "BuildCur": "6.1.0.19567",
    "RecordCountPrev": 1000,
    "RecordCountCur": 1000,
    "MatchCount": 1000,
    "MatchCountPercent": 100.0
  },
  {
    "BuildPrev": "6.1.0.19567",
    "BuildCur": "6.1.0.19592",
    "RecordCountPrev": 1000,
    "RecordCountCur": 1000,
    "MatchCount": 1000,
    "MatchCountPercent": 100.0
  },
  {
    "BuildPrev": "6.1.0.19592",
    "BuildCur": "6.1.0.19611",
    "RecordCountPrev": 1000,
    "RecordCountCur": 1000,
    "MatchCount": 1000,
    "MatchCountPercent": 100.0
  },
  {
    "BuildPrev": "6.1.0.19611",
    "BuildCur": "6.1.0.19622",
    "RecordCountPrev": 1000,
    "RecordCountCur": 1000,
    "MatchCount": 1000,
    "MatchCountPercent": 100.0
  },
  {
    "BuildPrev": "6.1.0.19622",
    "BuildCur": "6.1.0.19634",
    "RecordCountPrev": 1000,
    "RecordCountCur": 1000,
    "MatchCount": 1000,
    "MatchCountPercent": 100.0
  },
  {
    "BuildPrev": "6.1.0.19634",
    "BuildCur": "6.1.0.19702",
    "RecordCountPrev": 1000,
    "RecordCountCur": 1000,
    "MatchCount": 1000,
    "MatchCountPercent": 100.0
  },
  {
    "BuildPrev": "6.1.0.19702",
    "BuildCur": "6.1.2.19711",
    "RecordCountPrev": 1000,
    "RecordCountCur": 1000,
    "MatchCount": 1000,
    "MatchCountPercent": 100.0
  },
  {
    "BuildPrev": "6.1.2.19711",
    "BuildCur": "6.1.2.19728",
    "RecordCountPrev": 1000,
    "RecordCountCur": 1000,
    "MatchCount": 1000,
    "MatchCountPercent": 100.0
  },
  {
    "BuildPrev": "6.1.2.19728",
    "BuildCur": "6.1.2.19750",
    "RecordCountPrev": 1000,
    "RecordCountCur": 1000,
    "MatchCount": 1000,
    "MatchCountPercent": 100.0
  },
  {
    "BuildPrev": "6.1.2.19750",
    "BuildCur": "6.1.2.19769",
    "RecordCountPrev": 1000,
    "RecordCountCur": 1000,
    "MatchCount": 1000,
    "MatchCountPercent": 100.0
  },
  {
    "BuildPrev": "6.1.2.19769",
    "BuildCur": "6.1.2.19783",
    "RecordCountPrev": 1000,
    "RecordCountCur": 1000,
    "MatchCount": 1000,
    "MatchCountPercent": 100.0
  },
  {
    "BuildPrev": "6.1.2.19783",
    "BuildCur": "6.1.2.19793",
    "RecordCountPrev": 1000,
    "RecordCountCur": 1000,
    "MatchCount": 1000,
    "MatchCountPercent": 100.0
  },
  {
    "BuildPrev": "6.1.2.19793",
    "BuildCur": "6.1.2.19802",
    "RecordCountPrev": 1000,
    "RecordCountCur": 1000,
    "MatchCount": 1000,
    "MatchCountPercent": 100.0
  },
  {
    "BuildPrev": "6.1.2.19802",
    "BuildCur": "6.1.2.19831",
    "RecordCountPrev": 1000,
    "RecordCountCur": 1000,
    "MatchCount": 1000,
    "MatchCountPercent": 100.0
  },
  {
    "BuildPrev": "6.1.2.19831",
    "BuildCur": "6.1.2.19854",
    "RecordCountPrev": 1000,
    "RecordCountCur": 1000,
    "MatchCount": 1000,
    "MatchCountPercent": 100.0
  },
  {
    "BuildPrev": "6.1.2.19854",
    "BuildCur": "6.1.2.19865",
    "RecordCountPrev": 1000,
    "RecordCountCur": 1000,
    "MatchCount": 1000,
    "MatchCountPercent": 100.0
  },
  {
    "BuildPrev": "6.1.2.19865",
    "BuildCur": "6.2.0.19890",
    "RecordCountPrev": 1000,
    "RecordCountCur": 1000,
    "MatchCount": 1000,
    "MatchCountPercent": 100.0
  },
  {
    "BuildPrev": "6.2.0.19890",
    "BuildCur": "6.2.0.19906",
    "RecordCountPrev": 1000,
    "RecordCountCur": 1000,
    "MatchCount": 1000,
    "MatchCountPercent": 100.0
  },
  {
    "BuildPrev": "6.2.0.19906",
    "BuildCur": "6.2.0.19934",
    "RecordCountPrev": 1000,
    "RecordCountCur": 1000,
    "MatchCount": 1000,
    "MatchCountPercent": 100.0
  },
  {
    "BuildPrev": "6.2.0.19934",
    "BuildCur": "6.2.0.19953",
    "RecordCountPrev": 1000,
    "RecordCountCur": 1000,
    "MatchCount": 1000,
    "MatchCountPercent": 100.0
  },
  {
    "BuildPrev": "6.2.0.19953",
    "BuildCur": "6.2.0.19973",
    "RecordCountPrev": 1000,
    "RecordCountCur": 1000,
    "MatchCount": 1000,
    "MatchCountPercent": 100.0
  },
  {
    "BuildPrev": "6.2.0.19973",
    "BuildCur": "6.2.0.20008",
    "RecordCountPrev": 1000,
    "RecordCountCur": 1000,
    "MatchCount": 1000,
    "MatchCountPercent": 100.0
  },
  {
    "BuildPrev": "6.2.0.20008",
    "BuildCur": "6.2.0.20033",
    "RecordCountPrev": 1000,
    "RecordCountCur": 1000,
    "MatchCount": 1000,
    "MatchCountPercent": 100.0
  },
  {
    "BuildPrev": "6.2.0.20033",
    "BuildCur": "6.2.0.20051",
    "RecordCountPrev": 1000,
    "RecordCountCur": 1000,
    "MatchCount": 1000,
    "MatchCountPercent": 100.0
  },
  {
    "BuildPrev": "6.2.0.20051",
    "BuildCur": "6.2.0.20061",
    "RecordCountPrev": 1000,
    "RecordCountCur": 1000,
    "MatchCount": 1000,
    "MatchCountPercent": 100.0
  },
  {
    "BuildPrev": "6.2.0.20061",
    "BuildCur": "6.2.0.20076",
    "RecordCountPrev": 1000,
    "RecordCountCur": 1000,
    "MatchCount": 1000,
    "MatchCountPercent": 100.0
  },
  {
    "BuildPrev": "6.2.0.20076",
    "BuildCur": "6.2.0.20104",
    "RecordCountPrev": 1000,
    "RecordCountCur": 1000,
    "MatchCount": 1000,
    "MatchCountPercent": 100.0
  },
  {
    "BuildPrev": "6.2.0.20104",
    "BuildCur": "6.2.0.20111",
    "RecordCountPrev": 1000,
    "RecordCountCur": 1000,
    "MatchCount": 1000,
    "MatchCountPercent": 100.0
  },
  {
    "BuildPrev": "6.2.0.20111",
    "BuildCur": "6.2.0.20141",
    "RecordCountPrev": 1000,
    "RecordCountCur": 1000,
    "MatchCount": 1000,
    "MatchCountPercent": 100.0
  },
  {
    "BuildPrev": "6.2.0.20141",
    "BuildCur": "6.2.0.20157",
    "RecordCountPrev": 1000,
    "RecordCountCur": 1000,
    "MatchCount": 1000,
    "MatchCountPercent": 100.0
  },
  {
    "BuildPrev": "6.2.0.20157",
    "BuildCur": "6.2.0.20173",
    "RecordCountPrev": 1000,
    "RecordCountCur": 1000,
    "MatchCount": 1000,
    "MatchCountPercent": 100.0
  },
  {
    "BuildPrev": "6.2.0.20173",
    "BuildCur": "6.2.0.20182",
    "RecordCountPrev": 1000,
    "RecordCountCur": 1000,
    "MatchCount": 1000,
    "MatchCountPercent": 100.0
  },
  {
    "BuildPrev": "6.2.0.20182",
    "BuildCur": "6.2.0.20201",
    "RecordCountPrev": 1000,
    "RecordCountCur": 1000,
    "MatchCount": 1000,
    "MatchCountPercent": 100.0
  },
  {
    "BuildPrev": "6.2.0.20201",
    "BuildCur": "6.2.0.20216",
    "RecordCountPrev": 1000,
    "RecordCountCur": 1000,
    "MatchCount": 1000,
    "MatchCountPercent": 100.0
  },
  {
    "BuildPrev": "6.2.0.20216",
    "BuildCur": "6.2.0.20253",
    "RecordCountPrev": 1000,
    "RecordCountCur": 1000,
    "MatchCount": 1000,
    "MatchCountPercent": 100.0
  },
  {
    "BuildPrev": "6.2.0.20253",
    "BuildCur": "6.2.1.20271",
    "RecordCountPrev": 1000,
    "RecordCountCur": 1000,
    "MatchCount": 1000,
    "MatchCountPercent": 100.0
  },
  {
    "BuildPrev": "6.2.1.20271",
    "BuildCur": "6.2.0.20318",
    "RecordCountPrev": 1000,
    "RecordCountCur": 1000,
    "MatchCount": 1000,
    "MatchCountPercent": 100.0
  },
  {
    "BuildPrev": "6.2.0.20318",
    "BuildCur": "6.2.1.20328",
    "RecordCountPrev": 1000,
    "RecordCountCur": 1000,
    "MatchCount": 1000,
    "MatchCountPercent": 100.0
  },
  {
    "BuildPrev": "6.2.1.20328",
    "BuildCur": "6.2.0.20338",
    "RecordCountPrev": 1000,
    "RecordCountCur": 1000,
    "MatchCount": 1000,
    "MatchCountPercent": 100.0
  },
  {
    "BuildPrev": "6.2.0.20338",
    "BuildCur": "6.2.1.20363",
    "RecordCountPrev": 1000,
    "RecordCountCur": 1000,
    "MatchCount": 1000,
    "MatchCountPercent": 100.0
  },
  {
    "BuildPrev": "6.2.1.20363",
    "BuildCur": "6.2.2.20395",
    "RecordCountPrev": 1000,
    "RecordCountCur": 1000,
    "MatchCount": 1000,
    "MatchCountPercent": 100.0
  },
  {
    "BuildPrev": "6.2.2.20395",
    "BuildCur": "6.2.2.20426",
    "RecordCountPrev": 1000,
    "RecordCountCur": 1000,
    "MatchCount": 1000,
    "MatchCountPercent": 100.0
  },
  {
    "BuildPrev": "6.2.2.20426",
    "BuildCur": "6.2.2.20438",
    "RecordCountPrev": 1000,
    "RecordCountCur": 1000,
    "MatchCount": 1000,
    "MatchCountPercent": 100.0
  },
  {
    "BuildPrev": "6.2.2.20438",
    "BuildCur": "6.2.2.20444",
    "RecordCountPrev": 1000,
    "RecordCountCur": 1000,
    "MatchCount": 1000,
    "MatchCountPercent": 100.0
  },
  {
    "BuildPrev": "6.2.2.20444",
    "BuildCur": "6.2.2.20490",
    "RecordCountPrev": 1000,
    "RecordCountCur": 1000,
    "MatchCount": 1000,
    "MatchCountPercent": 100.0
  },
  {
    "BuildPrev": "6.2.2.20490",
    "BuildCur": "6.2.2.20574",
    "RecordCountPrev": 1000,
    "RecordCountCur": 1000,
    "MatchCount": 1000,
    "MatchCountPercent": 100.0
  },
  {
    "BuildPrev": "6.2.2.20574",
    "BuildCur": "6.2.3.20601",
    "RecordCountPrev": 1000,
    "RecordCountCur": 1000,
    "MatchCount": 1000,
    "MatchCountPercent": 100.0
  },
  {
    "BuildPrev": "6.2.3.20601",
    "BuildCur": "6.2.3.20655",
    "RecordCountPrev": 1000,
    "RecordCountCur": 1000,
    "MatchCount": 1000,
    "MatchCountPercent": 100.0
  },
  {
    "BuildPrev": "6.2.3.20655",
    "BuildCur": "6.2.3.20691",
    "RecordCountPrev": 1000,
    "RecordCountCur": 1000,
    "MatchCount": 1000,
    "MatchCountPercent": 100.0
  },
  {
    "BuildPrev": "6.2.3.20691",
    "BuildCur": "6.2.3.20716",
    "RecordCountPrev": 1000,
    "RecordCountCur": 1000,
    "MatchCount": 1000,
    "MatchCountPercent": 100.0
  },
  {
    "BuildPrev": "6.2.3.20716",
    "BuildCur": "6.2.3.20726",
    "RecordCountPrev": 1000,
    "RecordCountCur": 1000,
    "MatchCount": 1000,
    "MatchCountPercent": 100.0
  },
  {
    "BuildPrev": "6.2.3.20726",
    "BuildCur": "6.2.4.21028",
    "RecordCountPrev": 1000,
    "RecordCountCur": 1000,
    "MatchCount": 1000,
    "MatchCountPercent": 100.0
  },
  {
    "BuildPrev": "6.2.4.21028",
    "BuildCur": "6.2.4.21047",
    "RecordCountPrev": 1000,
    "RecordCountCur": 1000,
    "MatchCount": 1000,
    "MatchCountPercent": 100.0
  },
  {
    "BuildPrev": "6.2.4.21047",
    "BuildCur": "6.2.4.21105",
    "RecordCountPrev": 1000,
    "RecordCountCur": 1000,
    "MatchCount": 1000,
    "MatchCountPercent": 100.0
  },
  {
    "BuildPrev": "6.2.4.21105",
    "BuildCur": "6.2.4.21160",
    "RecordCountPrev": 1000,
    "RecordCountCur": 1000,
    "MatchCount": 1000,
    "MatchCountPercent": 100.0
  },
  {
    "BuildPrev": "6.2.4.21160",
    "BuildCur": "6.2.4.21210",
    "RecordCountPrev": 1000,
    "RecordCountCur": 1000,
    "MatchCount": 1000,
    "MatchCountPercent": 100.0
  },
  {
    "BuildPrev": "6.2.4.21210",
    "BuildCur": "6.2.4.21220",
    "RecordCountPrev": 1000,
    "RecordCountCur": 1000,
    "MatchCount": 1000,
    "MatchCountPercent": 100.0
  },
  {
    "BuildPrev": "6.2.4.21220",
    "BuildCur": "6.2.4.21253",
    "RecordCountPrev": 1000,
    "RecordCountCur": 1000,
    "MatchCount": 1000,
    "MatchCountPercent": 100.0
  },
  {
    "BuildPrev": "6.2.4.21253",
    "BuildCur": "6.2.4.21274",
    "RecordCountPrev": 1000,
    "RecordCountCur": 1000,
    "MatchCount": 1000,
    "MatchCountPercent": 100.0
  },
  {
    "BuildPrev": "6.2.4.21274",
    "BuildCur": "6.2.4.21315",
    "RecordCountPrev": 1000,
    "RecordCountCur": 1000,
    "MatchCount": 1000,
    "MatchCountPercent": 100.0
  },
  {
    "BuildPrev": "6.2.4.21315",
    "BuildCur": "6.2.4.21336",
    "RecordCountPrev": 1000,
    "RecordCountCur": 1000,
    "MatchCount": 1000,
    "MatchCountPercent": 100.0
  },
  {
    "BuildPrev": "6.2.4.21336",
    "BuildCur": "6.2.4.21355",
    "RecordCountPrev": 1000,
    "RecordCountCur": 1000,
    "MatchCount": 1000,
    "MatchCountPercent": 100.0
  },
  {
    "BuildPrev": "6.2.4.21355",
    "BuildCur": "6.2.4.21676",
    "RecordCountPrev": 1000,
    "RecordCountCur": 1000,
    "MatchCount": 1000,
    "MatchCountPercent": 100.0
  },
  {
    "BuildPrev": "6.2.4.21676",
    "BuildCur": "6.2.4.21742",
    "RecordCountPrev": 1000,
    "RecordCountCur": 1000,
    "MatchCount": 1000,
    "MatchCountPercent": 100.0
  }
]