[
  {
    "BuildPrev": "2.3.0.7561",
    "BuildCur": "2.3.2.7741",
    "RecordCountPrev": 182,
    "RecordCountCur": 182,
    "MatchCount": 182,
    "MatchCountPercent": 100.0
  },
  {
    "BuildPrev": "2.3.2.7741",
    "BuildCur": "2.3.3.7799",
    "RecordCountPrev": 182,
    "RecordCountCur": 182,
    "MatchCount": 182,
    "MatchCountPercent": 100.0
  },
  {
    "BuildPrev": "2.3.3.7799",
    "BuildCur": "2.4.0.8089",
    "RecordCountPrev": 182,
    "RecordCountCur": 316,
    "MatchCount": 182,
    "MatchCountPercent": 100.0
  },
  {
    "BuildPrev": "2.4.0.8089",
    "BuildCur": "2.4.1.8125",
    "RecordCountPrev": 316,
    "RecordCountCur": 316,
    "MatchCount": 316,
    "MatchCountPercent": 100.0
  },
  {
    "BuildPrev": "2.4.1.8125",
    "BuildCur": "2.4.2.8278",
    "RecordCountPrev": 316,
    "RecordCountCur": 318,
    "MatchCount": 287,
    "MatchCountPercent": 90.8228
  },
  {
    "BuildPrev": "2.4.2.8278",
    "BuildCur": "2.4.3.8606",
    "RecordCountPrev": 318,
    "RecordCountCur": 319,
    "MatchCount": 318,
    "MatchCountPercent": 100.0
  },
  {
    "BuildPrev": "2.4.3.8606",
    "BuildCur": "3.0.1.8303",
    "RecordCountPrev": 319,
    "RecordCountCur": 318,
    "MatchCount": 317,
    "MatchCountPercent": 99.373
  },
  {
    "BuildPrev": "3.0.1.8303",
    "BuildCur": "3.0.1.8334",
    "RecordCountPrev": 318,
    "RecordCountCur": 318,
    "MatchCount": 318,
    "MatchCountPercent": 100.0
  },
  {
    "BuildPrev": "3.0.1.8334",
    "BuildCur": "3.0.1.8391",
    "RecordCountPrev": 318,
    "RecordCountCur": 318,
    "MatchCount": 318,
    "MatchCountPercent": 100.0
  },
  {
    "BuildPrev": "3.0.1.8391",
    "BuildCur": "3.0.1.8471",
    "RecordCountPrev": 318,
    "RecordCountCur": 318,
    "MatchCount": 318,
    "MatchCountPercent": 100.0
  },
  {
    "BuildPrev": "3.0.1.8471",
    "BuildCur": "3.0.1.8622",
    "RecordCountPrev": 318,
    "RecordCountCur": 319,
    "MatchCount": 318,
    "MatchCountPercent": 100.0
  },
  {
    "BuildPrev": "3.0.1.8622",
    "BuildCur": "3.0.1.8634",
    "RecordCountPrev": 319,
    "RecordCountCur": 319,
    "MatchCount": 319,
    "MatchCountPercent": 100.0
  },
  {
    "BuildPrev": "3.0.1.8634",
    "BuildCur": "3.0.1.8681",
    "RecordCountPrev": 319,
    "RecordCountCur": 319,
    "MatchCount": 319,
    "MatchCountPercent": 100.0
  },
  {
    "BuildPrev": "3.0.1.8681",
    "BuildCur": "3.0.1.8714",
    "RecordCountPrev": 319,
    "RecordCountCur": 319,
    "MatchCount": 319,
    "MatchCountPercent": 100.0
  },
  {
    "BuildPrev": "3.0.1.8714",
    "BuildCur": "3.0.1.8770",
    "RecordCountPrev": 319,
    "RecordCountCur": 319,
    "MatchCount": 319,
    "MatchCountPercent": 100.0
  },
  {
    "BuildPrev": "3.0.1.8770",
    "BuildCur": "3.0.1.8788",
    "RecordCountPrev": 319,
    "RecordCountCur": 319,
    "MatchCount": 319,
    "MatchCountPercent": 100.0
  },
  {
    "BuildPrev": "3.0.1.8788",
    "BuildCur": "3.0.1.8820",
    "RecordCountPrev": 319,
    "RecordCountCur": 569,
    "MatchCount": 319,
    "MatchCountPercent": 100.0
  },
  {
    "BuildPrev": "3.0.1.8820",
    "BuildCur": "3.0.1.8874",
    "RecordCountPrev": 569,
    "RecordCountCur": 569,
    "MatchCount": 569,
    "MatchCountPercent": 100.0
  },
  {
    "BuildPrev": "3.0.1.8874",
    "BuildCur": "3.0.1.8885",
    "RecordCountPrev": 569,
    "RecordCountCur": 569,
    "MatchCount": 569,
    "MatchCountPercent": 100.0
  },
  {
    "BuildPrev": "3.0.1.8885",
    "BuildCur": "3.0.2.9056",
    "RecordCountPrev": 569,
    "RecordCountCur": 569,
    "MatchCount": 555,
    "MatchCountPercent": 97.5395
  },
  {
    "BuildPrev": "3.0.2.9056",
    "BuildCur": "3.0.3.9183",
    "RecordCountPrev": 569,
    "RecordCountCur": 569,
    "MatchCount": 569,
    "MatchCountPercent": 100.0
  },
  {
    "BuildPrev": "3.0.3.9183",
    "BuildCur": "3.0.8.9464",
    "RecordCountPrev": 569,
    "RecordCountCur": 588,
    "MatchCount": 569,
    "MatchCountPercent": 100.0
  },
  {
    "BuildPrev": "3.0.8.9464",
    "BuildCur": "3.0.8.9506",
    "RecordCountPrev": 588,
    "RecordCountCur": 588,
    "MatchCount": 588,
    "MatchCountPercent": 100.0
  },
  {
    "BuildPrev": "3.0.8.9506",
    "BuildCur": "3.0.9.9551",
    "RecordCountPrev": 588,
    "RecordCountCur": 588,
    "MatchCount": 588,
    "MatchCountPercent": 100.0
  },
  {
    "BuildPrev": "3.0.9.9551",
    "BuildCur": "3.1.0.9767",
    "RecordCountPrev": 588,
    "RecordCountCur": 764,
    "MatchCount": 588,
    "MatchCountPercent": 100.0
  },
  {
    "BuildPrev": "3.1.0.9767",
    "BuildCur": "3.1.1.9806",
    "RecordCountPrev": 764,
    "RecordCountCur": 764,
    "MatchCount": 764,
    "MatchCountPercent": 100.0
  },
  {
    "BuildPrev": "3.1.1.9806",
    "BuildCur": "3.1.1.9835",
    "RecordCountPrev": 764,
    "RecordCountCur": 764,
    "MatchCount": 764,
    "MatchCountPercent": 100.0
  },
  {
    "BuildPrev": "3.1.1.9835",
    "BuildCur": "3.1.2.9901",
    "RecordCountPrev": 764,
    "RecordCountCur": 764,
    "MatchCount": 764,
    "MatchCountPercent": 100.0
  },
  {
    "BuildPrev": "3.1.2.9901",
    "BuildCur": "3.1.3.9947",
    "RecordCountPrev": 764,
    "RecordCountCur": 764,
    "MatchCount": 764,
    "MatchCountPercent": 100.0
  },
  {
    "BuildPrev": "3.1.3.9947",
    "BuildCur": "3.2.0.10192",
    "RecordCountPrev": 764,
    "RecordCountCur": 952,
    "MatchCount": 762,
    "MatchCountPercent": 99.7382
  },
  {
    "BuildPrev": "3.2.0.10192",
    "BuildCur": "3.2.0.10314",
    "RecordCountPrev": 952,
    "RecordCountCur": 952,
    "MatchCount": 952,
    "MatchCountPercent": 100.0
  },
  {
    "BuildPrev": "3.2.0.10314",
    "BuildCur": "3.2.2.10482",
    "RecordCountPrev": 952,
    "RecordCountCur": 952,
    "MatchCount": 952,
    "MatchCountPercent": 100.0
  },
  {
    "BuildPrev": "3.2.2.10482",
    "BuildCur": "3.2.2.10505",
    "RecordCountPrev": 952,
    "RecordCountCur": 952,
    "MatchCount": 952,
    "MatchCountPercent": 100.0
  },
  {
    "BuildPrev": "3.2.2.10505",
    "BuildCur": "3.3.0.10958",
    "RecordCountPrev": 952,
    "RecordCountCur": 952,
    "MatchCount": 952,
    "MatchCountPercent": 100.0
  },
  {
    "BuildPrev": "3.3.0.10958",
    "BuildCur": "3.3.0.11159",
    "RecordCountPrev": 952,
    "RecordCountCur": 952,
    "MatchCount": 952,
    "MatchCountPercent": 100.0
  },
  {
    "BuildPrev": "3.3.0.11159",
    "BuildCur": "3.3.2.11403",
    "RecordCountPrev": 952,
    "RecordCountCur": 1163,
    "MatchCount": 950,
    "MatchCountPercent": 99.7899
  },
  {
    "BuildPrev": "3.3.2.11403",
    "BuildCur": "3.3.3.11685",
    "RecordCountPrev": 1163,
    "RecordCountCur": 1163,
    "MatchCount": 1163,
    "MatchCountPercent": 100.0
  },
  {
    "BuildPrev": "3.3.3.11685",
    "BuildCur": "3.3.3.11723",
    "RecordCountPrev": 1163,
    "RecordCountCur": 1163,
    "MatchCount": 1163,
    "MatchCountPercent": 100.0
  },
  {
    "BuildPrev": "3.3.3.11723",
    "BuildCur": "3.3.5.12213",
    "RecordCountPrev": 1163,
    "RecordCountCur": 1163,
    "MatchCount": 1163,
    "MatchCountPercent": 100.0
  },
  {
    "BuildPrev": "3.3.5.12213",
    "BuildCur": "3.3.5.12340",
    "RecordCountPrev": 1163,
    "RecordCountCur": 1163,
    "MatchCount": 1163,
    "MatchCountPercent": 100.0
  },
  {
    "BuildPrev": "3.3.5.12340",
    "BuildCur": "4.0.0.11927",
    "RecordCountPrev": 1163,
    "RecordCountCur": 1163,
    "MatchCount": 1163,
    "MatchCountPercent": 100.0
  },
  {
    "BuildPrev": "4.0.0.11927",
    "BuildCur": "4.0.0.12025",
    "RecordCountPrev": 1163,
    "RecordCountCur": 1163,
    "MatchCount": 1163,
    "MatchCountPercent": 100.0
  },
  {
    "BuildPrev": "4.0.0.12025",
    "BuildCur": "4.0.0.12065",
    "RecordCountPrev": 1163,
    "RecordCountCur": 1163,
    "MatchCount": 1163,
    "MatchCountPercent": 100.0
  },
  {
    "BuildPrev": "4.0.0.12065",
    "BuildCur": "4.0.0.12122",
    "RecordCountPrev": 1163,
    "RecordCountCur": 1163,
    "MatchCount": 1163,
    "MatchCountPercent": 100.0
  },
  {
    "BuildPrev": "4.0.0.12122",
    "BuildCur": "4.0.0.12164",
    "RecordCountPrev": 1163,
    "RecordCountCur": 1163,
    "MatchCount": 1163,
    "MatchCountPercent": 100.0
  },
  {
    "BuildPrev": "4.0.0.12164",
    "BuildCur": "4.0.0.12232",
    "RecordCountPrev": 1163,
    "RecordCountCur": 1163,
    "MatchCount": 1163,
    "MatchCountPercent": 100.0
  },
  {
    "BuildPrev": "4.0.0.12232",
    "BuildCur": "4.0.0.12266",
    "RecordCountPrev": 1163,
    "RecordCountCur": 1163,
    "MatchCount": 1163,
    "MatchCountPercent": 100.0
  },
  {
    "BuildPrev": "4.0.0.12266",
    "BuildCur": "4.0.0.12319",
    "RecordCountPrev": 1163,
    "RecordCountCur": 1163,
    "MatchCount": 1163,
    "MatchCountPercent": 100.0
  },
  {
    "BuildPrev": "4.0.0.12319",
    "BuildCur": "4.0.0.12911",
    "RecordCountPrev": 1163,
    "RecordCountCur": 1163,
    "MatchCount": 1163,
    "MatchCountPercent": 100.0
  },
  {
    "BuildPrev": "4.0.0.12911",
    "BuildCur": "4.0.1.13164",
    "RecordCountPrev": 1163,
    "RecordCountCur": 1163,
    "MatchCount": 1163,
    "MatchCountPercent": 100.0
  },
  {
    "BuildPrev": "4.0.1.13164",
    "BuildCur": "",
    "RecordCountPrev": 1163,
    "RecordCountCur": 1163,
    "MatchCount": 1163,
    "MatchCountPercent": 100.0
  },
  {
    "BuildPrev": "",
    "BuildCur": "4.0.3.13287",
    "RecordCountPrev": 1163,
    "RecordCountCur": 1163,
    "MatchCount": 1163,
    "MatchCountPercent": 100.0
  },
  {
    "BuildPrev": "4.0.3.13287",
    "BuildCur": "",
    "RecordCountPrev": 1163,
    "RecordCountCur": 1163,
    "MatchCount": 1163,
    "MatchCountPercent": 100.0
  },
  {
    "BuildPrev": "",
    "BuildCur": "4.0.6.13596",
    "RecordCountPrev": 1163,
    "RecordCountCur": 1163,
    "MatchCount": 1163,
    "MatchCountPercent": 100.0
  },
  {
    "BuildPrev": "4.0.6.13596",
    "BuildCur": "",
    "RecordCountPrev": 1163,
    "RecordCountCur": 2576,
    "MatchCount": 1156,
    "MatchCountPercent": 99.3981
  },
  {
    "BuildPrev": "",
    "BuildCur": "",
    "RecordCountPrev": 2576,
    "RecordCountCur": 1163,
    "MatchCount": 1156,
    "MatchCountPercent": 44.8758
  }
]