[
  {
    "BuildPrev": "1.9.0.4937",
    "BuildCur": "1.9.1.4983",
    "RecordCountPrev": 67,
    "RecordCountCur": 67,
    "MatchCount": 29,
    "MatchCountPercent": 43.2836
  },
  {
    "BuildPrev": "1.9.1.4983",
    "BuildCur": "1.9.2.4996",
    "RecordCountPrev": 67,
    "RecordCountCur": 67,
    "MatchCount": 67,
    "MatchCountPercent": 100.0
  },
  {
    "BuildPrev": "1.9.2.4996",
    "BuildCur": "1.9.3.5059",
    "RecordCountPrev": 67,
    "RecordCountCur": 67,
    "MatchCount": 67,
    "MatchCountPercent": 100.0
  },
  {
    "BuildPrev": "1.9.3.5059",
    "BuildCur": "1.9.4.5086",
    "RecordCountPrev": 67,
    "RecordCountCur": 67,
    "MatchCount": 4,
    "MatchCountPercent": 5.9701
  },
  {
    "BuildPrev": "1.9.4.5086",
    "BuildCur": "1.10.0.5195",
    "RecordCountPrev": 67,
    "RecordCountCur": 67,
    "MatchCount": 67,
    "MatchCountPercent": 100.0
  },
  {
    "BuildPrev": "1.10.0.5195",
    "BuildCur": "1.10.1.5230",
    "RecordCountPrev": 67,
    "RecordCountCur": 67,
    "MatchCount": 67,
    "MatchCountPercent": 100.0
  },
  {
    "BuildPrev": "1.10.1.5230",
    "BuildCur": "1.10.2.5302",
    "RecordCountPrev": 67,
    "RecordCountCur": 67,
    "MatchCount": 67,
    "MatchCountPercent": 100.0
  },
  {
    "BuildPrev": "1.10.2.5302",
    "BuildCur": "1.11.0.5344",
    "RecordCountPrev": 67,
    "RecordCountCur": 67,
    "MatchCount": 0,
    "MatchCountPercent": 0.0
  },
  {
    "BuildPrev": "1.11.0.5344",
    "BuildCur": "1.11.0.5428",
    "RecordCountPrev": 67,
    "RecordCountCur": 67,
    "MatchCount": 67,
    "MatchCountPercent": 100.0
  },
  {
    "BuildPrev": "1.11.0.5428",
    "BuildCur": "1.11.1.5462",
    "RecordCountPrev": 67,
    "RecordCountCur": 67,
    "MatchCount": 67,
    "MatchCountPercent": 100.0
  },
  {
    "BuildPrev": "1.11.1.5462",
    "BuildCur": "1.11.2.5464",
    "RecordCountPrev": 67,
    "RecordCountCur": 67,
    "MatchCount": 67,
    "MatchCountPercent": 100.0
  },
  {
    "BuildPrev": "1.11.2.5464",
    "BuildCur": "1.12.0.5595",
    "RecordCountPrev": 67,
    "RecordCountCur": 67,
    "MatchCount": 67,
    "MatchCountPercent": 100.0
  },
  {
    "BuildPrev": "1.12.0.5595",
    "BuildCur": "1.12.1.5875",
    "RecordCountPrev": 67,
    "RecordCountCur": 67,
    "MatchCount": 0,
    "MatchCountPercent": 0.0
  },
  {
    "BuildPrev": "1.12.1.5875",
    "BuildCur": "1.12.2.6005",
    "RecordCountPrev": 67,
    "RecordCountCur": 67,
    "MatchCount": 67,
    "MatchCountPercent": 100.0
  },
  {
    "BuildPrev": "1.12.2.6005",
    "BuildCur": "2.0.0.5610",
    "RecordCountPrev": 67,
    "RecordCountCur": 67,
    "MatchCount": 0,
    "MatchCountPercent": 0.0
  },
  {
    "BuildPrev": "2.0.0.5610",
    "BuildCur": "2.0.0.5665",
    "RecordCountPrev": 67,
    "RecordCountCur": 67,
    "MatchCount": 67,
    "MatchCountPercent": 100.0
  },
  {
    "BuildPrev": "2.0.0.5665",
    "BuildCur": "2.0.0.5666",
    "RecordCountPrev": 67,
    "RecordCountCur": 67,
    "MatchCount": 67,
    "MatchCountPercent": 100.0
  },
  {
    "BuildPrev": "2.0.0.5666",
    "BuildCur": "2.0.0.5991",
    "RecordCountPrev": 67,
    "RecordCountCur": 67,
    "MatchCount": 0,
    "MatchCountPercent": 0.0
  },
  {
    "BuildPrev": "2.0.0.5991",
    "BuildCur": "2.0.0.6080",
    "RecordCountPrev": 67,
    "RecordCountCur": 87,
    "MatchCount": 0,
    "MatchCountPercent": 0.0
  },
  {
    "BuildPrev": "2.0.0.6080",
    "BuildCur": "2.0.3.6299",
    "RecordCountPrev": 87,
    "RecordCountCur": 117,
    "MatchCount": 4,
    "MatchCountPercent": 4.5977
  },
  {
    "BuildPrev": "2.0.3.6299",
    "BuildCur": "2.0.5.6320",
    "RecordCountPrev": 117,
    "RecordCountCur": 117,
    "MatchCount": 117,
    "MatchCountPercent": 100.0
  },
  {
    "BuildPrev": "2.0.5.6320",
    "BuildCur": "2.0.6.6337",
    "RecordCountPrev": 117,
    "RecordCountCur": 117,
    "MatchCount": 117,
    "MatchCountPercent": 100.0
  },
  {
    "BuildPrev": "2.0.6.6337",
    "BuildCur": "2.1.0.6692",
    "RecordCountPrev": 117,
    "RecordCountCur": 118,
    "MatchCount": 0,
    "MatchCountPercent": 0.0
  },
  {
    "BuildPrev": "2.1.0.6692",
    "BuildCur": "2.1.0.6729",
    "RecordCountPrev": 118,
    "RecordCountCur": 118,
    "MatchCount": 118,
    "MatchCountPercent": 100.0
  },
  {
    "BuildPrev": "2.1.0.6729",
    "BuildCur": "2.1.1.6739",
    "RecordCountPrev": 118,
    "RecordCountCur": 118,
    "MatchCount": 118,
    "MatchCountPercent": 100.0
  },
  {
    "BuildPrev": "2.1.1.6739",
    "BuildCur": "2.1.2.6803",
    "RecordCountPrev": 118,
    "RecordCountCur": 118,
    "MatchCount": 118,
    "MatchCountPercent": 100.0
  },
  {
    "BuildPrev": "2.1.2.6803",
    "BuildCur": "2.1.3.6898",
    "RecordCountPrev": 118,
    "RecordCountCur": 118,
    "MatchCount": 118,
    "MatchCountPercent": 100.0
  },
  {
    "BuildPrev": "2.1.3.6898",
    "BuildCur": "2.2.0.7272",
    "RecordCountPrev": 118,
    "RecordCountCur": 118,
    "MatchCount": 118,
    "MatchCountPercent": 100.0
  },
  {
    "BuildPrev": "2.2.0.7272",
    "BuildCur": "2.3.0.7561",
    "RecordCountPrev": 118,
    "RecordCountCur": 119,
    "MatchCount": 0,
    "MatchCountPercent": 0.0
  },
  {
    "BuildPrev": "2.3.0.7561",
    "BuildCur": "2.3.2.7741",
    "RecordCountPrev": 119,
    "RecordCountCur": 119,
    "MatchCount": 0,
    "MatchCountPercent": 0.0
  },
  {
    "BuildPrev": "2.3.2.7741",
    "BuildCur": "2.3.3.7799",
    "RecordCountPrev": 119,
    "RecordCountCur": 119,
    "MatchCount": 119,
    "MatchCountPercent": 100.0
  },
  {
    "BuildPrev": "2.3.3.7799",
    "BuildCur": "2.4.0.8089",
    "RecordCountPrev": 119,
    "RecordCountCur": 123,
    "MatchCount": 39,
    "MatchCountPercent": 32.7731
  },
  {
    "BuildPrev": "2.4.0.8089",
    "BuildCur": "2.4.1.8125",
    "RecordCountPrev": 123,
    "RecordCountCur": 123,
    "MatchCount": 123,
    "MatchCountPercent": 100.0
  },
  {
    "BuildPrev": "2.4.1.8125",
    "BuildCur": "2.4.2.8278",
    "RecordCountPrev": 123,
    "RecordCountCur": 123,
    "MatchCount": 119,
    "MatchCountPercent": 96.748
  },
  {
    "BuildPrev": "2.4.2.8278",
    "BuildCur": "2.4.3.8606",
    "RecordCountPrev": 123,
    "RecordCountCur": 123,
    "MatchCount": 123,
    "MatchCountPercent": 100.0
  },
  {
    "BuildPrev": "2.4.3.8606",
    "BuildCur": "3.0.1.8303",
    "RecordCountPrev": 123,
    "RecordCountCur": 125,
    "MatchCount": 40,
    "MatchCountPercent": 32.5203
  },
  {
    "BuildPrev": "3.0.1.8303",
    "BuildCur": "3.0.1.8334",
    "RecordCountPrev": 125,
    "RecordCountCur": 125,
    "MatchCount": 123,
    "MatchCountPercent": 98.4
  },
  {
    "BuildPrev": "3.0.1.8334",
    "BuildCur": "3.0.1.8391",
    "RecordCountPrev": 125,
    "RecordCountCur": 125,
    "MatchCount": 123,
    "MatchCountPercent": 98.4
  },
  {
    "BuildPrev": "3.0.1.8391",
    "BuildCur": "3.0.1.8471",
    "RecordCountPrev": 125,
    "RecordCountCur": 125,
    "MatchCount": 125,
    "MatchCountPercent": 100.0
  },
  {
    "BuildPrev": "3.0.1.8471",
    "BuildCur": "3.0.1.8622",
    "RecordCountPrev": 125,
    "RecordCountCur": 146,
    "MatchCount": 0,
    "MatchCountPercent": 0.0
  },
  {
    "BuildPrev": "3.0.1.8622",
    "BuildCur": "3.0.1.8634",
    "RecordCountPrev": 146,
    "RecordCountCur": 146,
    "MatchCount": 0,
    "MatchCountPercent": 0.0
  },
  {
    "BuildPrev": "3.0.1.8634",
    "BuildCur": "3.0.1.8681",
    "RecordCountPrev": 146,
    "RecordCountCur": 148,
    "MatchCount": 40,
    "MatchCountPercent": 27.3973
  },
  {
    "BuildPrev": "3.0.1.8681",
    "BuildCur": "3.0.1.8714",
    "RecordCountPrev": 148,
    "RecordCountCur": 148,
    "MatchCount": 148,
    "MatchCountPercent": 100.0
  },
  {
    "BuildPrev": "3.0.1.8714",
    "BuildCur": "3.0.1.8770",
    "RecordCountPrev": 148,
    "RecordCountCur": 148,
    "MatchCount": 0,
    "MatchCountPercent": 0.0
  },
  {
    "BuildPrev": "3.0.1.8770",
    "BuildCur": "3.0.1.8788",
    "RecordCountPrev": 148,
    "RecordCountCur": 148,
    "MatchCount": 47,
    "MatchCountPercent": 31.7568
  },
  {
    "BuildPrev": "3.0.1.8788",
    "BuildCur": "3.0.1.8820",
    "RecordCountPrev": 148,
    "RecordCountCur": 148,
    "MatchCount": 0,
    "MatchCountPercent": 0.0
  },
  {
    "BuildPrev": "3.0.1.8820",
    "BuildCur": "3.0.1.8874",
    "RecordCountPrev": 148,
    "RecordCountCur": 148,
    "MatchCount": 0,
    "MatchCountPercent": 0.0
  },
  {
    "BuildPrev": "3.0.1.8874",
    "BuildCur": "3.0.1.8885",
    "RecordCountPrev": 148,
    "RecordCountCur": 148,
    "MatchCount": 0,
    "MatchCountPercent": 0.0
  },
  {
    "BuildPrev": "3.0.1.8885",
    "BuildCur": "3.0.2.9056",
    "RecordCountPrev": 148,
    "RecordCountCur": 164,
    "MatchCount": 0,
    "MatchCountPercent": 0.0
  },
  {
    "BuildPrev": "3.0.2.9056",
    "BuildCur": "3.0.3.9183",
    "RecordCountPrev": 164,
    "RecordCountCur": 163,
    "MatchCount": 0,
    "MatchCountPercent": 0.0
  },
  {
    "BuildPrev": "3.0.3.9183",
    "BuildCur": "3.0.8.9464",
    "RecordCountPrev": 163,
    "RecordCountCur": 163,
    "MatchCount": 0,
    "MatchCountPercent": 0.0
  },
  {
    "BuildPrev": "3.0.8.9464",
    "BuildCur": "3.0.8.9506",
    "RecordCountPrev": 163,
    "RecordCountCur": 163,
    "MatchCount": 0,
    "MatchCountPercent": 0.0
  },
  {
    "BuildPrev": "3.0.8.9506",
    "BuildCur": "3.0.9.9551",
    "RecordCountPrev": 163,
    "RecordCountCur": 163,
    "MatchCount": 0,
    "MatchCountPercent": 0.0
  },
  {
    "BuildPrev": "3.0.9.9551",
    "BuildCur": "3.1.0.9767",
    "RecordCountPrev": 163,
    "RecordCountCur": 165,
    "MatchCount": 47,
    "MatchCountPercent": 28.8344
  },
  {
    "BuildPrev": "3.1.0.9767",
    "BuildCur": "3.1.1.9806",
    "RecordCountPrev": 165,
    "RecordCountCur": 165,
    "MatchCount": 165,
    "MatchCountPercent": 100.0
  },
  {
    "BuildPrev": "3.1.1.9806",
    "BuildCur": "3.1.1.9835",
    "RecordCountPrev": 165,
    "RecordCountCur": 165,
    "MatchCount": 165,
    "MatchCountPercent": 100.0
  },
  {
    "BuildPrev": "3.1.1.9835",
    "BuildCur": "3.1.2.9901",
    "RecordCountPrev": 165,
    "RecordCountCur": 165,
    "MatchCount": 165,
    "MatchCountPercent": 100.0
  },
  {
    "BuildPrev": "3.1.2.9901",
    "BuildCur": "3.1.3.9947",
    "RecordCountPrev": 165,
    "RecordCountCur": 165,
    "MatchCount": 165,
    "MatchCountPercent": 100.0
  },
  {
    "BuildPrev": "3.1.3.9947",
    "BuildCur": "3.2.0.10192",
    "RecordCountPrev": 165,
    "RecordCountCur": 171,
    "MatchCount": 51,
    "MatchCountPercent": 30.9091
  },
  {
    "BuildPrev": "3.2.0.10192",
    "BuildCur": "3.2.0.10314",
    "RecordCountPrev": 171,
    "RecordCountCur": 171,
    "MatchCount": 171,
    "MatchCountPercent": 100.0
  },
  {
    "BuildPrev": "3.2.0.10314",
    "BuildCur": "3.2.2.10482",
    "RecordCountPrev": 171,
    "RecordCountCur": 172,
    "MatchCount": 55,
    "MatchCountPercent": 32.1637
  },
  {
    "BuildPrev": "3.2.2.10482",
    "BuildCur": "3.2.2.10505",
    "RecordCountPrev": 172,
    "RecordCountCur": 172,
    "MatchCount": 172,
    "MatchCountPercent": 100.0
  },
  {
    "BuildPrev": "3.2.2.10505",
    "BuildCur": "3.3.0.10958",
    "RecordCountPrev": 172,
    "RecordCountCur": 189,
    "MatchCount": 0,
    "MatchCountPercent": 0.0
  },
  {
    "BuildPrev": "3.3.0.10958",
    "BuildCur": "3.3.0.11159",
    "RecordCountPrev": 189,
    "RecordCountCur": 189,
    "MatchCount": 189,
    "MatchCountPercent": 100.0
  },
  {
    "BuildPrev": "3.3.0.11159",
    "BuildCur": "3.3.2.11403",
    "RecordCountPrev": 189,
    "RecordCountCur": 189,
    "MatchCount": 14,
    "MatchCountPercent": 7.4074
  },
  {
    "BuildPrev": "3.3.2.11403",
    "BuildCur": "3.3.3.11685",
    "RecordCountPrev": 189,
    "RecordCountCur": 193,
    "MatchCount": 0,
    "MatchCountPercent": 0.0
  },
  {
    "BuildPrev": "3.3.3.11685",
    "BuildCur": "3.3.3.11723",
    "RecordCountPrev": 193,
    "RecordCountCur": 193,
    "MatchCount": 193,
    "MatchCountPercent": 100.0
  },
  {
    "BuildPrev": "3.3.3.11723",
    "BuildCur": "3.3.5.12213",
    "RecordCountPrev": 193,
    "RecordCountCur": 195,
    "MatchCount": 128,
    "MatchCountPercent": 66.3212
  },
  {
    "BuildPrev": "3.3.5.12213",
    "BuildCur": "3.3.5.12340",
    "RecordCountPrev": 195,
    "RecordCountCur": 195,
    "MatchCount": 195,
    "MatchCountPercent": 100.0
  },
  {
    "BuildPrev": "3.3.5.12340",
    "BuildCur": "4.0.0.11927",
    "RecordCountPrev": 195,
    "RecordCountCur": 205,
    "MatchCount": 0,
    "MatchCountPercent": 0.0
  },
  {
    "BuildPrev": "4.0.0.11927",
    "BuildCur": "4.0.0.12025",
    "RecordCountPrev": 205,
    "RecordCountCur": 206,
    "MatchCount": 202,
    "MatchCountPercent": 98.5366
  },
  {
    "BuildPrev": "4.0.0.12025",
    "BuildCur": "4.0.0.12065",
    "RecordCountPrev": 206,
    "RecordCountCur": 206,
    "MatchCount": 206,
    "MatchCountPercent": 100.0
  },
  {
    "BuildPrev": "4.0.0.12065",
    "BuildCur": "4.0.0.12122",
    "RecordCountPrev": 206,
    "RecordCountCur": 206,
    "MatchCount": 205,
    "MatchCountPercent": 99.5146
  },
  {
    "BuildPrev": "4.0.0.12122",
    "BuildCur": "4.0.0.12164",
    "RecordCountPrev": 206,
    "RecordCountCur": 206,
    "MatchCount": 206,
    "MatchCountPercent": 100.0
  },
  {
    "BuildPrev": "4.0.0.12164",
    "BuildCur": "4.0.0.12232",
    "RecordCountPrev": 206,
    "RecordCountCur": 207,
    "MatchCount": 72,
    "MatchCountPercent": 34.9515
  },
  {
    "BuildPrev": "4.0.0.12232",
    "BuildCur": "4.0.0.12266",
    "RecordCountPrev": 207,
    "RecordCountCur": 207,
    "MatchCount": 207,
    "MatchCountPercent": 100.0
  },
  {
    "BuildPrev": "4.0.0.12266",
    "BuildCur": "4.0.0.12319",
    "RecordCountPrev": 207,
    "RecordCountCur": 209,
    "MatchCount": 206,
    "MatchCountPercent": 99.5169
  },
  {
    "BuildPrev": "4.0.0.12319",
    "BuildCur": "4.0.0.12911",
    "RecordCountPrev": 209,
    "RecordCountCur": 228,
    "MatchCount": 13,
    "MatchCountPercent": 6.2201
  },
  {
    "BuildPrev": "4.0.0.12911",
    "BuildCur": "4.0.1.13164",
    "RecordCountPrev": 228,
    "RecordCountCur": 228,
    "MatchCount": 228,
    "MatchCountPercent": 100.0
  },
  {
    "BuildPrev": "4.0.1.13164",
    "BuildCur": "",
    "RecordCountPrev": 228,
    "RecordCountCur": 228,
    "MatchCount": 228,
    "MatchCountPercent": 100.0
  },
  {
    "BuildPrev": "",
    "BuildCur": "4.0.3.13287",
    "RecordCountPrev": 228,
    "RecordCountCur": 228,
    "MatchCount": 228,
    "MatchCountPercent": 100.0
  },
  {
    "BuildPrev": "4.0.3.13287",
    "BuildCur": "",
    "RecordCountPrev": 228,
    "RecordCountCur": 228,
    "MatchCount": 228,
    "MatchCountPercent": 100.0
  },
  {
    "BuildPrev": "",
    "BuildCur": "4.0.6.13596",
    "RecordCountPrev": 228,
    "RecordCountCur": 228,
    "MatchCount": 228,
    "MatchCountPercent": 100.0
  },
  {
    "BuildPrev": "4.0.6.13596",
    "BuildCur": "",
    "RecordCountPrev": 228,
    "RecordCountCur": 228,
    "MatchCount": 63,
    "MatchCountPercent": 27.6316
  },
  {
    "BuildPrev": "",
    "BuildCur": "4.1.0.13914",
    "RecordCountPrev": 228,
    "RecordCountCur": 231,
    "MatchCount": 0,
    "MatchCountPercent": 0.0
  },
  {
    "BuildPrev": "4.1.0.13914",
    "BuildCur": "",
    "RecordCountPrev": 231,
    "RecordCountCur": 231,
    "MatchCount": 231,
    "MatchCountPercent": 100.0
  },
  {
    "BuildPrev": "",
    "BuildCur": "4.2.0.14333",
    "RecordCountPrev": 231,
    "RecordCountCur": 233,
    "MatchCount": 121,
    "MatchCountPercent": 52.381
  },
  {
    "BuildPrev": "4.2.0.14333",
    "BuildCur": "",
    "RecordCountPrev": 233,
    "RecordCountCur": 228,
    "MatchCount": 0,
    "MatchCountPercent": 0.0
  },
  {
    "BuildPrev": "",
    "BuildCur": "4.2.2.14545",
    "RecordCountPrev": 228,
    "RecordCountCur": 233,
    "MatchCount": 0,
    "MatchCountPercent": 0.0
  },
  {
    "BuildPrev": "4.2.2.14545",
    "BuildCur": "4.3.0.15005",
    "RecordCountPrev": 233,
    "RecordCountCur": 233,
    "MatchCount": 233,
    "MatchCountPercent": 100.0
  },
  {
    "BuildPrev": "4.3.0.15005",
    "BuildCur": "",
    "RecordCountPrev": 233,
    "RecordCountCur": 233,
    "MatchCount": 233,
    "MatchCountPercent": 100.0
  },
  {
    "BuildPrev": "",
    "BuildCur": "4.3.2.15211",
    "RecordCountPrev": 233,
    "RecordCountCur": 240,
    "MatchCount": 0,
    "MatchCountPercent": 0.0
  },
  {
    "BuildPrev": "4.3.2.15211",
    "BuildCur": "4.3.3.15354",
    "RecordCountPrev": 240,
    "RecordCountCur": 240,
    "MatchCount": 240,
    "MatchCountPercent": 100.0
  },
  {
    "BuildPrev": "4.3.3.15354",
    "BuildCur": "4.3.4.15595",
    "RecordCountPrev": 240,
    "RecordCountCur": 240,
    "MatchCount": 240,
    "MatchCountPercent": 100.0
  },
  {
    "BuildPrev": "4.3.4.15595",
    "BuildCur": "5.0.1.15464",
    "RecordCountPrev": 240,
    "RecordCountCur": 251,
    "MatchCount": 11,
    "MatchCountPercent": 4.5833
  },
  {
    "BuildPrev": "5.0.1.15464",
    "BuildCur": "5.0.1.15508",
    "RecordCountPrev": 251,
    "RecordCountCur": 253,
    "MatchCount": 0,
    "MatchCountPercent": 0.0
  },
  {
    "BuildPrev": "5.0.1.15508",
    "BuildCur": "5.0.1.15544",
    "RecordCountPrev": 253,
    "RecordCountCur": 253,
    "MatchCount": 253,
    "MatchCountPercent": 100.0
  },
  {
    "BuildPrev": "5.0.1.15544",
    "BuildCur": "5.0.1.15589",
    "RecordCountPrev": 253,
    "RecordCountCur": 254,
    "MatchCount": 0,
    "MatchCountPercent": 0.0
  },
  {
    "BuildPrev": "5.0.1.15589",
    "BuildCur": "5.0.1.15640",
    "RecordCountPrev": 254,
    "RecordCountCur": 251,
    "MatchCount": 0,
    "MatchCountPercent": 0.0
  },
  {
    "BuildPrev": "5.0.1.15640",
    "BuildCur": "5.0.1.15650",
    "RecordCountPrev": 251,
    "RecordCountCur": 265,
    "MatchCount": 0,
    "MatchCountPercent": 0.0
  },
  {
    "BuildPrev": "5.0.1.15650",
    "BuildCur": "5.0.1.15657",
    "RecordCountPrev": 265,
    "RecordCountCur": 264,
    "MatchCount": 136,
    "MatchCountPercent": 51.3208
  },
  {
    "BuildPrev": "5.0.1.15657",
    "BuildCur": "5.0.1.15662",
    "RecordCountPrev": 264,
    "RecordCountCur": 251,
    "MatchCount": 0,
    "MatchCountPercent": 0.0
  },
  {
    "BuildPrev": "5.0.1.15662",
    "BuildCur": "5.0.1.15668",
    "RecordCountPrev": 251,
    "RecordCountCur": 280,
    "MatchCount": 0,
    "MatchCountPercent": 0.0
  },
  {
    "BuildPrev": "5.0.1.15668",
    "BuildCur": "5.0.1.15677",
    "RecordCountPrev": 280,
    "RecordCountCur": 275,
    "MatchCount": 149,
    "MatchCountPercent": 53.2143
  },
  {
    "BuildPrev": "5.0.1.15677",
    "BuildCur": "5.0.1.15689",
    "RecordCountPrev": 275,
    "RecordCountCur": 275,
    "MatchCount": 5,
    "MatchCountPercent": 1.8182
  },
  {
    "BuildPrev": "5.0.1.15689",
    "BuildCur": "5.0.1.15699",
    "RecordCountPrev": 275,
    "RecordCountCur": 275,
    "MatchCount": 141,
    "MatchCountPercent": 51.2727
  },
  {
    "BuildPrev": "5.0.1.15699",
    "BuildCur": "5.0.1.15726",
    "RecordCountPrev": 275,
    "RecordCountCur": 276,
    "MatchCount": 86,
    "MatchCountPercent": 31.2727
  },
  {
    "BuildPrev": "5.0.1.15726",
    "BuildCur": "5.0.1.15739",
    "RecordCountPrev": 276,
    "RecordCountCur": 277,
    "MatchCount": 129,
    "MatchCountPercent": 46.7391
  },
  {
    "BuildPrev": "5.0.1.15739",
    "BuildCur": "5.0.1.15752",
    "RecordCountPrev": 277,
    "RecordCountCur": 277,
    "MatchCount": 276,
    "MatchCountPercent": 99.639
  },
  {
    "BuildPrev": "5.0.1.15752",
    "BuildCur": "5.0.1.15762",
    "RecordCountPrev": 277,
    "RecordCountCur": 277,
    "MatchCount": 277,
    "MatchCountPercent": 100.0
  },
  {
    "BuildPrev": "5.0.1.15762",
    "BuildCur": "5.0.1.15781",
    "RecordCountPrev": 277,
    "RecordCountCur": 277,
    "MatchCount": 156,
    "MatchCountPercent": 56.3177
  },
  {
    "BuildPrev": "5.0.1.15781",
    "BuildCur": "5.0.1.15799",
    "RecordCountPrev": 277,
    "RecordCountCur": 277,
    "MatchCount": 134,
    "MatchCountPercent": 48.3755
  },
  {
    "BuildPrev": "5.0.1.15799",
    "BuildCur": "5.0.4.15890",
    "RecordCountPrev": 277,
    "RecordCountCur": 278,
    "MatchCount": 139,
    "MatchCountPercent": 50.1805
  },
  {
    "BuildPrev": "5.0.4.15890",
    "BuildCur": "5.0.4.16016",
    "RecordCountPrev": 278,
    "RecordCountCur": 278,
    "MatchCount": 137,
    "MatchCountPercent": 49.2806
  },
  {
    "BuildPrev": "5.0.4.16016",
    "BuildCur": "5.0.5.16048",
    "RecordCountPrev": 278,
    "RecordCountCur": 278,
    "MatchCount": 275,
    "MatchCountPercent": 98.9209
  },
  {
    "BuildPrev": "5.0.5.16048",
    "BuildCur": "5.0.5.16057",
    "RecordCountPrev": 278,
    "RecordCountCur": 278,
    "MatchCount": 278,
    "MatchCountPercent": 100.0
  },
  {
    "BuildPrev": "5.0.5.16057",
    "BuildCur": "5.1.0.16309",
    "RecordCountPrev": 278,
    "RecordCountCur": 285,
    "MatchCount": 139,
    "MatchCountPercent": 50.0
  },
  {
    "BuildPrev": "5.1.0.16309",
    "BuildCur": "",
    "RecordCountPrev": 285,
    "RecordCountCur": 285,
    "MatchCount": 285,
    "MatchCountPercent": 100.0
  },
  {
    "BuildPrev": "",
    "BuildCur": "5.2.0.16516",
    "RecordCountPrev": 285,
    "RecordCountCur": 302,
    "MatchCount": 0,
    "MatchCountPercent": 0.0
  },
  {
    "BuildPrev": "5.2.0.16516",
    "BuildCur": "5.2.0.16650",
    "RecordCountPrev": 302,
    "RecordCountCur": 304,
    "MatchCount": 220,
    "MatchCountPercent": 72.8477
  },
  {
    "BuildPrev": "5.2.0.16650",
    "BuildCur": "5.3.0.16844",
    "RecordCountPrev": 304,
    "RecordCountCur": 319,
    "MatchCount": 133,
    "MatchCountPercent": 43.75
  },
  {
    "BuildPrev": "5.3.0.16844",
    "BuildCur": "5.3.0.16965",
    "RecordCountPrev": 319,
    "RecordCountCur": 319,
    "MatchCount": 307,
    "MatchCountPercent": 96.2382
  },
  {
    "BuildPrev": "5.3.0.16965",
    "BuildCur": "5.3.0.17116",
    "RecordCountPrev": 319,
    "RecordCountCur": 319,
    "MatchCount": 319,
    "MatchCountPercent": 100.0
  },
  {
    "BuildPrev": "5.3.0.17116",
    "BuildCur": "5.4.0.17266",
    "RecordCountPrev": 319,
    "RecordCountCur": 337,
    "MatchCount": 0,
    "MatchCountPercent": 0.0
  },
  {
    "BuildPrev": "5.4.0.17266",
    "BuildCur": "5.4.0.17325",
    "RecordCountPrev": 337,
    "RecordCountCur": 336,
    "MatchCount": 141,
    "MatchCountPercent": 41.8398
  },
  {
    "BuildPrev": "5.4.0.17325",
    "BuildCur": "5.4.0.17345",
    "RecordCountPrev": 336,
    "RecordCountCur": 336,
    "MatchCount": 334,
    "MatchCountPercent": 99.4048
  },
  {
    "BuildPrev": "5.4.0.17345",
    "BuildCur": "5.4.1.17520",
    "RecordCountPrev": 336,
    "RecordCountCur": 336,
    "MatchCount": 314,
    "MatchCountPercent": 93.4524
  },
  {
    "BuildPrev": "5.4.1.17520",
    "BuildCur": "5.4.1.17538",
    "RecordCountPrev": 336,
    "RecordCountCur": 336,
    "MatchCount": 336,
    "MatchCountPercent": 100.0
  },
  {
    "BuildPrev": "5.4.1.17538",
    "BuildCur": "5.4.2.17645",
    "RecordCountPrev": 336,
    "RecordCountCur": 343,
    "MatchCount": 265,
    "MatchCountPercent": 78.869
  },
  {
    "BuildPrev": "5.4.2.17645",
    "BuildCur": "5.4.2.17688",
    "RecordCountPrev": 343,
    "RecordCountCur": 343,
    "MatchCount": 343,
    "MatchCountPercent": 100.0
  },
  {
    "BuildPrev": "5.4.2.17688",
    "BuildCur": "5.4.7.17898",
    "RecordCountPrev": 343,
    "RecordCountCur": 343,
    "MatchCount": 343,
    "MatchCountPercent": 100.0
  },
  {
    "BuildPrev": "5.4.7.17898",
    "BuildCur": "5.4.8.18273",
    "RecordCountPrev": 343,
    "RecordCountCur": 343,
    "MatchCount": 341,
    "MatchCountPercent": 99.4169
  },
  {
    "BuildPrev": "5.4.8.18273",
    "BuildCur": "6.0.1.18125",
    "RecordCountPrev": 343,
    "RecordCountCur": 382,
    "MatchCount": 141,
    "MatchCountPercent": 41.1079
  },
  {
    "BuildPrev": "6.0.1.18125",
    "BuildCur": "6.0.1.18156",
    "RecordCountPrev": 382,
    "RecordCountCur": 387,
    "MatchCount": 145,
    "MatchCountPercent": 37.9581
  },
  {
    "BuildPrev": "6.0.1.18156",
    "BuildCur": "6.0.1.18164",
    "RecordCountPrev": 387,
    "RecordCountCur": 388,
    "MatchCount": 151,
    "MatchCountPercent": 39.0181
  },
  {
    "BuildPrev": "6.0.1.18164",
    "BuildCur": "6.0.1.18179",
    "RecordCountPrev": 388,
    "RecordCountCur": 388,
    "MatchCount": 388,
    "MatchCountPercent": 100.0
  },
  {
    "BuildPrev": "6.0.1.18179",
    "BuildCur": "6.0.1.18297",
    "RecordCountPrev": 388,
    "RecordCountCur": 412,
    "MatchCount": 227,
    "MatchCountPercent": 58.5052
  },
  {
    "BuildPrev": "6.0.1.18297",
    "BuildCur": "6.0.1.18322",
    "RecordCountPrev": 412,
    "RecordCountCur": 414,
    "MatchCount": 272,
    "MatchCountPercent": 66.0194
  },
  {
    "BuildPrev": "6.0.1.18322",
    "BuildCur": "6.0.1.18379",
    "RecordCountPrev": 414,
    "RecordCountCur": 416,
    "MatchCount": 154,
    "MatchCountPercent": 37.1981
  },
  {
    "BuildPrev": "6.0.1.18379",
    "BuildCur": "6.0.1.18443",
    "RecordCountPrev": 416,
    "RecordCountCur": 416,
    "MatchCount": 146,
    "MatchCountPercent": 35.0962
  },
  {
    "BuildPrev": "6.0.1.18443",
    "BuildCur": "6.0.1.18471",
    "RecordCountPrev": 416,
    "RecordCountCur": 417,
    "MatchCount": 284,
    "MatchCountPercent": 68.2692
  },
  {
    "BuildPrev": "6.0.1.18471",
    "BuildCur": "6.0.1.18505",
    "RecordCountPrev": 417,
    "RecordCountCur": 419,
    "MatchCount": 413,
    "MatchCountPercent": 99.0408
  },
  {
    "BuildPrev": "6.0.1.18505",
    "BuildCur": "6.0.1.18522",
    "RecordCountPrev": 419,
    "RecordCountCur": 420,
    "MatchCount": 155,
    "MatchCountPercent": 36.9928
  },
  {
    "BuildPrev": "6.0.1.18522",
    "BuildCur": "6.0.1.18537",
    "RecordCountPrev": 420,
    "RecordCountCur": 420,
    "MatchCount": 420,
    "MatchCountPercent": 100.0
  },
  {
    "BuildPrev": "6.0.1.18537",
    "BuildCur": "6.0.1.18566",
    "RecordCountPrev": 420,
    "RecordCountCur": 421,
    "MatchCount": 286,
    "MatchCountPercent": 68.0952
  },
  {
    "BuildPrev": "6.0.1.18566",
    "BuildCur": "6.0.1.18594",
    "RecordCountPrev": 421,
    "RecordCountCur": 421,
    "MatchCount": 120,
    "MatchCountPercent": 28.5036
  },
  {
    "BuildPrev": "6.0.1.18594",
    "BuildCur": "6.0.1.18645",
    "RecordCountPrev": 421,
    "RecordCountCur": 421,
    "MatchCount": 421,
    "MatchCountPercent": 100.0
  },
  {
    "BuildPrev": "6.0.1.18645",
    "BuildCur": "6.0.1.18663",
    "RecordCountPrev": 421,
    "RecordCountCur": 421,
    "MatchCount": 421,
    "MatchCountPercent": 100.0
  },
  {
    "BuildPrev": "6.0.1.18663",
    "BuildCur": "6.0.1.18685",
    "RecordCountPrev": 421,
    "RecordCountCur": 421,
    "MatchCount": 421,
    "MatchCountPercent": 100.0
  },
  {
    "BuildPrev": "6.0.1.18685",
    "BuildCur": "6.0.1.18689",
    "RecordCountPrev": 421,
    "RecordCountCur": 422,
    "MatchCount": 180,
    "MatchCountPercent": 42.7553
  },
  {
    "BuildPrev": "6.0.1.18689",
    "BuildCur": "6.0.1.18716",
    "RecordCountPrev": 422,
    "RecordCountCur": 422,
    "MatchCount": 289,
    "MatchCountPercent": 68.4834
  },
  {
    "BuildPrev": "6.0.1.18716",
    "BuildCur": "6.0.1.18738",
    "RecordCountPrev": 422,
    "RecordCountCur": 422,
    "MatchCount": 153,
    "MatchCountPercent": 36.2559
  },
  {
    "BuildPrev": "6.0.1.18738",
    "BuildCur": "6.0.2.18764",
    "RecordCountPrev": 422,
    "RecordCountCur": 422,
    "MatchCount": 420,
    "MatchCountPercent": 99.5261
  },
  {
    "BuildPrev": "6.0.2.18764",
    "BuildCur": "6.0.1.18803",
    "RecordCountPrev": 422,
    "RecordCountCur": 428,
    "MatchCount": 347,
    "MatchCountPercent": 82.2275
  },
  {
    "BuildPrev": "6.0.1.18803",
    "BuildCur": "6.0.2.18816",
    "RecordCountPrev": 428,
    "RecordCountCur": 428,
    "MatchCount": 407,
    "MatchCountPercent": 95.0935
  },
  {
    "BuildPrev": "6.0.2.18816",
    "BuildCur": "6.0.2.18833",
    "RecordCountPrev": 428,
    "RecordCountCur": 428,
    "MatchCount": 428,
    "MatchCountPercent": 100.0
  },
  {
    "BuildPrev": "6.0.2.18833",
    "BuildCur": "6.0.2.18837",
    "RecordCountPrev": 428,
    "RecordCountCur": 428,
    "MatchCount": 426,
    "MatchCountPercent": 99.5327
  },
  {
    "BuildPrev": "6.0.2.18837",
    "BuildCur": "6.0.2.18838",
    "RecordCountPrev": 428,
    "RecordCountCur": 428,
    "MatchCount": 428,
    "MatchCountPercent": 100.0
  },
  {
    "BuildPrev": "6.0.2.18838",
    "BuildCur": "6.0.2.18848",
    "RecordCountPrev": 428,
    "RecordCountCur": 428,
    "MatchCount": 428,
    "MatchCountPercent": 100.0
  },
  {
    "BuildPrev": "6.0.2.18848",
    "BuildCur": "6.0.2.18850",
    "RecordCountPrev": 428,
    "RecordCountCur": 428,
    "MatchCount": 428,
    "MatchCountPercent": 100.0
  },
  {
    "BuildPrev": "6.0.2.18850",
    "BuildCur": "6.0.2.18865",
    "RecordCountPrev": 428,
    "RecordCountCur": 428,
    "MatchCount": 428,
    "MatchCountPercent": 100.0
  },
  {
    "BuildPrev": "6.0.2.18865",
    "BuildCur": "6.0.2.18888",
    "RecordCountPrev": 428,
    "RecordCountCur": 427,
    "MatchCount": 271,
    "MatchCountPercent": 63.3178
  },
  {
    "BuildPrev": "6.0.2.18888",
    "BuildCur": "6.0.2.18898",
    "RecordCountPrev": 427,
    "RecordCountCur": 427,
    "MatchCount": 427,
    "MatchCountPercent": 100.0
  },
  {
    "BuildPrev": "6.0.2.18898",
    "BuildCur": "6.0.2.18909",
    "RecordCountPrev": 427,
    "RecordCountCur": 427,
    "MatchCount": 424,
    "MatchCountPercent": 99.2974
  },
  {
    "BuildPrev": "6.0.2.18909",
    "BuildCur": "6.0.2.18912",
    "RecordCountPrev": 427,
    "RecordCountCur": 427,
    "MatchCount": 424,
    "MatchCountPercent": 99.2974
  },
  {
    "BuildPrev": "6.0.2.18912",
    "BuildCur": "6.0.2.18922",
    "RecordCountPrev": 427,
    "RecordCountCur": 427,
    "MatchCount": 424,
    "MatchCountPercent": 99.2974
  },
  {
    "BuildPrev": "6.0.2.18922",
    "BuildCur": "6.0.2.18927",
    "RecordCountPrev": 427,
    "RecordCountCur": 427,
    "MatchCount": 427,
    "MatchCountPercent": 100.0
  },
  {
    "BuildPrev": "6.0.2.18927",
    "BuildCur": "6.0.2.18934",
    "RecordCountPrev": 427,
    "RecordCountCur": 427,
    "MatchCount": 427,
    "MatchCountPercent": 100.0
  },
  {
    "BuildPrev": "6.0.2.18934",
    "BuildCur": "6.0.2.18935",
    "RecordCountPrev": 427,
    "RecordCountCur": 427,
    "MatchCount": 427,
    "MatchCountPercent": 100.0
  },
  {
    "BuildPrev": "6.0.2.18935",
    "BuildCur": "6.0.2.18950",
    "RecordCountPrev": 427,
    "RecordCountCur": 427,
    "MatchCount": 407,
    "MatchCountPercent": 95.3162
  },
  {
    "BuildPrev": "6.0.2.18950",
    "BuildCur": "6.0.2.18965",
    "RecordCountPrev": 427,
    "RecordCountCur": 427,
    "MatchCount": 427,
    "MatchCountPercent": 100.0
  },
  {
    "BuildPrev": "6.0.2.18965",
    "BuildCur": "6.0.2.18967",
    "RecordCountPrev": 427,
    "RecordCountCur": 427,
    "MatchCount": 427,
    "MatchCountPercent": 100.0
  },
  {
    "BuildPrev": "6.0.2.18967",
    "BuildCur": "6.0.2.18973",
    "RecordCountPrev": 427,
    "RecordCountCur": 427,
    "MatchCount": 427,
    "MatchCountPercent": 100.0
  },
  {
    "BuildPrev": "6.0.2.18973",
    "BuildCur": "6.0.2.18982",
    "RecordCountPrev": 427,
    "RecordCountCur": 427,
    "MatchCount": 427,
    "MatchCountPercent": 100.0
  },
  {
    "BuildPrev": "6.0.2.18982",
    "BuildCur": "6.0.2.18983",
    "RecordCountPrev": 427,
    "RecordCountCur": 427,
    "MatchCount": 427,
    "MatchCountPercent": 100.0
  },
  {
    "BuildPrev": "6.0.2.18983",
    "BuildCur": "6.0.2.18986",
    "RecordCountPrev": 427,
    "RecordCountCur": 427,
    "MatchCount": 427,
    "MatchCountPercent": 100.0
  },
  {
    "BuildPrev": "6.0.2.18986",
    "BuildCur": "6.0.2.18988",
    "RecordCountPrev": 427,
    "RecordCountCur": 427,
    "MatchCount": 426,
    "MatchCountPercent": 99.7658
  },
  {
    "BuildPrev": "6.0.2.18988",
    "BuildCur": "6.0.2.18989",
    "RecordCountPrev": 427,
    "RecordCountCur": 427,
    "MatchCount": 427,
    "MatchCountPercent": 100.0
  },
  {
    "BuildPrev": "6.0.2.18989",
    "BuildCur": "6.0.2.18996",
    "RecordCountPrev": 427,
    "RecordCountCur": 427,
    "MatchCount": 426,
    "MatchCountPercent": 99.7658
  },
  {
    "BuildPrev": "6.0.2.18996",
    "BuildCur": "6.0.2.19000",
    "RecordCountPrev": 427,
    "RecordCountCur": 427,
    "MatchCount": 427,
    "MatchCountPercent": 100.0
  },
  {
    "BuildPrev": "6.0.2.19000",
    "BuildCur": "6.0.2.19005",
    "RecordCountPrev": 427,
    "RecordCountCur": 427,
    "MatchCount": 427,
    "MatchCountPercent": 100.0
  },
  {
    "BuildPrev": "6.0.2.19005",
    "BuildCur": "6.0.2.19041",
    "RecordCountPrev": 427,
    "RecordCountCur": 427,
    "MatchCount": 144,
    "MatchCountPercent": 33.7237
  },
  {
    "BuildPrev": "6.0.2.19041",
    "BuildCur": "6.0.3.19057",
    "RecordCountPrev": 427,
    "RecordCountCur": 427,
    "MatchCount": 427,
    "MatchCountPercent": 100.0
  },
  {
    "BuildPrev": "6.0.3.19057",
    "BuildCur": "6.0.3.19078",
    "RecordCountPrev": 427,
    "RecordCountCur": 427,
    "MatchCount": 427,
    "MatchCountPercent": 100.0
  },
  {
    "BuildPrev": "6.0.3.19078",
    "BuildCur": "6.0.3.19085",
    "RecordCountPrev": 427,
    "RecordCountCur": 427,
    "MatchCount": 427,
    "MatchCountPercent": 100.0
  },
  {
    "BuildPrev": "6.0.3.19085",
    "BuildCur": "6.0.3.19175",
    "RecordCountPrev": 427,
    "RecordCountCur": 427,
    "MatchCount": 427,
    "MatchCountPercent": 100.0
  },
  {
    "BuildPrev": "6.0.3.19175",
    "BuildCur": "6.0.3.19200",
    "RecordCountPrev": 427,
    "RecordCountCur": 427,
    "MatchCount": 427,
    "MatchCountPercent": 100.0
  },
  {
    "BuildPrev": "6.0.3.19200",
    "BuildCur": "6.0.3.19342",
    "RecordCountPrev": 427,
    "RecordCountCur": 427,
    "MatchCount": 427,
    "MatchCountPercent": 100.0
  },
  {
    "BuildPrev": "6.0.3.19342",
    "BuildCur": "6.1.0.19445",
    "RecordCountPrev": 427,
    "RecordCountCur": 424,
    "MatchCount": 277,
    "MatchCountPercent": 64.8712
  },
  {
    "BuildPrev": "6.1.0.19445",
    "BuildCur": "6.1.0.19480",
    "RecordCountPrev": 424,
    "RecordCountCur": 424,
    "MatchCount": 424,
    "MatchCountPercent": 100.0
  },
  {
    "BuildPrev": "6.1.0.19480",
    "BuildCur": "6.1.0.19508",
    "RecordCountPrev": 424,
    "RecordCountCur": 424,
    "MatchCount": 424,
    "MatchCountPercent": 100.0
  },
  {
    "BuildPrev": "6.1.0.19508",
    "BuildCur": "6.1.0.19533",
    "RecordCountPrev": 424,
    "RecordCountCur": 424,
    "MatchCount": 423,
    "MatchCountPercent": 99.7642
  },
  {
    "BuildPrev": "6.1.0.19533",
    "BuildCur": "6.1.0.19551",
    "RecordCountPrev": 424,
    "RecordCountCur": 420,
    "MatchCount": 294,
    "MatchCountPercent": 69.3396
  },
  {
    "BuildPrev": "6.1.0.19551",
    "BuildCur": "6.1.0.19567",
    "RecordCountPrev": 420,
    "RecordCountCur": 420,
    "MatchCount": 420,
    "MatchCountPercent": 100.0
  },
  {
    "BuildPrev": "6.1.0.19567",
    "BuildCur": "6.1.0.19592",
    "RecordCountPrev": 420,
    "RecordCountCur": 420,
    "MatchCount": 420,
    "MatchCountPercent": 100.0
  },
  {
    "BuildPrev": "6.1.0.19592",
    "BuildCur": "6.1.0.19611",
    "RecordCountPrev": 420,
    "RecordCountCur": 420,
    "MatchCount": 420,
    "MatchCountPercent": 100.0
  },
  {
    "BuildPrev": "6.1.0.19611",
    "BuildCur": "6.1.0.19622",
    "RecordCountPrev": 420,
    "RecordCountCur": 420,
    "MatchCount": 420,
    "MatchCountPercent": 100.0
  },
  {
    "BuildPrev": "6.1.0.19622",
    "BuildCur": "6.1.0.19634",
    "RecordCountPrev": 420,
    "RecordCountCur": 420,
    "MatchCount": 420,
    "MatchCountPercent": 100.0
  },
  {
    "BuildPrev": "6.1.0.19634",
    "BuildCur": "6.1.0.19702",
    "RecordCountPrev": 420,
    "RecordCountCur": 420,
    "MatchCount": 420,
    "MatchCountPercent": 100.0
  },
  {
    "BuildPrev": "6.1.0.19702",
    "BuildCur": "6.1.2.19711",
    "RecordCountPrev": 420,
    "RecordCountCur": 420,
    "MatchCount": 420,
    "MatchCountPercent": 100.0
  },
  {
    "BuildPrev": "6.1.2.19711",
    "BuildCur": "6.1.2.19728",
    "RecordCountPrev": 420,
    "RecordCountCur": 420,
    "MatchCount": 420,
    "MatchCountPercent": 100.0
  },
  {
    "BuildPrev": "6.1.2.19728",
    "BuildCur": "6.1.2.19750",
    "RecordCountPrev": 420,
    "RecordCountCur": 420,
    "MatchCount": 420,
    "MatchCountPercent": 100.0
  },
  {
    "BuildPrev": "6.1.2.19750",
    "BuildCur": "6.1.2.19769",
    "RecordCountPrev": 420,
    "RecordCountCur": 420,
    "MatchCount": 420,
    "MatchCountPercent": 100.0
  },
  {
    "BuildPrev": "6.1.2.19769",
    "BuildCur": "6.1.2.19783",
    "RecordCountPrev": 420,
    "RecordCountCur": 420,
    "MatchCount": 420,
    "MatchCountPercent": 100.0
  },
  {
    "BuildPrev": "6.1.2.19783",
    "BuildCur": "6.1.2.19793",
    "RecordCountPrev": 420,
    "RecordCountCur": 420,
    "MatchCount": 420,
    "MatchCountPercent": 100.0
  },
  {
    "BuildPrev": "6.1.2.19793",
    "BuildCur": "6.1.2.19802",
    "RecordCountPrev": 420,
    "RecordCountCur": 420,
    "MatchCount": 420,
    "MatchCountPercent": 100.0
  },
  {
    "BuildPrev": "6.1.2.19802",
    "BuildCur": "6.1.2.19831",
    "RecordCountPrev": 420,
    "RecordCountCur": 420,
    "MatchCount": 420,
    "MatchCountPercent": 100.0
  },
  {
    "BuildPrev": "6.1.2.19831",
    "BuildCur": "6.1.2.19854",
    "RecordCountPrev": 420,
    "RecordCountCur": 420,
    "MatchCount": 420,
    "MatchCountPercent": 100.0
  },
  {
    "BuildPrev": "6.1.2.19854",
    "BuildCur": "6.1.2.19865",
    "RecordCountPrev": 420,
    "RecordCountCur": 420,
    "MatchCount": 420,
    "MatchCountPercent": 100.0
  },
  {
    "BuildPrev": "6.1.2.19865",
    "BuildCur": "6.2.0.19890",
    "RecordCountPrev": 420,
    "RecordCountCur": 440,
    "MatchCount": 0,
    "MatchCountPercent": 0.0
  },
  {
    "BuildPrev": "6.2.0.19890",
    "BuildCur": "6.2.0.19906",
    "RecordCountPrev": 440,
    "RecordCountCur": 440,
    "MatchCount": 439,
    "MatchCountPercent": 99.7727
  },
  {
    "BuildPrev": "6.2.0.19906",
    "BuildCur": "6.2.0.19934",
    "RecordCountPrev": 440,
    "RecordCountCur": 449,
    "MatchCount": 169,
    "MatchCountPercent": 38.4091
  },
  {
    "BuildPrev": "6.2.0.19934",
    "BuildCur": "6.2.0.19953",
    "RecordCountPrev": 449,
    "RecordCountCur": 448,
    "MatchCount": 198,
    "MatchCountPercent": 44.098
  },
  {
    "BuildPrev": "6.2.0.19953",
    "BuildCur": "6.2.0.19973",
    "RecordCountPrev": 448,
    "RecordCountCur": 448,
    "MatchCount": 448,
    "MatchCountPercent": 100.0
  },
  {
    "BuildPrev": "6.2.0.19973",
    "BuildCur": "6.2.0.20008",
    "RecordCountPrev": 448,
    "RecordCountCur": 447,
    "MatchCount": 297,
    "MatchCountPercent": 66.2946
  },
  {
    "BuildPrev": "6.2.0.20008",
    "BuildCur": "6.2.0.20033",
    "RecordCountPrev": 447,
    "RecordCountCur": 447,
    "MatchCount": 208,
    "MatchCountPercent": 46.5324
  },
  {
    "BuildPrev": "6.2.0.20033",
    "BuildCur": "6.2.0.20051",
    "RecordCountPrev": 447,
    "RecordCountCur": 447,
    "MatchCount": 447,
    "MatchCountPercent": 100.0
  },
  {
    "BuildPrev": "6.2.0.20051",
    "BuildCur": "6.2.0.20061",
    "RecordCountPrev": 447,
    "RecordCountCur": 447,
    "MatchCount": 446,
    "MatchCountPercent": 99.7763
  },
  {
    "BuildPrev": "6.2.0.20061",
    "BuildCur": "6.2.0.20076",
    "RecordCountPrev": 447,
    "RecordCountCur": 447,
    "MatchCount": 447,
    "MatchCountPercent": 100.0
  },
  {
    "BuildPrev": "6.2.0.20076",
    "BuildCur": "6.2.0.20104",
    "RecordCountPrev": 447,
    "RecordCountCur": 447,
    "MatchCount": 446,
    "MatchCountPercent": 99.7763
  },
  {
    "BuildPrev": "6.2.0.20104",
    "BuildCur": "6.2.0.20111",
    "RecordCountPrev": 447,
    "RecordCountCur": 447,
    "MatchCount": 446,
    "MatchCountPercent": 99.7763
  },
  {
    "BuildPrev": "6.2.0.20111",
    "BuildCur": "6.2.0.20141",
    "RecordCountPrev": 447,
    "RecordCountCur": 447,
    "MatchCount": 437,
    "MatchCountPercent": 97.7629
  },
  {
    "BuildPrev": "6.2.0.20141",
    "BuildCur": "6.2.0.20157",
    "RecordCountPrev": 447,
    "RecordCountCur": 447,
    "MatchCount": 447,
    "MatchCountPercent": 100.0
  },
  {
    "BuildPrev": "6.2.0.20157",
    "BuildCur": "6.2.0.20173",
    "RecordCountPrev": 447,
    "RecordCountCur": 447,
    "MatchCount": 447,
    "MatchCountPercent": 100.0
  },
  {
    "BuildPrev": "6.2.0.20173",
    "BuildCur": "6.2.0.20182",
    "RecordCountPrev": 447,
    "RecordCountCur": 447,
    "MatchCount": 447,
    "MatchCountPercent": 100.0
  },
  {
    "BuildPrev": "6.2.0.20182",
    "BuildCur": "6.2.0.20201",
    "RecordCountPrev": 447,
    "RecordCountCur": 447,
    "MatchCount": 447,
    "MatchCountPercent": 100.0
  },
  {
    "BuildPrev": "6.2.0.20201",
    "BuildCur": "6.2.0.20216",
    "RecordCountPrev": 447,
    "RecordCountCur": 447,
    "MatchCount": 447,
    "MatchCountPercent": 100.0
  },
  {
    "BuildPrev": "6.2.0.20216",
    "BuildCur": "6.2.0.20253",
    "RecordCountPrev": 447,
    "RecordCountCur": 447,
    "MatchCount": 447,
    "MatchCountPercent": 100.0
  },
  {
    "BuildPrev": "6.2.0.20253",
    "BuildCur": "6.2.1.20271",
    "RecordCountPrev": 447,
    "RecordCountCur": 447,
    "MatchCount": 369,
    "MatchCountPercent": 82.5503
  },
  {
    "BuildPrev": "6.2.1.20271",
    "BuildCur": "6.2.0.20318",
    "RecordCountPrev": 447,
    "RecordCountCur": 447,
    "MatchCount": 369,
    "MatchCountPercent": 82.5503
  },
  {
    "BuildPrev": "6.2.0.20318",
    "BuildCur": "6.2.1.20328",
    "RecordCountPrev": 447,
    "RecordCountCur": 447,
    "MatchCount": 369,
    "MatchCountPercent": 82.5503
  },
  {
    "BuildPrev": "6.2.1.20328",
    "BuildCur": "6.2.0.20338",
    "RecordCountPrev": 447,
    "RecordCountCur": 447,
    "MatchCount": 369,
    "MatchCountPercent": 82.5503
  },
  {
    "BuildPrev": "6.2.0.20338",
    "BuildCur": "6.2.1.20363",
    "RecordCountPrev": 447,
    "RecordCountCur": 447,
    "MatchCount": 369,
    "MatchCountPercent": 82.5503
  },
  {
    "BuildPrev": "6.2.1.20363",
    "BuildCur": "6.2.2.20395",
    "RecordCountPrev": 447,
    "RecordCountCur": 447,
    "MatchCount": 447,
    "MatchCountPercent": 100.0
  },
  {
    "BuildPrev": "6.2.2.20395",
    "BuildCur": "6.2.2.20426",
    "RecordCountPrev": 447,
    "RecordCountCur": 447,
    "MatchCount": 447,
    "MatchCountPercent": 100.0
  },
  {
    "BuildPrev": "6.2.2.20426",
    "BuildCur": "6.2.2.20438",
    "RecordCountPrev": 447,
    "RecordCountCur": 447,
    "MatchCount": 447,
    "MatchCountPercent": 100.0
  },
  {
    "BuildPrev": "6.2.2.20438",
    "BuildCur": "6.2.2.20444",
    "RecordCountPrev": 447,
    "RecordCountCur": 447,
    "MatchCount": 447,
    "MatchCountPercent": 100.0
  },
  {
    "BuildPrev": "6.2.2.20444",
    "BuildCur": "6.2.2.20490",
    "RecordCountPrev": 447,
    "RecordCountCur": 447,
    "MatchCount": 447,
    "MatchCountPercent": 100.0
  },
  {
    "BuildPrev": "6.2.2.20490",
    "BuildCur": "6.2.2.20574",
    "RecordCountPrev": 447,
    "RecordCountCur": 447,
    "MatchCount": 447,
    "MatchCountPercent": 100.0
  },
  {
    "BuildPrev": "6.2.2.20574",
    "BuildCur": "6.2.3.20601",
    "RecordCountPrev": 447,
    "RecordCountCur": 456,
    "MatchCount": 447,
    "MatchCountPercent": 100.0
  },
  {
    "BuildPrev": "6.2.3.20601",
    "BuildCur": "6.2.3.20655",
    "RecordCountPrev": 456,
    "RecordCountCur": 456,
    "MatchCount": 456,
    "MatchCountPercent": 100.0
  },
  {
    "BuildPrev": "6.2.3.20655",
    "BuildCur": "6.2.3.20691",
    "RecordCountPrev": 456,
    "RecordCountCur": 456,
    "MatchCount": 456,
    "MatchCountPercent": 100.0
  },
  {
    "BuildPrev": "6.2.3.20691",
    "BuildCur": "6.2.3.20716",
    "RecordCountPrev": 456,
    "RecordCountCur": 456,
    "MatchCount": 456,
    "MatchCountPercent": 100.0
  },
  {
    "BuildPrev": "6.2.3.20716",
    "BuildCur": "6.2.3.20726",
    "RecordCountPrev": 456,
    "RecordCountCur": 456,
    "MatchCount": 456,
    "MatchCountPercent": 100.0
  },
  {
    "BuildPrev": "6.2.3.20726",
    "BuildCur": "6.2.4.21028",
    "RecordCountPrev": 456,
    "RecordCountCur": 456,
    "MatchCount": 455,
    "MatchCountPercent": 99.7807
  },
  {
    "BuildPrev": "6.2.4.21028",
    "BuildCur": "6.2.4.21047",
    "RecordCountPrev": 456,
    "RecordCountCur": 456,
    "MatchCount": 456,
    "MatchCountPercent": 100.0
  },
  {
    "BuildPrev": "6.2.4.21047",
    "BuildCur": "6.2.4.21105",
    "RecordCountPrev": 456,
    "RecordCountCur": 456,
    "MatchCount": 456,
    "MatchCountPercent": 100.0
  },
  {
    "BuildPrev": "6.2.4.21105",
    "BuildCur": "6.2.4.21160",
    "RecordCountPrev": 456,
    "RecordCountCur": 456,
    "MatchCount": 456,
    "MatchCountPercent": 100.0
  },
  {
    "BuildPrev": "6.2.4.21160",
    "BuildCur": "6.2.4.21210",
    "RecordCountPrev": 456,
    "RecordCountCur": 456,
    "MatchCount": 456,
    "MatchCountPercent": 100.0
  },
  {
    "BuildPrev": "6.2.4.21210",
    "BuildCur": "6.2.4.21220",
    "RecordCountPrev": 456,
    "RecordCountCur": 456,
    "MatchCount": 456,
    "MatchCountPercent": 100.0
  },
  {
    "BuildPrev": "6.2.4.21220",
    "BuildCur": "6.2.4.21253",
    "RecordCountPrev": 456,
    "RecordCountCur": 456,
    "MatchCount": 456,
    "MatchCountPercent": 100.0
  },
  {
    "BuildPrev": "6.2.4.21253",
    "BuildCur": "6.2.4.21274",
    "RecordCountPrev": 456,
    "RecordCountCur": 456,
    "MatchCount": 456,
    "MatchCountPercent": 100.0
  },
  {
    "BuildPrev": "6.2.4.21274",
    "BuildCur": "6.2.4.21315",
    "RecordCountPrev": 456,
    "RecordCountCur": 456,
    "MatchCount": 456,
    "MatchCountPercent": 100.0
  },
  {
    "BuildPrev": "6.2.4.21315",
    "BuildCur": "6.2.4.21336",
    "RecordCountPrev": 456,
    "RecordCountCur": 456,
    "MatchCount": 456,
    "MatchCountPercent": 100.0
  },
  {
    "BuildPrev": "6.2.4.21336",
    "BuildCur": "6.2.4.21355",
    "RecordCountPrev": 456,
    "RecordCountCur": 456,
    "MatchCount": 456,
    "MatchCountPercent": 100.0
  },
  {
    "BuildPrev": "6.2.4.21355",
    "BuildCur": "6.2.4.21676",
    "RecordCountPrev": 456,
    "RecordCountCur": 456,
    "MatchCount": 456,
    "MatchCountPercent": 100.0
  },
  {
    "BuildPrev": "6.2.4.21676",
    "BuildCur": "6.2.4.21742",
    "RecordCountPrev": 456,
    "RecordCountCur": 456,
    "MatchCount": 456,
    "MatchCountPercent": 100.0
  }
]