[
  {
    "BuildPrev": "4.0.0.12232",
    "BuildCur": "4.0.0.12266",
    "RecordCountPrev": 1059,
    "RecordCountCur": 1060,
    "MatchCount": 1032,
    "MatchCountPercent": 97.4504
  },
  {
    "BuildPrev": "4.0.0.12266",
    "BuildCur": "4.0.0.12319",
    "RecordCountPrev": 1060,
    "RecordCountCur": 1075,
    "MatchCount": 1054,
    "MatchCountPercent": 99.434
  },
  {
    "BuildPrev": "4.0.0.12319",
    "BuildCur": "4.0.0.12911",
    "RecordCountPrev": 1075,
    "RecordCountCur": 1096,
    "MatchCount": 1034,
    "MatchCountPercent": 96.1861
  },
  {
    "BuildPrev": "4.0.0.12911",
    "BuildCur": "4.0.1.13164",
    "RecordCountPrev": 1096,
    "RecordCountCur": 1096,
    "MatchCount": 1096,
    "MatchCountPercent": 100.0
  },
  {
    "BuildPrev": "4.0.1.13164",
    "BuildCur": "",
    "RecordCountPrev": 1096,
    "RecordCountCur": 1096,
    "MatchCount": 1096,
    "MatchCountPercent": 100.0
  },
  {
    "BuildPrev": "",
    "BuildCur": "4.0.3.13287",
    "RecordCountPrev": 1096,
    "RecordCountCur": 1096,
    "MatchCount": 1096,
    "MatchCountPercent": 100.0
  },
  {
    "BuildPrev": "4.0.3.13287",
    "BuildCur": "",
    "RecordCountPrev": 1096,
    "RecordCountCur": 1096,
    "MatchCount": 1096,
    "MatchCountPercent": 100.0
  },
  {
    "BuildPrev": "",
    "BuildCur": "4.0.6.13596",
    "RecordCountPrev": 1096,
    "RecordCountCur": 1096,
    "MatchCount": 1096,
    "MatchCountPercent": 100.0
  },
  {
    "BuildPrev": "4.0.6.13596",
    "BuildCur": "",
    "RecordCountPrev": 1096,
    "RecordCountCur": 1088,
    "MatchCount": 1065,
    "MatchCountPercent": 97.1715
  },
  {
    "BuildPrev": "",
    "BuildCur": "4.1.0.13914",
    "RecordCountPrev": 1088,
    "RecordCountCur": 1110,
    "MatchCount": 1085,
    "MatchCountPercent": 99.7243
  },
  {
    "BuildPrev": "4.1.0.13914",
    "BuildCur": "",
    "RecordCountPrev": 1110,
    "RecordCountCur": 1110,
    "MatchCount": 1110,
    "MatchCountPercent": 100.0
  },
  {
    "BuildPrev": "",
    "BuildCur": "4.2.0.14333",
    "RecordCountPrev": 1110,
    "RecordCountCur": 1116,
    "MatchCount": 1107,
    "MatchCountPercent": 99.7297
  },
  {
    "BuildPrev": "4.2.0.14333",
    "BuildCur": "",
    "RecordCountPrev": 1116,
    "RecordCountCur": 1096,
    "MatchCount": 1062,
    "MatchCountPercent": 95.1613
  },
  {
    "BuildPrev": "",
    "BuildCur": "4.2.2.14545",
    "RecordCountPrev": 1096,
    "RecordCountCur": 1116,
    "MatchCount": 1062,
    "MatchCountPercent": 96.8978
  },
  {
    "BuildPrev": "4.2.2.14545",
    "BuildCur": "4.3.0.15005",
    "RecordCountPrev": 1116,
    "RecordCountCur": 1116,
    "MatchCount": 1116,
    "MatchCountPercent": 100.0
  },
  {
    "BuildPrev": "4.3.0.15005",
    "BuildCur": "",
    "RecordCountPrev": 1116,
    "RecordCountCur": 1116,
    "MatchCount": 1116,
    "MatchCountPercent": 100.0
  },
  {
    "BuildPrev": "",
    "BuildCur": "4.3.2.15211",
    "RecordCountPrev": 1116,
    "RecordCountCur": 1117,
    "MatchCount": 1110,
    "MatchCountPercent": 99.4624
  },
  {
    "BuildPrev": "4.3.2.15211",
    "BuildCur": "4.3.3.15354",
    "RecordCountPrev": 1117,
    "RecordCountCur": 1117,
    "MatchCount": 1117,
    "MatchCountPercent": 100.0
  },
  {
    "BuildPrev": "4.3.3.15354",
    "BuildCur": "4.3.4.15595",
    "RecordCountPrev": 1117,
    "RecordCountCur": 1117,
    "MatchCount": 1117,
    "MatchCountPercent": 100.0
  },
  {
    "BuildPrev": "4.3.4.15595",
    "BuildCur": "5.0.1.15464",
    "RecordCountPrev": 1117,
    "RecordCountCur": 1244,
    "MatchCount": 1116,
    "MatchCountPercent": 99.9105
  },
  {
    "BuildPrev": "5.0.1.15464",
    "BuildCur": "5.0.1.15508",
    "RecordCountPrev": 1244,
    "RecordCountCur": 1244,
    "MatchCount": 1244,
    "MatchCountPercent": 100.0
  },
  {
    "BuildPrev": "5.0.1.15508",
    "BuildCur": "5.0.1.15544",
    "RecordCountPrev": 1244,
    "RecordCountCur": 1246,
    "MatchCount": 1243,
    "MatchCountPercent": 99.9196
  },
  {
    "BuildPrev": "5.0.1.15544",
    "BuildCur": "5.0.1.15589",
    "RecordCountPrev": 1246,
    "RecordCountCur": 1254,
    "MatchCount": 1243,
    "MatchCountPercent": 99.7592
  },
  {
    "BuildPrev": "5.0.1.15589",
    "BuildCur": "5.0.1.15640",
    "RecordCountPrev": 1254,
    "RecordCountCur": 1244,
    "MatchCount": 1241,
    "MatchCountPercent": 98.9633
  },
  {
    "BuildPrev": "5.0.1.15640",
    "BuildCur": "5.0.1.15650",
    "RecordCountPrev": 1244,
    "RecordCountCur": 1270,
    "MatchCount": 1241,
    "MatchCountPercent": 99.7588
  },
  {
    "BuildPrev": "5.0.1.15650",
    "BuildCur": "5.0.1.15657",
    "RecordCountPrev": 1270,
    "RecordCountCur": 1270,
    "MatchCount": 1270,
    "MatchCountPercent": 100.0
  },
  {
    "BuildPrev": "5.0.1.15657",
    "BuildCur": "5.0.1.15662",
    "RecordCountPrev": 1270,
    "RecordCountCur": 1244,
    "MatchCount": 1241,
    "MatchCountPercent": 97.7165
  },
  {
    "BuildPrev": "5.0.1.15662",
    "BuildCur": "5.0.1.15668",
    "RecordCountPrev": 1244,
    "RecordCountCur": 1270,
    "MatchCount": 1241,
    "MatchCountPercent": 99.7588
  },
  {
    "BuildPrev": "5.0.1.15668",
    "BuildCur": "5.0.1.15677",
    "RecordCountPrev": 1270,
    "RecordCountCur": 1270,
    "MatchCount": 1270,
    "MatchCountPercent": 100.0
  },
  {
    "BuildPrev": "5.0.1.15677",
    "BuildCur": "5.0.1.15689",
    "RecordCountPrev": 1270,
    "RecordCountCur": 1271,
    "MatchCount": 1270,
    "MatchCountPercent": 100.0
  },
  {
    "BuildPrev": "5.0.1.15689",
    "BuildCur": "5.0.1.15699",
    "RecordCountPrev": 1271,
    "RecordCountCur": 1271,
    "MatchCount": 1271,
    "MatchCountPercent": 100.0
  },
  {
    "BuildPrev": "5.0.1.15699",
    "BuildCur": "5.0.1.15726",
    "RecordCountPrev": 1271,
    "RecordCountCur": 1271,
    "MatchCount": 1270,
    "MatchCountPercent": 99.9213
  },
  {
    "BuildPrev": "5.0.1.15726",
    "BuildCur": "5.0.1.15739",
    "RecordCountPrev": 1271,
    "RecordCountCur": 1271,
    "MatchCount": 1271,
    "MatchCountPercent": 100.0
  },
  {
    "BuildPrev": "5.0.1.15739",
    "BuildCur": "5.0.1.15752",
    "RecordCountPrev": 1271,
    "RecordCountCur": 1272,
    "MatchCount": 1271,
    "MatchCountPercent": 100.0
  },
  {
    "BuildPrev": "5.0.1.15752",
    "BuildCur": "5.0.1.15762",
    "RecordCountPrev": 1272,
    "RecordCountCur": 1272,
    "MatchCount": 1272,
    "MatchCountPercent": 100.0
  },
  {
    "BuildPrev": "5.0.1.15762",
    "BuildCur": "5.0.1.15781",
    "RecordCountPrev": 1272,
    "RecordCountCur": 1272,
    "MatchCount": 1272,
    "MatchCountPercent": 100.0
  },
  {
    "BuildPrev": "5.0.1.15781",
    "BuildCur": "5.0.1.15799",
    "RecordCountPrev": 1272,
    "RecordCountCur": 1273,
    "MatchCount": 1272,
    "MatchCountPercent": 100.0
  },
  {
    "BuildPrev": "5.0.1.15799",
    "BuildCur": "5.0.4.15890",
    "RecordCountPrev": 1273,
    "RecordCountCur": 1274,
    "MatchCount": 1273,
    "MatchCountPercent": 100.0
  },
  {
    "BuildPrev": "5.0.4.15890",
    "BuildCur": "5.0.4.16016",
    "RecordCountPrev": 1274,
    "RecordCountCur": 1274,
    "MatchCount": 1274,
    "MatchCountPercent": 100.0
  },
  {
    "BuildPrev": "5.0.4.16016",
    "BuildCur": "5.0.5.16048",
    "RecordCountPrev": 1274,
    "RecordCountCur": 1274,
    "MatchCount": 1274,
    "MatchCountPercent": 100.0
  },
  {
    "BuildPrev": "5.0.5.16048",
    "BuildCur": "5.0.5.16057",
    "RecordCountPrev": 1274,
    "RecordCountCur": 1274,
    "MatchCount": 1274,
    "MatchCountPercent": 100.0
  },
  {
    "BuildPrev": "5.0.5.16057",
    "BuildCur": "5.1.0.16309",
    "RecordCountPrev": 1274,
    "RecordCountCur": 1362,
    "MatchCount": 1274,
    "MatchCountPercent": 100.0
  },
  {
    "BuildPrev": "5.1.0.16309",
    "BuildCur": "",
    "RecordCountPrev": 1362,
    "RecordCountCur": 1362,
    "MatchCount": 1362,
    "MatchCountPercent": 100.0
  },
  {
    "BuildPrev": "",
    "BuildCur": "5.2.0.16516",
    "RecordCountPrev": 1362,
    "RecordCountCur": 1425,
    "MatchCount": 1361,
    "MatchCountPercent": 99.9266
  },
  {
    "BuildPrev": "5.2.0.16516",
    "BuildCur": "5.2.0.16650",
    "RecordCountPrev": 1425,
    "RecordCountCur": 1425,
    "MatchCount": 1425,
    "MatchCountPercent": 100.0
  },
  {
    "BuildPrev": "5.2.0.16650",
    "BuildCur": "5.3.0.16844",
    "RecordCountPrev": 1425,
    "RecordCountCur": 1477,
    "MatchCount": 1424,
    "MatchCountPercent": 99.9298
  },
  {
    "BuildPrev": "5.3.0.16844",
    "BuildCur": "5.3.0.16965",
    "RecordCountPrev": 1477,
    "RecordCountCur": 1477,
    "MatchCount": 1477,
    "MatchCountPercent": 100.0
  },
  {
    "BuildPrev": "5.3.0.16965",
    "BuildCur": "5.3.0.17116",
    "RecordCountPrev": 1477,
    "RecordCountCur": 1477,
    "MatchCount": 1477,
    "MatchCountPercent": 100.0
  },
  {
    "BuildPrev": "5.3.0.17116",
    "BuildCur": "5.4.0.17266",
    "RecordCountPrev": 1477,
    "RecordCountCur": 1501,
    "MatchCount": 1477,
    "MatchCountPercent": 100.0
  },
  {
    "BuildPrev": "5.4.0.17266",
    "BuildCur": "5.4.0.17325",
    "RecordCountPrev": 1501,
    "RecordCountCur": 1501,
    "MatchCount": 1501,
    "MatchCountPercent": 100.0
  },
  {
    "BuildPrev": "5.4.0.17325",
    "BuildCur": "5.4.0.17345",
    "RecordCountPrev": 1501,
    "RecordCountCur": 1501,
    "MatchCount": 1501,
    "MatchCountPercent": 100.0
  },
  {
    "BuildPrev": "5.4.0.17345",
    "BuildCur": "5.4.1.17520",
    "RecordCountPrev": 1501,
    "RecordCountCur": 1501,
    "MatchCount": 1501,
    "MatchCountPercent": 100.0
  },
  {
    "BuildPrev": "5.4.1.17520",
    "BuildCur": "5.4.1.17538",
    "RecordCountPrev": 1501,
    "RecordCountCur": 1501,
    "MatchCount": 1501,
    "MatchCountPercent": 100.0
  },
  {
    "BuildPrev": "5.4.1.17538",
    "BuildCur": "5.4.2.17645",
    "RecordCountPrev": 1501,
    "RecordCountCur": 1501,
    "MatchCount": 1501,
    "MatchCountPercent": 100.0
  },
  {
    "BuildPrev": "5.4.2.17645",
    "BuildCur": "5.4.2.17688",
    "RecordCountPrev": 1501,
    "RecordCountCur": 1501,
    "MatchCount": 1501,
    "MatchCountPercent": 100.0
  },
  {
    "BuildPrev": "5.4.2.17688",
    "BuildCur": "5.4.7.17898",
    "RecordCountPrev": 1501,
    "RecordCountCur": 1501,
    "MatchCount": 1501,
    "MatchCountPercent": 100.0
  },
  {
    "BuildPrev": "5.4.7.17898",
    "BuildCur": "5.4.8.18273",
    "RecordCountPrev": 1501,
    "RecordCountCur": 1501,
    "MatchCount": 1501,
    "MatchCountPercent": 100.0
  },
  {
    "BuildPrev": "5.4.8.18273",
    "BuildCur": "6.0.1.18125",
    "RecordCountPrev": 1501,
    "RecordCountCur": 1642,
    "MatchCount": 1500,
    "MatchCountPercent": 99.9334
  },
  {
    "BuildPrev": "6.0.1.18125",
    "BuildCur": "6.0.1.18156",
    "RecordCountPrev": 1642,
    "RecordCountCur": 1650,
    "MatchCount": 1640,
    "MatchCountPercent": 99.8782
  },
  {
    "BuildPrev": "6.0.1.18156",
    "BuildCur": "6.0.1.18164",
    "RecordCountPrev": 1650,
    "RecordCountCur": 1655,
    "MatchCount": 1648,
    "MatchCountPercent": 99.8788
  },
  {
    "BuildPrev": "6.0.1.18164",
    "BuildCur": "6.0.1.18179",
    "RecordCountPrev": 1655,
    "RecordCountCur": 1656,
    "MatchCount": 1653,
    "MatchCountPercent": 99.8792
  },
  {
    "BuildPrev": "6.0.1.18179",
    "BuildCur": "6.0.1.18297",
    "RecordCountPrev": 1656,
    "RecordCountCur": 1671,
    "MatchCount": 1651,
    "MatchCountPercent": 99.6981
  },
  {
    "BuildPrev": "6.0.1.18297",
    "BuildCur": "6.0.1.18322",
    "RecordCountPrev": 1671,
    "RecordCountCur": 1675,
    "MatchCount": 1671,
    "MatchCountPercent": 100.0
  },
  {
    "BuildPrev": "6.0.1.18322",
    "BuildCur": "6.0.1.18379",
    "RecordCountPrev": 1675,
    "RecordCountCur": 1692,
    "MatchCount": 1673,
    "MatchCountPercent": 99.8806
  },
  {
    "BuildPrev": "6.0.1.18379",
    "BuildCur": "6.0.1.18443",
    "RecordCountPrev": 1692,
    "RecordCountCur": 1705,
    "MatchCount": 1692,
    "MatchCountPercent": 100.0
  },
  {
    "BuildPrev": "6.0.1.18443",
    "BuildCur": "6.0.1.18471",
    "RecordCountPrev": 1705,
    "RecordCountCur": 1709,
    "MatchCount": 1705,
    "MatchCountPercent": 100.0
  },
  {
    "BuildPrev": "6.0.1.18471",
    "BuildCur": "6.0.1.18505",
    "RecordCountPrev": 1709,
    "RecordCountCur": 1715,
    "MatchCount": 1705,
    "MatchCountPercent": 99.766
  },
  {
    "BuildPrev": "6.0.1.18505",
    "BuildCur": "6.0.1.18522",
    "RecordCountPrev": 1715,
    "RecordCountCur": 1719,
    "MatchCount": 1715,
    "MatchCountPercent": 100.0
  },
  {
    "BuildPrev": "6.0.1.18522",
    "BuildCur": "6.0.1.18537",
    "RecordCountPrev": 1719,
    "RecordCountCur": 1720,
    "MatchCount": 1711,
    "MatchCountPercent": 99.5346
  },
  {
    "BuildPrev": "6.0.1.18537",
    "BuildCur": "6.0.1.18566",
    "RecordCountPrev": 1720,
    "RecordCountCur": 1725,
    "MatchCount": 1717,
    "MatchCountPercent": 99.8256
  },
  {
    "BuildPrev": "6.0.1.18566",
    "BuildCur": "6.0.1.18594",
    "RecordCountPrev": 1725,
    "RecordCountCur": 1733,
    "MatchCount": 1723,
    "MatchCountPercent": 99.8841
  },
  {
    "BuildPrev": "6.0.1.18594",
    "BuildCur": "6.0.1.18645",
    "RecordCountPrev": 1733,
    "RecordCountCur": 1733,
    "MatchCount": 1733,
    "MatchCountPercent": 100.0
  },
  {
    "BuildPrev": "6.0.1.18645",
    "BuildCur": "6.0.1.18663",
    "RecordCountPrev": 1733,
    "RecordCountCur": 1754,
    "MatchCount": 1730,
    "MatchCountPercent": 99.8269
  },
  {
    "BuildPrev": "6.0.1.18663",
    "BuildCur": "6.0.1.18685",
    "RecordCountPrev": 1754,
    "RecordCountCur": 1754,
    "MatchCount": 1754,
    "MatchCountPercent": 100.0
  },
  {
    "BuildPrev": "6.0.1.18685",
    "BuildCur": "6.0.1.18689",
    "RecordCountPrev": 1754,
    "RecordCountCur": 1753,
    "MatchCount": 1751,
    "MatchCountPercent": 99.829
  },
  {
    "BuildPrev": "6.0.1.18689",
    "BuildCur": "6.0.1.18716",
    "RecordCountPrev": 1753,
    "RecordCountCur": 1751,
    "MatchCount": 1751,
    "MatchCountPercent": 99.8859
  },
  {
    "BuildPrev": "6.0.1.18716",
    "BuildCur": "6.0.1.18738",
    "RecordCountPrev": 1751,
    "RecordCountCur": 1757,
    "MatchCount": 1751,
    "MatchCountPercent": 100.0
  },
  {
    "BuildPrev": "6.0.1.18738",
    "BuildCur": "6.0.2.18764",
    "RecordCountPrev": 1757,
    "RecordCountCur": 1758,
    "MatchCount": 1750,
    "MatchCountPercent": 99.6016
  },
  {
    "BuildPrev": "6.0.2.18764",
    "BuildCur": "6.0.1.18803",
    "RecordCountPrev": 1758,
    "RecordCountCur": 1760,
    "MatchCount": 1758,
    "MatchCountPercent": 100.0
  },
  {
    "BuildPrev": "6.0.1.18803",
    "BuildCur": "6.0.2.18816",
    "RecordCountPrev": 1760,
    "RecordCountCur": 1764,
    "MatchCount": 1750,
    "MatchCountPercent": 99.4318
  },
  {
    "BuildPrev": "6.0.2.18816",
    "BuildCur": "6.0.2.18833",
    "RecordCountPrev": 1764,
    "RecordCountCur": 1764,
    "MatchCount": 1764,
    "MatchCountPercent": 100.0
  },
  {
    "BuildPrev": "6.0.2.18833",
    "BuildCur": "6.0.2.18837",
    "RecordCountPrev": 1764,
    "RecordCountCur": 1766,
    "MatchCount": 1754,
    "MatchCountPercent": 99.4331
  },
  {
    "BuildPrev": "6.0.2.18837",
    "BuildCur": "6.0.2.18838",
    "RecordCountPrev": 1766,
    "RecordCountCur": 1766,
    "MatchCount": 1766,
    "MatchCountPercent": 100.0
  },
  {
    "BuildPrev": "6.0.2.18838",
    "BuildCur": "6.0.2.18848",
    "RecordCountPrev": 1766,
    "RecordCountCur": 1766,
    "MatchCount": 1766,
    "MatchCountPercent": 100.0
  },
  {
    "BuildPrev": "6.0.2.18848",
    "BuildCur": "6.0.2.18850",
    "RecordCountPrev": 1766,
    "RecordCountCur": 1765,
    "MatchCount": 1761,
    "MatchCountPercent": 99.7169
  },
  {
    "BuildPrev": "6.0.2.18850",
    "BuildCur": "6.0.2.18865",
    "RecordCountPrev": 1765,
    "RecordCountCur": 1765,
    "MatchCount": 1765,
    "MatchCountPercent": 100.0
  },
  {
    "BuildPrev": "6.0.2.18865",
    "BuildCur": "6.0.2.18888",
    "RecordCountPrev": 1765,
    "RecordCountCur": 1771,
    "MatchCount": 1763,
    "MatchCountPercent": 99.8867
  },
  {
    "BuildPrev": "6.0.2.18888",
    "BuildCur": "6.0.2.18898",
    "RecordCountPrev": 1771,
    "RecordCountCur": 1771,
    "MatchCount": 1771,
    "MatchCountPercent": 100.0
  },
  {
    "BuildPrev": "6.0.2.18898",
    "BuildCur": "6.0.2.18909",
    "RecordCountPrev": 1771,
    "RecordCountCur": 1771,
    "MatchCount": 1771,
    "MatchCountPercent": 100.0
  },
  {
    "BuildPrev": "6.0.2.18909",
    "BuildCur": "6.0.2.18912",
    "RecordCountPrev": 1771,
    "RecordCountCur": 1771,
    "MatchCount": 1771,
    "MatchCountPercent": 100.0
  },
  {
    "BuildPrev": "6.0.2.18912",
    "BuildCur": "6.0.2.18922",
    "RecordCountPrev": 1771,
    "RecordCountCur": 1771,
    "MatchCount": 1771,
    "MatchCountPercent": 100.0
  },
  {
    "BuildPrev": "6.0.2.18922",
    "BuildCur": "6.0.2.18927",
    "RecordCountPrev": 1771,
    "RecordCountCur": 1772,
    "MatchCount": 1770,
    "MatchCountPercent": 99.9435
  },
  {
    "BuildPrev": "6.0.2.18927",
    "BuildCur": "6.0.2.18934",
    "RecordCountPrev": 1772,
    "RecordCountCur": 1772,
    "MatchCount": 1772,
    "MatchCountPercent": 100.0
  },
  {
    "BuildPrev": "6.0.2.18934",
    "BuildCur": "6.0.2.18935",
    "RecordCountPrev": 1772,
    "RecordCountCur": 1772,
    "MatchCount": 1772,
    "MatchCountPercent": 100.0
  },
  {
    "BuildPrev": "6.0.2.18935",
    "BuildCur": "6.0.2.18950",
    "RecordCountPrev": 1772,
    "RecordCountCur": 1774,
    "MatchCount": 1771,
    "MatchCountPercent": 99.9436
  },
  {
    "BuildPrev": "6.0.2.18950",
    "BuildCur": "6.0.2.18965",
    "RecordCountPrev": 1774,
    "RecordCountCur": 1774,
    "MatchCount": 1774,
    "MatchCountPercent": 100.0
  },
  {
    "BuildPrev": "6.0.2.18965",
    "BuildCur": "6.0.2.18967",
    "RecordCountPrev": 1774,
    "RecordCountCur": 1774,
    "MatchCount": 1774,
    "MatchCountPercent": 100.0
  },
  {
    "BuildPrev": "6.0.2.18967",
    "BuildCur": "6.0.2.18973",
    "RecordCountPrev": 1774,
    "RecordCountCur": 1774,
    "MatchCount": 1774,
    "MatchCountPercent": 100.0
  },
  {
    "BuildPrev": "6.0.2.18973",
    "BuildCur": "6.0.2.18982",
    "RecordCountPrev": 1774,
    "RecordCountCur": 1774,
    "MatchCount": 1774,
    "MatchCountPercent": 100.0
  },
  {
    "BuildPrev": "6.0.2.18982",
    "BuildCur": "6.0.2.18983",
    "RecordCountPrev": 1774,
    "RecordCountCur": 1774,
    "MatchCount": 1774,
    "MatchCountPercent": 100.0
  },
  {
    "BuildPrev": "6.0.2.18983",
    "BuildCur": "6.0.2.18986",
    "RecordCountPrev": 1774,
    "RecordCountCur": 1774,
    "MatchCount": 1774,
    "MatchCountPercent": 100.0
  },
  {
    "BuildPrev": "6.0.2.18986",
    "BuildCur": "6.0.2.18988",
    "RecordCountPrev": 1774,
    "RecordCountCur": 1774,
    "MatchCount": 1774,
    "MatchCountPercent": 100.0
  },
  {
    "BuildPrev": "6.0.2.18988",
    "BuildCur": "6.0.2.18989",
    "RecordCountPrev": 1774,
    "RecordCountCur": 1774,
    "MatchCount": 1774,
    "MatchCountPercent": 100.0
  },
  {
    "BuildPrev": "6.0.2.18989",
    "BuildCur": "6.0.2.18996",
    "RecordCountPrev": 1774,
    "RecordCountCur": 1774,
    "MatchCount": 1774,
    "MatchCountPercent": 100.0
  },
  {
    "BuildPrev": "6.0.2.18996",
    "BuildCur": "6.0.2.19000",
    "RecordCountPrev": 1774,
    "RecordCountCur": 1774,
    "MatchCount": 1774,
    "MatchCountPercent": 100.0
  },
  {
    "BuildPrev": "6.0.2.19000",
    "BuildCur": "6.0.2.19005",
    "RecordCountPrev": 1774,
    "RecordCountCur": 1774,
    "MatchCount": 1774,
    "MatchCountPercent": 100.0
  },
  {
    "BuildPrev": "6.0.2.19005",
    "BuildCur": "6.0.2.19041",
    "RecordCountPrev": 1774,
    "RecordCountCur": 1774,
    "MatchCount": 1774,
    "MatchCountPercent": 100.0
  },
  {
    "BuildPrev": "6.0.2.19041",
    "BuildCur": "6.0.3.19057",
    "RecordCountPrev": 1774,
    "RecordCountCur": 1774,
    "MatchCount": 1774,
    "MatchCountPercent": 100.0
  },
  {
    "BuildPrev": "6.0.3.19057",
    "BuildCur": "6.0.3.19078",
    "RecordCountPrev": 1774,
    "RecordCountCur": 1774,
    "MatchCount": 1774,
    "MatchCountPercent": 100.0
  },
  {
    "BuildPrev": "6.0.3.19078",
    "BuildCur": "6.0.3.19085",
    "RecordCountPrev": 1774,
    "RecordCountCur": 1774,
    "MatchCount": 1774,
    "MatchCountPercent": 100.0
  },
  {
    "BuildPrev": "6.0.3.19085",
    "BuildCur": "6.0.3.19175",
    "RecordCountPrev": 1774,
    "RecordCountCur": 1774,
    "MatchCount": 1774,
    "MatchCountPercent": 100.0
  },
  {
    "BuildPrev": "6.0.3.19175",
    "BuildCur": "6.0.3.19200",
    "RecordCountPrev": 1774,
    "RecordCountCur": 1774,
    "MatchCount": 1774,
    "MatchCountPercent": 100.0
  },
  {
    "BuildPrev": "6.0.3.19200",
    "BuildCur": "6.0.3.19342",
    "RecordCountPrev": 1774,
    "RecordCountCur": 1774,
    "MatchCount": 1774,
    "MatchCountPercent": 100.0
  },
  {
    "BuildPrev": "6.0.3.19342",
    "BuildCur": "6.1.0.19445",
    "RecordCountPrev": 1774,
    "RecordCountCur": 1774,
    "MatchCount": 1774,
    "MatchCountPercent": 100.0
  },
  {
    "BuildPrev": "6.1.0.19445",
    "BuildCur": "6.1.0.19480",
    "RecordCountPrev": 1774,
    "RecordCountCur": 1774,
    "MatchCount": 1774,
    "MatchCountPercent": 100.0
  },
  {
    "BuildPrev": "6.1.0.19480",
    "BuildCur": "6.1.0.19508",
    "RecordCountPrev": 1774,
    "RecordCountCur": 1774,
    "MatchCount": 1774,
    "MatchCountPercent": 100.0
  },
  {
    "BuildPrev": "6.1.0.19508",
    "BuildCur": "6.1.0.19533",
    "RecordCountPrev": 1774,
    "RecordCountCur": 1774,
    "MatchCount": 1774,
    "MatchCountPercent": 100.0
  },
  {
    "BuildPrev": "6.1.0.19533",
    "BuildCur": "6.1.0.19551",
    "RecordCountPrev": 1774,
    "RecordCountCur": 1774,
    "MatchCount": 1774,
    "MatchCountPercent": 100.0
  },
  {
    "BuildPrev": "6.1.0.19551",
    "BuildCur": "6.1.0.19567",
    "RecordCountPrev": 1774,
    "RecordCountCur": 1775,
    "MatchCount": 1774,
    "MatchCountPercent": 100.0
  },
  {
    "BuildPrev": "6.1.0.19567",
    "BuildCur": "6.1.0.19592",
    "RecordCountPrev": 1775,
    "RecordCountCur": 1775,
    "MatchCount": 1775,
    "MatchCountPercent": 100.0
  },
  {
    "BuildPrev": "6.1.0.19592",
    "BuildCur": "6.1.0.19611",
    "RecordCountPrev": 1775,
    "RecordCountCur": 1775,
    "MatchCount": 1775,
    "MatchCountPercent": 100.0
  },
  {
    "BuildPrev": "6.1.0.19611",
    "BuildCur": "6.1.0.19622",
    "RecordCountPrev": 1775,
    "RecordCountCur": 1775,
    "MatchCount": 1775,
    "MatchCountPercent": 100.0
  },
  {
    "BuildPrev": "6.1.0.19622",
    "BuildCur": "6.1.0.19634",
    "RecordCountPrev": 1775,
    "RecordCountCur": 1775,
    "MatchCount": 1775,
    "MatchCountPercent": 100.0
  },
  {
    "BuildPrev": "6.1.0.19634",
    "BuildCur": "6.1.0.19702",
    "RecordCountPrev": 1775,
    "RecordCountCur": 1775,
    "MatchCount": 1775,
    "MatchCountPercent": 100.0
  },
  {
    "BuildPrev": "6.1.0.19702",
    "BuildCur": "6.1.2.19711",
    "RecordCountPrev": 1775,
    "RecordCountCur": 1775,
    "MatchCount": 1775,
    "MatchCountPercent": 100.0
  },
  {
    "BuildPrev": "6.1.2.19711",
    "BuildCur": "6.1.2.19728",
    "RecordCountPrev": 1775,
    "RecordCountCur": 1775,
    "MatchCount": 1775,
    "MatchCountPercent": 100.0
  },
  {
    "BuildPrev": "6.1.2.19728",
    "BuildCur": "6.1.2.19750",
    "RecordCountPrev": 1775,
    "RecordCountCur": 1775,
    "MatchCount": 1775,
    "MatchCountPercent": 100.0
  },
  {
    "BuildPrev": "6.1.2.19750",
    "BuildCur": "6.1.2.19769",
    "RecordCountPrev": 1775,
    "RecordCountCur": 1775,
    "MatchCount": 1775,
    "MatchCountPercent": 100.0
  },
  {
    "BuildPrev": "6.1.2.19769",
    "BuildCur": "6.1.2.19783",
    "RecordCountPrev": 1775,
    "RecordCountCur": 1775,
    "MatchCount": 1775,
    "MatchCountPercent": 100.0
  },
  {
    "BuildPrev": "6.1.2.19783",
    "BuildCur": "6.1.2.19793",
    "RecordCountPrev": 1775,
    "RecordCountCur": 1775,
    "MatchCount": 1775,
    "MatchCountPercent": 100.0
  },
  {
    "BuildPrev": "6.1.2.19793",
    "BuildCur": "6.1.2.19802",
    "RecordCountPrev": 1775,
    "RecordCountCur": 1775,
    "MatchCount": 1775,
    "MatchCountPercent": 100.0
  },
  {
    "BuildPrev": "6.1.2.19802",
    "BuildCur": "6.1.2.19831",
    "RecordCountPrev": 1775,
    "RecordCountCur": 1775,
    "MatchCount": 1775,
    "MatchCountPercent": 100.0
  },
  {
    "BuildPrev": "6.1.2.19831",
    "BuildCur": "6.1.2.19854",
    "RecordCountPrev": 1775,
    "RecordCountCur": 1775,
    "MatchCount": 1775,
    "MatchCountPercent": 100.0
  },
  {
    "BuildPrev": "6.1.2.19854",
    "BuildCur": "6.1.2.19865",
    "RecordCountPrev": 1775,
    "RecordCountCur": 1775,
    "MatchCount": 1775,
    "MatchCountPercent": 100.0
  },
  {
    "BuildPrev": "6.1.2.19865",
    "BuildCur": "6.2.0.19890",
    "RecordCountPrev": 1775,
    "RecordCountCur": 1825,
    "MatchCount": 1773,
    "MatchCountPercent": 99.8873
  },
  {
    "BuildPrev": "6.2.0.19890",
    "BuildCur": "6.2.0.19906",
    "RecordCountPrev": 1825,
    "RecordCountCur": 1825,
    "MatchCount": 1825,
    "MatchCountPercent": 100.0
  },
  {
    "BuildPrev": "6.2.0.19906",
    "BuildCur": "6.2.0.19934",
    "RecordCountPrev": 1825,
    "RecordCountCur": 1825,
    "MatchCount": 1825,
    "MatchCountPercent": 100.0
  },
  {
    "BuildPrev": "6.2.0.19934",
    "BuildCur": "6.2.0.19953",
    "RecordCountPrev": 1825,
    "RecordCountCur": 1823,
    "MatchCount": 1820,
    "MatchCountPercent": 99.726
  },
  {
    "BuildPrev": "6.2.0.19953",
    "BuildCur": "6.2.0.19973",
    "RecordCountPrev": 1823,
    "RecordCountCur": 1822,
    "MatchCount": 1815,
    "MatchCountPercent": 99.5612
  },
  {
    "BuildPrev": "6.2.0.19973",
    "BuildCur": "6.2.0.20008",
    "RecordCountPrev": 1822,
    "RecordCountCur": 1823,
    "MatchCount": 1820,
    "MatchCountPercent": 99.8902
  },
  {
    "BuildPrev": "6.2.0.20008",
    "BuildCur": "6.2.0.20033",
    "RecordCountPrev": 1823,
    "RecordCountCur": 1823,
    "MatchCount": 1823,
    "MatchCountPercent": 100.0
  },
  {
    "BuildPrev": "6.2.0.20033",
    "BuildCur": "6.2.0.20051",
    "RecordCountPrev": 1823,
    "RecordCountCur": 1823,
    "MatchCount": 1823,
    "MatchCountPercent": 100.0
  },
  {
    "BuildPrev": "6.2.0.20051",
    "BuildCur": "6.2.0.20061",
    "RecordCountPrev": 1823,
    "RecordCountCur": 1822,
    "MatchCount": 1816,
    "MatchCountPercent": 99.616
  },
  {
    "BuildPrev": "6.2.0.20061",
    "BuildCur": "6.2.0.20076",
    "RecordCountPrev": 1822,
    "RecordCountCur": 1822,
    "MatchCount": 1822,
    "MatchCountPercent": 100.0
  },
  {
    "BuildPrev": "6.2.0.20076",
    "BuildCur": "6.2.0.20104",
    "RecordCountPrev": 1822,
    "RecordCountCur": 1822,
    "MatchCount": 1822,
    "MatchCountPercent": 100.0
  },
  {
    "BuildPrev": "6.2.0.20104",
    "BuildCur": "6.2.0.20111",
    "RecordCountPrev": 1822,
    "RecordCountCur": 1822,
    "MatchCount": 1822,
    "MatchCountPercent": 100.0
  },
  {
    "BuildPrev": "6.2.0.20111",
    "BuildCur": "6.2.0.20141",
    "RecordCountPrev": 1822,
    "RecordCountCur": 1822,
    "MatchCount": 1822,
    "MatchCountPercent": 100.0
  },
  {
    "BuildPrev": "6.2.0.20141",
    "BuildCur": "6.2.0.20157",
    "RecordCountPrev": 1822,
    "RecordCountCur": 1822,
    "MatchCount": 1822,
    "MatchCountPercent": 100.0
  },
  {
    "BuildPrev": "6.2.0.20157",
    "BuildCur": "6.2.0.20173",
    "RecordCountPrev": 1822,
    "RecordCountCur": 1822,
    "MatchCount": 1822,
    "MatchCountPercent": 100.0
  },
  {
    "BuildPrev": "6.2.0.20173",
    "BuildCur": "6.2.0.20182",
    "RecordCountPrev": 1822,
    "RecordCountCur": 1822,
    "MatchCount": 1822,
    "MatchCountPercent": 100.0
  },
  {
    "BuildPrev": "6.2.0.20182",
    "BuildCur": "6.2.0.20201",
    "RecordCountPrev": 1822,
    "RecordCountCur": 1822,
    "MatchCount": 1822,
    "MatchCountPercent": 100.0
  },
  {
    "BuildPrev": "6.2.0.20201",
    "BuildCur": "6.2.0.20216",
    "RecordCountPrev": 1822,
    "RecordCountCur": 1822,
    "MatchCount": 1822,
    "MatchCountPercent": 100.0
  },
  {
    "BuildPrev": "6.2.0.20216",
    "BuildCur": "6.2.0.20253",
    "RecordCountPrev": 1822,
    "RecordCountCur": 1822,
    "MatchCount": 1822,
    "MatchCountPercent": 100.0
  },
  {
    "BuildPrev": "6.2.0.20253",
    "BuildCur": "6.2.1.20271",
    "RecordCountPrev": 1822,
    "RecordCountCur": 1822,
    "MatchCount": 1822,
    "MatchCountPercent": 100.0
  },
  {
    "BuildPrev": "6.2.1.20271",
    "BuildCur": "6.2.0.20318",
    "RecordCountPrev": 1822,
    "RecordCountCur": 1822,
    "MatchCount": 1822,
    "MatchCountPercent": 100.0
  },
  {
    "BuildPrev": "6.2.0.20318",
    "BuildCur": "6.2.1.20328",
    "RecordCountPrev": 1822,
    "RecordCountCur": 1822,
    "MatchCount": 1822,
    "MatchCountPercent": 100.0
  },
  {
    "BuildPrev": "6.2.1.20328",
    "BuildCur": "6.2.0.20338",
    "RecordCountPrev": 1822,
    "RecordCountCur": 1822,
    "MatchCount": 1822,
    "MatchCountPercent": 100.0
  },
  {
    "BuildPrev": "6.2.0.20338",
    "BuildCur": "6.2.1.20363",
    "RecordCountPrev": 1822,
    "RecordCountCur": 1822,
    "MatchCount": 1822,
    "MatchCountPercent": 100.0
  },
  {
    "BuildPrev": "6.2.1.20363",
    "BuildCur": "6.2.2.20395",
    "RecordCountPrev": 1822,
    "RecordCountCur": 1822,
    "MatchCount": 1822,
    "MatchCountPercent": 100.0
  },
  {
    "BuildPrev": "6.2.2.20395",
    "BuildCur": "6.2.2.20426",
    "RecordCountPrev": 1822,
    "RecordCountCur": 1822,
    "MatchCount": 1822,
    "MatchCountPercent": 100.0
  },
  {
    "BuildPrev": "6.2.2.20426",
    "BuildCur": "6.2.2.20438",
    "RecordCountPrev": 1822,
    "RecordCountCur": 1822,
    "MatchCount": 1822,
    "MatchCountPercent": 100.0
  },
  {
    "BuildPrev": "6.2.2.20438",
    "BuildCur": "6.2.2.20444",
    "RecordCountPrev": 1822,
    "RecordCountCur": 1822,
    "MatchCount": 1822,
    "MatchCountPercent": 100.0
  },
  {
    "BuildPrev": "6.2.2.20444",
    "BuildCur": "6.2.2.20490",
    "RecordCountPrev": 1822,
    "RecordCountCur": 1822,
    "MatchCount": 1822,
    "MatchCountPercent": 100.0
  },
  {
    "BuildPrev": "6.2.2.20490",
    "BuildCur": "6.2.2.20574",
    "RecordCountPrev": 1822,
    "RecordCountCur": 1822,
    "MatchCount": 1822,
    "MatchCountPercent": 100.0
  },
  {
    "BuildPrev": "6.2.2.20574",
    "BuildCur": "6.2.3.20601",
    "RecordCountPrev": 1822,
    "RecordCountCur": 1822,
    "MatchCount": 1822,
    "MatchCountPercent": 100.0
  },
  {
    "BuildPrev": "6.2.3.20601",
    "BuildCur": "6.2.3.20655",
    "RecordCountPrev": 1822,
    "RecordCountCur": 1822,
    "MatchCount": 1822,
    "MatchCountPercent": 100.0
  },
  {
    "BuildPrev": "6.2.3.20655",
    "BuildCur": "6.2.3.20691",
    "RecordCountPrev": 1822,
    "RecordCountCur": 1822,
    "MatchCount": 1822,
    "MatchCountPercent": 100.0
  },
  {
    "BuildPrev": "6.2.3.20691",
    "BuildCur": "6.2.3.20716",
    "RecordCountPrev": 1822,
    "RecordCountCur": 1822,
    "MatchCount": 1822,
    "MatchCountPercent": 100.0
  },
  {
    "BuildPrev": "6.2.3.20716",
    "BuildCur": "6.2.3.20726",
    "RecordCountPrev": 1822,
    "RecordCountCur": 1822,
    "MatchCount": 1822,
    "MatchCountPercent": 100.0
  },
  {
    "BuildPrev": "6.2.3.20726",
    "BuildCur": "6.2.4.21028",
    "RecordCountPrev": 1822,
    "RecordCountCur": 1822,
    "MatchCount": 1822,
    "MatchCountPercent": 100.0
  },
  {
    "BuildPrev": "6.2.4.21028",
    "BuildCur": "6.2.4.21047",
    "RecordCountPrev": 1822,
    "RecordCountCur": 1822,
    "MatchCount": 1822,
    "MatchCountPercent": 100.0
  },
  {
    "BuildPrev": "6.2.4.21047",
    "BuildCur": "6.2.4.21105",
    "RecordCountPrev": 1822,
    "RecordCountCur": 1822,
    "MatchCount": 1822,
    "MatchCountPercent": 100.0
  },
  {
    "BuildPrev": "6.2.4.21105",
    "BuildCur": "6.2.4.21160",
    "RecordCountPrev": 1822,
    "RecordCountCur": 1822,
    "MatchCount": 1822,
    "MatchCountPercent": 100.0
  },
  {
    "BuildPrev": "6.2.4.21160",
    "BuildCur": "6.2.4.21210",
    "RecordCountPrev": 1822,
    "RecordCountCur": 1822,
    "MatchCount": 1822,
    "MatchCountPercent": 100.0
  },
  {
    "BuildPrev": "6.2.4.21210",
    "BuildCur": "6.2.4.21220",
    "RecordCountPrev": 1822,
    "RecordCountCur": 1822,
    "MatchCount": 1822,
    "MatchCountPercent": 100.0
  },
  {
    "BuildPrev": "6.2.4.21220",
    "BuildCur": "6.2.4.21253",
    "RecordCountPrev": 1822,
    "RecordCountCur": 1822,
    "MatchCount": 1822,
    "MatchCountPercent": 100.0
  },
  {
    "BuildPrev": "6.2.4.21253",
    "BuildCur": "6.2.4.21274",
    "RecordCountPrev": 1822,
    "RecordCountCur": 1822,
    "MatchCount": 1822,
    "MatchCountPercent": 100.0
  },
  {
    "BuildPrev": "6.2.4.21274",
    "BuildCur": "6.2.4.21315",
    "RecordCountPrev": 1822,
    "RecordCountCur": 1822,
    "MatchCount": 1822,
    "MatchCountPercent": 100.0
  },
  {
    "BuildPrev": "6.2.4.21315",
    "BuildCur": "6.2.4.21336",
    "RecordCountPrev": 1822,
    "RecordCountCur": 1822,
    "MatchCount": 1822,
    "MatchCountPercent": 100.0
  },
  {
    "BuildPrev": "6.2.4.21336",
    "BuildCur": "6.2.4.21355",
    "RecordCountPrev": 1822,
    "RecordCountCur": 1822,
    "MatchCount": 1822,
    "MatchCountPercent": 100.0
  },
  {
    "BuildPrev": "6.2.4.21355",
    "BuildCur": "6.2.4.21676",
    "RecordCountPrev": 1822,
    "RecordCountCur": 1822,
    "MatchCount": 1822,
    "MatchCountPercent": 100.0
  },
  {
    "BuildPrev": "6.2.4.21676",
    "BuildCur": "6.2.4.21742",
    "RecordCountPrev": 1822,
    "RecordCountCur": 1822,
    "MatchCount": 1822,
    "MatchCountPercent": 100.0
  }
]