[
  {
    "BuildPrev": "3.0.1.8681",
    "BuildCur": "3.0.1.8714",
    "RecordCountPrev": 9,
    "RecordCountCur": 9,
    "MatchCount": 9,
    "MatchCountPercent": 100.0
  },
  {
    "BuildPrev": "3.0.1.8714",
    "BuildCur": "3.0.1.8770",
    "RecordCountPrev": 9,
    "RecordCountCur": 7,
    "MatchCount": 5,
    "MatchCountPercent": 55.5556
  },
  {
    "BuildPrev": "3.0.1.8770",
    "BuildCur": "3.0.1.8788",
    "RecordCountPrev": 7,
    "RecordCountCur": 17,
    "MatchCount": 6,
    "MatchCountPercent": 85.7143
  },
  {
    "BuildPrev": "3.0.1.8788",
    "BuildCur": "3.0.1.8820",
    "RecordCountPrev": 17,
    "RecordCountCur": 47,
    "MatchCount": 1,
    "MatchCountPercent": 5.8824
  },
  {
    "BuildPrev": "3.0.1.8820",
    "BuildCur": "3.0.1.8874",
    "RecordCountPrev": 47,
    "RecordCountCur": 47,
    "MatchCount": 47,
    "MatchCountPercent": 100.0
  },
  {
    "BuildPrev": "3.0.1.8874",
    "BuildCur": "3.0.1.8885",
    "RecordCountPrev": 47,
    "RecordCountCur": 63,
    "MatchCount": 45,
    "MatchCountPercent": 95.7447
  },
  {
    "BuildPrev": "3.0.1.8885",
    "BuildCur": "3.0.2.9056",
    "RecordCountPrev": 63,
    "RecordCountCur": 83,
    "MatchCount": 61,
    "MatchCountPercent": 96.8254
  },
  {
    "BuildPrev": "3.0.2.9056",
    "BuildCur": "3.0.3.9183",
    "RecordCountPrev": 83,
    "RecordCountCur": 83,
    "MatchCount": 83,
    "MatchCountPercent": 100.0
  },
  {
    "BuildPrev": "3.0.3.9183",
    "BuildCur": "3.0.8.9464",
    "RecordCountPrev": 83,
    "RecordCountCur": 85,
    "MatchCount": 81,
    "MatchCountPercent": 97.5904
  },
  {
    "BuildPrev": "3.0.8.9464",
    "BuildCur": "3.0.8.9506",
    "RecordCountPrev": 85,
    "RecordCountCur": 85,
    "MatchCount": 85,
    "MatchCountPercent": 100.0
  },
  {
    "BuildPrev": "3.0.8.9506",
    "BuildCur": "3.0.9.9551",
    "RecordCountPrev": 85,
    "RecordCountCur": 85,
    "MatchCount": 85,
    "MatchCountPercent": 100.0
  },
  {
    "BuildPrev": "3.0.9.9551",
    "BuildCur": "3.1.0.9767",
    "RecordCountPrev": 85,
    "RecordCountCur": 129,
    "MatchCount": 81,
    "MatchCountPercent": 95.2941
  },
  {
    "BuildPrev": "3.1.0.9767",
    "BuildCur": "3.1.1.9806",
    "RecordCountPrev": 129,
    "RecordCountCur": 129,
    "MatchCount": 129,
    "MatchCountPercent": 100.0
  },
  {
    "BuildPrev": "3.1.1.9806",
    "BuildCur": "3.1.1.9835",
    "RecordCountPrev": 129,
    "RecordCountCur": 129,
    "MatchCount": 129,
    "MatchCountPercent": 100.0
  },
  {
    "BuildPrev": "3.1.1.9835",
    "BuildCur": "3.1.2.9901",
    "RecordCountPrev": 129,
    "RecordCountCur": 129,
    "MatchCount": 129,
    "MatchCountPercent": 100.0
  },
  {
    "BuildPrev": "3.1.2.9901",
    "BuildCur": "3.1.3.9947",
    "RecordCountPrev": 129,
    "RecordCountCur": 129,
    "MatchCount": 129,
    "MatchCountPercent": 100.0
  },
  {
    "BuildPrev": "3.1.3.9947",
    "BuildCur": "3.2.0.10192",
    "RecordCountPrev": 129,
    "RecordCountCur": 137,
    "MatchCount": 126,
    "MatchCountPercent": 97.6744
  },
  {
    "BuildPrev": "3.2.0.10192",
    "BuildCur": "3.2.0.10314",
    "RecordCountPrev": 137,
    "RecordCountCur": 137,
    "MatchCount": 137,
    "MatchCountPercent": 100.0
  },
  {
    "BuildPrev": "3.2.0.10314",
    "BuildCur": "3.2.2.10482",
    "RecordCountPrev": 137,
    "RecordCountCur": 137,
    "MatchCount": 137,
    "MatchCountPercent": 100.0
  },
  {
    "BuildPrev": "3.2.2.10482",
    "BuildCur": "3.2.2.10505",
    "RecordCountPrev": 137,
    "RecordCountCur": 137,
    "MatchCount": 137,
    "MatchCountPercent": 100.0
  },
  {
    "BuildPrev": "3.2.2.10505",
    "BuildCur": "3.3.0.10958",
    "RecordCountPrev": 137,
    "RecordCountCur": 145,
    "MatchCount": 135,
    "MatchCountPercent": 98.5402
  },
  {
    "BuildPrev": "3.3.0.10958",
    "BuildCur": "3.3.0.11159",
    "RecordCountPrev": 145,
    "RecordCountCur": 145,
    "MatchCount": 145,
    "MatchCountPercent": 100.0
  },
  {
    "BuildPrev": "3.3.0.11159",
    "BuildCur": "3.3.2.11403",
    "RecordCountPrev": 145,
    "RecordCountCur": 145,
    "MatchCount": 145,
    "MatchCountPercent": 100.0
  },
  {
    "BuildPrev": "3.3.2.11403",
    "BuildCur": "3.3.3.11685",
    "RecordCountPrev": 145,
    "RecordCountCur": 151,
    "MatchCount": 145,
    "MatchCountPercent": 100.0
  },
  {
    "BuildPrev": "3.3.3.11685",
    "BuildCur": "3.3.3.11723",
    "RecordCountPrev": 151,
    "RecordCountCur": 151,
    "MatchCount": 151,
    "MatchCountPercent": 100.0
  },
  {
    "BuildPrev": "3.3.3.11723",
    "BuildCur": "3.3.5.12213",
    "RecordCountPrev": 151,
    "RecordCountCur": 151,
    "MatchCount": 151,
    "MatchCountPercent": 100.0
  },
  {
    "BuildPrev": "3.3.5.12213",
    "BuildCur": "3.3.5.12340",
    "RecordCountPrev": 151,
    "RecordCountCur": 151,
    "MatchCount": 151,
    "MatchCountPercent": 100.0
  },
  {
    "BuildPrev": "3.3.5.12340",
    "BuildCur": "4.0.0.11927",
    "RecordCountPrev": 151,
    "RecordCountCur": 152,
    "MatchCount": 151,
    "MatchCountPercent": 100.0
  },
  {
    "BuildPrev": "4.0.0.11927",
    "BuildCur": "4.0.0.12025",
    "RecordCountPrev": 152,
    "RecordCountCur": 152,
    "MatchCount": 152,
    "MatchCountPercent": 100.0
  },
  {
    "BuildPrev": "4.0.0.12025",
    "BuildCur": "4.0.0.12065",
    "RecordCountPrev": 152,
    "RecordCountCur": 153,
    "MatchCount": 152,
    "MatchCountPercent": 100.0
  },
  {
    "BuildPrev": "4.0.0.12065",
    "BuildCur": "4.0.0.12122",
    "RecordCountPrev": 153,
    "RecordCountCur": 164,
    "MatchCount": 152,
    "MatchCountPercent": 99.3464
  },
  {
    "BuildPrev": "4.0.0.12122",
    "BuildCur": "4.0.0.12164",
    "RecordCountPrev": 164,
    "RecordCountCur": 165,
    "MatchCount": 164,
    "MatchCountPercent": 100.0
  },
  {
    "BuildPrev": "4.0.0.12164",
    "BuildCur": "4.0.0.12232",
    "RecordCountPrev": 165,
    "RecordCountCur": 177,
    "MatchCount": 164,
    "MatchCountPercent": 99.3939
  },
  {
    "BuildPrev": "4.0.0.12232",
    "BuildCur": "4.0.0.12266",
    "RecordCountPrev": 177,
    "RecordCountCur": 196,
    "MatchCount": 177,
    "MatchCountPercent": 100.0
  },
  {
    "BuildPrev": "4.0.0.12266",
    "BuildCur": "4.0.0.12319",
    "RecordCountPrev": 196,
    "RecordCountCur": 198,
    "MatchCount": 194,
    "MatchCountPercent": 98.9796
  },
  {
    "BuildPrev": "4.0.0.12319",
    "BuildCur": "4.0.0.12911",
    "RecordCountPrev": 198,
    "RecordCountCur": 221,
    "MatchCount": 192,
    "MatchCountPercent": 96.9697
  },
  {
    "BuildPrev": "4.0.0.12911",
    "BuildCur": "4.0.1.13164",
    "RecordCountPrev": 221,
    "RecordCountCur": 221,
    "MatchCount": 221,
    "MatchCountPercent": 100.0
  },
  {
    "BuildPrev": "4.0.1.13164",
    "BuildCur": "",
    "RecordCountPrev": 221,
    "RecordCountCur": 221,
    "MatchCount": 221,
    "MatchCountPercent": 100.0
  },
  {
    "BuildPrev": "",
    "BuildCur": "4.0.3.13287",
    "RecordCountPrev": 221,
    "RecordCountCur": 221,
    "MatchCount": 221,
    "MatchCountPercent": 100.0
  },
  {
    "BuildPrev": "4.0.3.13287",
    "BuildCur": "",
    "RecordCountPrev": 221,
    "RecordCountCur": 221,
    "MatchCount": 221,
    "MatchCountPercent": 100.0
  },
  {
    "BuildPrev": "",
    "BuildCur": "4.0.6.13596",
    "RecordCountPrev": 221,
    "RecordCountCur": 221,
    "MatchCount": 221,
    "MatchCountPercent": 100.0
  },
  {
    "BuildPrev": "4.0.6.13596",
    "BuildCur": "",
    "RecordCountPrev": 221,
    "RecordCountCur": 240,
    "MatchCount": 206,
    "MatchCountPercent": 93.2127
  },
  {
    "BuildPrev": "",
    "BuildCur": "4.1.0.13914",
    "RecordCountPrev": 240,
    "RecordCountCur": 258,
    "MatchCount": 240,
    "MatchCountPercent": 100.0
  },
  {
    "BuildPrev": "4.1.0.13914",
    "BuildCur": "",
    "RecordCountPrev": 258,
    "RecordCountCur": 258,
    "MatchCount": 258,
    "MatchCountPercent": 100.0
  },
  {
    "BuildPrev": "",
    "BuildCur": "4.2.0.14333",
    "RecordCountPrev": 258,
    "RecordCountCur": 262,
    "MatchCount": 258,
    "MatchCountPercent": 100.0
  },
  {
    "BuildPrev": "4.2.0.14333",
    "BuildCur": "",
    "RecordCountPrev": 262,
    "RecordCountCur": 221,
    "MatchCount": 206,
    "MatchCountPercent": 78.626
  },
  {
    "BuildPrev": "",
    "BuildCur": "4.2.2.14545",
    "RecordCountPrev": 221,
    "RecordCountCur": 262,
    "MatchCount": 206,
    "MatchCountPercent": 93.2127
  },
  {
    "BuildPrev": "4.2.2.14545",
    "BuildCur": "4.3.0.15005",
    "RecordCountPrev": 262,
    "RecordCountCur": 262,
    "MatchCount": 262,
    "MatchCountPercent": 100.0
  },
  {
    "BuildPrev": "4.3.0.15005",
    "BuildCur": "",
    "RecordCountPrev": 262,
    "RecordCountCur": 262,
    "MatchCount": 262,
    "MatchCountPercent": 100.0
  },
  {
    "BuildPrev": "",
    "BuildCur": "4.3.2.15211",
    "RecordCountPrev": 262,
    "RecordCountCur": 263,
    "MatchCount": 261,
    "MatchCountPercent": 99.6183
  },
  {
    "BuildPrev": "4.3.2.15211",
    "BuildCur": "4.3.3.15354",
    "RecordCountPrev": 263,
    "RecordCountCur": 263,
    "MatchCount": 263,
    "MatchCountPercent": 100.0
  },
  {
    "BuildPrev": "4.3.3.15354",
    "BuildCur": "4.3.4.15595",
    "RecordCountPrev": 263,
    "RecordCountCur": 263,
    "MatchCount": 263,
    "MatchCountPercent": 100.0
  },
  {
    "BuildPrev": "4.3.4.15595",
    "BuildCur": "5.0.1.15464",
    "RecordCountPrev": 263,
    "RecordCountCur": 264,
    "MatchCount": 263,
    "MatchCountPercent": 100.0
  },
  {
    "BuildPrev": "5.0.1.15464",
    "BuildCur": "5.0.1.15508",
    "RecordCountPrev": 264,
    "RecordCountCur": 264,
    "MatchCount": 264,
    "MatchCountPercent": 100.0
  },
  {
    "BuildPrev": "5.0.1.15508",
    "BuildCur": "5.0.1.15544",
    "RecordCountPrev": 264,
    "RecordCountCur": 264,
    "MatchCount": 264,
    "MatchCountPercent": 100.0
  },
  {
    "BuildPrev": "5.0.1.15544",
    "BuildCur": "5.0.1.15589",
    "RecordCountPrev": 264,
    "RecordCountCur": 264,
    "MatchCount": 264,
    "MatchCountPercent": 100.0
  },
  {
    "BuildPrev": "5.0.1.15589",
    "BuildCur": "5.0.1.15640",
    "RecordCountPrev": 264,
    "RecordCountCur": 264,
    "MatchCount": 264,
    "MatchCountPercent": 100.0
  },
  {
    "BuildPrev": "5.0.1.15640",
    "BuildCur": "5.0.1.15650",
    "RecordCountPrev": 264,
    "RecordCountCur": 267,
    "MatchCount": 264,
    "MatchCountPercent": 100.0
  },
  {
    "BuildPrev": "5.0.1.15650",
    "BuildCur": "5.0.1.15657",
    "RecordCountPrev": 267,
    "RecordCountCur": 271,
    "MatchCount": 266,
    "MatchCountPercent": 99.6255
  },
  {
    "BuildPrev": "5.0.1.15657",
    "BuildCur": "5.0.1.15662",
    "RecordCountPrev": 271,
    "RecordCountCur": 264,
    "MatchCount": 263,
    "MatchCountPercent": 97.048
  },
  {
    "BuildPrev": "5.0.1.15662",
    "BuildCur": "5.0.1.15668",
    "RecordCountPrev": 264,
    "RecordCountCur": 278,
    "MatchCount": 263,
    "MatchCountPercent": 99.6212
  },
  {
    "BuildPrev": "5.0.1.15668",
    "BuildCur": "5.0.1.15677",
    "RecordCountPrev": 278,
    "RecordCountCur": 278,
    "MatchCount": 278,
    "MatchCountPercent": 100.0
  },
  {
    "BuildPrev": "5.0.1.15677",
    "BuildCur": "5.0.1.15689",
    "RecordCountPrev": 278,
    "RecordCountCur": 279,
    "MatchCount": 278,
    "MatchCountPercent": 100.0
  },
  {
    "BuildPrev": "5.0.1.15689",
    "BuildCur": "5.0.1.15699",
    "RecordCountPrev": 279,
    "RecordCountCur": 280,
    "MatchCount": 278,
    "MatchCountPercent": 99.6416
  },
  {
    "BuildPrev": "5.0.1.15699",
    "BuildCur": "5.0.1.15726",
    "RecordCountPrev": 280,
    "RecordCountCur": 284,
    "MatchCount": 280,
    "MatchCountPercent": 100.0
  },
  {
    "BuildPrev": "5.0.1.15726",
    "BuildCur": "5.0.1.15739",
    "RecordCountPrev": 284,
    "RecordCountCur": 312,
    "MatchCount": 284,
    "MatchCountPercent": 100.0
  },
  {
    "BuildPrev": "5.0.1.15739",
    "BuildCur": "5.0.1.15752",
    "RecordCountPrev": 312,
    "RecordCountCur": 314,
    "MatchCount": 312,
    "MatchCountPercent": 100.0
  },
  {
    "BuildPrev": "5.0.1.15752",
    "BuildCur": "5.0.1.15762",
    "RecordCountPrev": 314,
    "RecordCountCur": 338,
    "MatchCount": 314,
    "MatchCountPercent": 100.0
  },
  {
    "BuildPrev": "5.0.1.15762",
    "BuildCur": "5.0.1.15781",
    "RecordCountPrev": 338,
    "RecordCountCur": 341,
    "MatchCount": 335,
    "MatchCountPercent": 99.1124
  },
  {
    "BuildPrev": "5.0.1.15781",
    "BuildCur": "5.0.1.15799",
    "RecordCountPrev": 341,
    "RecordCountCur": 346,
    "MatchCount": 340,
    "MatchCountPercent": 99.7067
  },
  {
    "BuildPrev": "5.0.1.15799",
    "BuildCur": "5.0.4.15890",
    "RecordCountPrev": 346,
    "RecordCountCur": 406,
    "MatchCount": 346,
    "MatchCountPercent": 100.0
  },
  {
    "BuildPrev": "5.0.4.15890",
    "BuildCur": "5.0.4.16016",
    "RecordCountPrev": 406,
    "RecordCountCur": 495,
    "MatchCount": 400,
    "MatchCountPercent": 98.5222
  },
  {
    "BuildPrev": "5.0.4.16016",
    "BuildCur": "5.0.5.16048",
    "RecordCountPrev": 495,
    "RecordCountCur": 495,
    "MatchCount": 495,
    "MatchCountPercent": 100.0
  },
  {
    "BuildPrev": "5.0.5.16048",
    "BuildCur": "5.0.5.16057",
    "RecordCountPrev": 495,
    "RecordCountCur": 495,
    "MatchCount": 495,
    "MatchCountPercent": 100.0
  },
  {
    "BuildPrev": "5.0.5.16057",
    "BuildCur": "5.1.0.16309",
    "RecordCountPrev": 495,
    "RecordCountCur": 524,
    "MatchCount": 487,
    "MatchCountPercent": 98.3838
  },
  {
    "BuildPrev": "5.1.0.16309",
    "BuildCur": "",
    "RecordCountPrev": 524,
    "RecordCountCur": 524,
    "MatchCount": 524,
    "MatchCountPercent": 100.0
  },
  {
    "BuildPrev": "",
    "BuildCur": "5.2.0.16516",
    "RecordCountPrev": 524,
    "RecordCountCur": 530,
    "MatchCount": 524,
    "MatchCountPercent": 100.0
  },
  {
    "BuildPrev": "5.2.0.16516",
    "BuildCur": "5.2.0.16650",
    "RecordCountPrev": 530,
    "RecordCountCur": 557,
    "MatchCount": 530,
    "MatchCountPercent": 100.0
  },
  {
    "BuildPrev": "5.2.0.16650",
    "BuildCur": "5.3.0.16844",
    "RecordCountPrev": 557,
    "RecordCountCur": 590,
    "MatchCount": 557,
    "MatchCountPercent": 100.0
  },
  {
    "BuildPrev": "5.3.0.16844",
    "BuildCur": "5.3.0.16965",
    "RecordCountPrev": 590,
    "RecordCountCur": 604,
    "MatchCount": 590,
    "MatchCountPercent": 100.0
  },
  {
    "BuildPrev": "5.3.0.16965",
    "BuildCur": "5.3.0.17116",
    "RecordCountPrev": 604,
    "RecordCountCur": 604,
    "MatchCount": 604,
    "MatchCountPercent": 100.0
  },
  {
    "BuildPrev": "5.3.0.17116",
    "BuildCur": "5.4.0.17266",
    "RecordCountPrev": 604,
    "RecordCountCur": 676,
    "MatchCount": 602,
    "MatchCountPercent": 99.6689
  },
  {
    "BuildPrev": "5.4.0.17266",
    "BuildCur": "5.4.0.17325",
    "RecordCountPrev": 676,
    "RecordCountCur": 686,
    "MatchCount": 676,
    "MatchCountPercent": 100.0
  },
  {
    "BuildPrev": "5.4.0.17325",
    "BuildCur": "5.4.0.17345",
    "RecordCountPrev": 686,
    "RecordCountCur": 686,
    "MatchCount": 686,
    "MatchCountPercent": 100.0
  },
  {
    "BuildPrev": "5.4.0.17345",
    "BuildCur": "5.4.1.17520",
    "RecordCountPrev": 686,
    "RecordCountCur": 694,
    "MatchCount": 686,
    "MatchCountPercent": 100.0
  },
  {
    "BuildPrev": "5.4.1.17520",
    "BuildCur": "5.4.1.17538",
    "RecordCountPrev": 694,
    "RecordCountCur": 694,
    "MatchCount": 694,
    "MatchCountPercent": 100.0
  },
  {
    "BuildPrev": "5.4.1.17538",
    "BuildCur": "5.4.2.17645",
    "RecordCountPrev": 694,
    "RecordCountCur": 700,
    "MatchCount": 694,
    "MatchCountPercent": 100.0
  },
  {
    "BuildPrev": "5.4.2.17645",
    "BuildCur": "5.4.2.17688",
    "RecordCountPrev": 700,
    "RecordCountCur": 700,
    "MatchCount": 700,
    "MatchCountPercent": 100.0
  },
  {
    "BuildPrev": "5.4.2.17688",
    "BuildCur": "5.4.7.17898",
    "RecordCountPrev": 700,
    "RecordCountCur": 704,
    "MatchCount": 700,
    "MatchCountPercent": 100.0
  },
  {
    "BuildPrev": "5.4.7.17898",
    "BuildCur": "5.4.8.18273",
    "RecordCountPrev": 704,
    "RecordCountCur": 717,
    "MatchCount": 704,
    "MatchCountPercent": 100.0
  },
  {
    "BuildPrev": "5.4.8.18273",
    "BuildCur": "6.0.1.18125",
    "RecordCountPrev": 717,
    "RecordCountCur": 724,
    "MatchCount": 704,
    "MatchCountPercent": 98.1869
  },
  {
    "BuildPrev": "6.0.1.18125",
    "BuildCur": "6.0.1.18156",
    "RecordCountPrev": 724,
    "RecordCountCur": 724,
    "MatchCount": 724,
    "MatchCountPercent": 100.0
  },
  {
    "BuildPrev": "6.0.1.18156",
    "BuildCur": "6.0.1.18164",
    "RecordCountPrev": 724,
    "RecordCountCur": 725,
    "MatchCount": 724,
    "MatchCountPercent": 100.0
  },
  {
    "BuildPrev": "6.0.1.18164",
    "BuildCur": "6.0.1.18179",
    "RecordCountPrev": 725,
    "RecordCountCur": 725,
    "MatchCount": 725,
    "MatchCountPercent": 100.0
  },
  {
    "BuildPrev": "6.0.1.18179",
    "BuildCur": "6.0.1.18297",
    "RecordCountPrev": 725,
    "RecordCountCur": 743,
    "MatchCount": 725,
    "MatchCountPercent": 100.0
  },
  {
    "BuildPrev": "6.0.1.18297",
    "BuildCur": "6.0.1.18322",
    "RecordCountPrev": 743,
    "RecordCountCur": 747,
    "MatchCount": 743,
    "MatchCountPercent": 100.0
  },
  {
    "BuildPrev": "6.0.1.18322",
    "BuildCur": "6.0.1.18379",
    "RecordCountPrev": 747,
    "RecordCountCur": 757,
    "MatchCount": 747,
    "MatchCountPercent": 100.0
  },
  {
    "BuildPrev": "6.0.1.18379",
    "BuildCur": "6.0.1.18443",
    "RecordCountPrev": 757,
    "RecordCountCur": 781,
    "MatchCount": 757,
    "MatchCountPercent": 100.0
  },
  {
    "BuildPrev": "6.0.1.18443",
    "BuildCur": "6.0.1.18471",
    "RecordCountPrev": 781,
    "RecordCountCur": 800,
    "MatchCount": 781,
    "MatchCountPercent": 100.0
  },
  {
    "BuildPrev": "6.0.1.18471",
    "BuildCur": "6.0.1.18505",
    "RecordCountPrev": 800,
    "RecordCountCur": 818,
    "MatchCount": 800,
    "MatchCountPercent": 100.0
  },
  {
    "BuildPrev": "6.0.1.18505",
    "BuildCur": "6.0.1.18522",
    "RecordCountPrev": 818,
    "RecordCountCur": 827,
    "MatchCount": 818,
    "MatchCountPercent": 100.0
  },
  {
    "BuildPrev": "6.0.1.18522",
    "BuildCur": "6.0.1.18537",
    "RecordCountPrev": 827,
    "RecordCountCur": 837,
    "MatchCount": 827,
    "MatchCountPercent": 100.0
  },
  {
    "BuildPrev": "6.0.1.18537",
    "BuildCur": "6.0.1.18566",
    "RecordCountPrev": 837,
    "RecordCountCur": 853,
    "MatchCount": 837,
    "MatchCountPercent": 100.0
  },
  {
    "BuildPrev": "6.0.1.18566",
    "BuildCur": "6.0.1.18594",
    "RecordCountPrev": 853,
    "RecordCountCur": 878,
    "MatchCount": 851,
    "MatchCountPercent": 99.7655
  },
  {
    "BuildPrev": "6.0.1.18594",
    "BuildCur": "6.0.1.18645",
    "RecordCountPrev": 878,
    "RecordCountCur": 878,
    "MatchCount": 878,
    "MatchCountPercent": 100.0
  },
  {
    "BuildPrev": "6.0.1.18645",
    "BuildCur": "6.0.1.18663",
    "RecordCountPrev": 878,
    "RecordCountCur": 925,
    "MatchCount": 874,
    "MatchCountPercent": 99.5444
  },
  {
    "BuildPrev": "6.0.1.18663",
    "BuildCur": "6.0.1.18685",
    "RecordCountPrev": 925,
    "RecordCountCur": 925,
    "MatchCount": 925,
    "MatchCountPercent": 100.0
  },
  {
    "BuildPrev": "6.0.1.18685",
    "BuildCur": "6.0.1.18689",
    "RecordCountPrev": 925,
    "RecordCountCur": 956,
    "MatchCount": 916,
    "MatchCountPercent": 99.027
  },
  {
    "BuildPrev": "6.0.1.18689",
    "BuildCur": "6.0.1.18716",
    "RecordCountPrev": 956,
    "RecordCountCur": 994,
    "MatchCount": 956,
    "MatchCountPercent": 100.0
  },
  {
    "BuildPrev": "6.0.1.18716",
    "BuildCur": "6.0.1.18738",
    "RecordCountPrev": 994,
    "RecordCountCur": 1069,
    "MatchCount": 987,
    "MatchCountPercent": 99.2958
  },
  {
    "BuildPrev": "6.0.1.18738",
    "BuildCur": "6.0.2.18764",
    "RecordCountPrev": 1069,
    "RecordCountCur": 1074,
    "MatchCount": 1068,
    "MatchCountPercent": 99.9065
  },
  {
    "BuildPrev": "6.0.2.18764",
    "BuildCur": "6.0.1.18803",
    "RecordCountPrev": 1074,
    "RecordCountCur": 1072,
    "MatchCount": 1071,
    "MatchCountPercent": 99.7207
  },
  {
    "BuildPrev": "6.0.1.18803",
    "BuildCur": "6.0.2.18816",
    "RecordCountPrev": 1072,
    "RecordCountCur": 1093,
    "MatchCount": 1066,
    "MatchCountPercent": 99.4403
  },
  {
    "BuildPrev": "6.0.2.18816",
    "BuildCur": "6.0.2.18833",
    "RecordCountPrev": 1093,
    "RecordCountCur": 1093,
    "MatchCount": 1093,
    "MatchCountPercent": 100.0
  },
  {
    "BuildPrev": "6.0.2.18833",
    "BuildCur": "6.0.2.18837",
    "RecordCountPrev": 1093,
    "RecordCountCur": 1128,
    "MatchCount": 1090,
    "MatchCountPercent": 99.7255
  },
  {
    "BuildPrev": "6.0.2.18837",
    "BuildCur": "6.0.2.18838",
    "RecordCountPrev": 1128,
    "RecordCountCur": 1128,
    "MatchCount": 1128,
    "MatchCountPercent": 100.0
  },
  {
    "BuildPrev": "6.0.2.18838",
    "BuildCur": "6.0.2.18848",
    "RecordCountPrev": 1128,
    "RecordCountCur": 1128,
    "MatchCount": 1128,
    "MatchCountPercent": 100.0
  },
  {
    "BuildPrev": "6.0.2.18848",
    "BuildCur": "6.0.2.18850",
    "RecordCountPrev": 1128,
    "RecordCountCur": 1152,
    "MatchCount": 1128,
    "MatchCountPercent": 100.0
  },
  {
    "BuildPrev": "6.0.2.18850",
    "BuildCur": "6.0.2.18865",
    "RecordCountPrev": 1152,
    "RecordCountCur": 1152,
    "MatchCount": 1152,
    "MatchCountPercent": 100.0
  },
  {
    "BuildPrev": "6.0.2.18865",
    "BuildCur": "6.0.2.18888",
    "RecordCountPrev": 1152,
    "RecordCountCur": 1215,
    "MatchCount": 1151,
    "MatchCountPercent": 99.9132
  },
  {
    "BuildPrev": "6.0.2.18888",
    "BuildCur": "6.0.2.18898",
    "RecordCountPrev": 1215,
    "RecordCountCur": 1218,
    "MatchCount": 1213,
    "MatchCountPercent": 99.8354
  },
  {
    "BuildPrev": "6.0.2.18898",
    "BuildCur": "6.0.2.18909",
    "RecordCountPrev": 1218,
    "RecordCountCur": 1226,
    "MatchCount": 1217,
    "MatchCountPercent": 99.9179
  },
  {
    "BuildPrev": "6.0.2.18909",
    "BuildCur": "6.0.2.18912",
    "RecordCountPrev": 1226,
    "RecordCountCur": 1218,
    "MatchCount": 1217,
    "MatchCountPercent": 99.2659
  },
  {
    "BuildPrev": "6.0.2.18912",
    "BuildCur": "6.0.2.18922",
    "RecordCountPrev": 1218,
    "RecordCountCur": 1226,
    "MatchCount": 1217,
    "MatchCountPercent": 99.9179
  },
  {
    "BuildPrev": "6.0.2.18922",
    "BuildCur": "6.0.2.18927",
    "RecordCountPrev": 1226,
    "RecordCountCur": 1226,
    "MatchCount": 1226,
    "MatchCountPercent": 100.0
  },
  {
    "BuildPrev": "6.0.2.18927",
    "BuildCur": "6.0.2.18934",
    "RecordCountPrev": 1226,
    "RecordCountCur": 1226,
    "MatchCount": 1226,
    "MatchCountPercent": 100.0
  },
  {
    "BuildPrev": "6.0.2.18934",
    "BuildCur": "6.0.2.18935",
    "RecordCountPrev": 1226,
    "RecordCountCur": 1232,
    "MatchCount": 1226,
    "MatchCountPercent": 100.0
  },
  {
    "BuildPrev": "6.0.2.18935",
    "BuildCur": "6.0.2.18950",
    "RecordCountPrev": 1232,
    "RecordCountCur": 1233,
    "MatchCount": 1232,
    "MatchCountPercent": 100.0
  },
  {
    "BuildPrev": "6.0.2.18950",
    "BuildCur": "6.0.2.18965",
    "RecordCountPrev": 1233,
    "RecordCountCur": 1233,
    "MatchCount": 1233,
    "MatchCountPercent": 100.0
  },
  {
    "BuildPrev": "6.0.2.18965",
    "BuildCur": "6.0.2.18967",
    "RecordCountPrev": 1233,
    "RecordCountCur": 1233,
    "MatchCount": 1233,
    "MatchCountPercent": 100.0
  },
  {
    "BuildPrev": "6.0.2.18967",
    "BuildCur": "6.0.2.18973",
    "RecordCountPrev": 1233,
    "RecordCountCur": 1233,
    "MatchCount": 1233,
    "MatchCountPercent": 100.0
  },
  {
    "BuildPrev": "6.0.2.18973",
    "BuildCur": "6.0.2.18982",
    "RecordCountPrev": 1233,
    "RecordCountCur": 1233,
    "MatchCount": 1233,
    "MatchCountPercent": 100.0
  },
  {
    "BuildPrev": "6.0.2.18982",
    "BuildCur": "6.0.2.18983",
    "RecordCountPrev": 1233,
    "RecordCountCur": 1233,
    "MatchCount": 1233,
    "MatchCountPercent": 100.0
  },
  {
    "BuildPrev": "6.0.2.18983",
    "BuildCur": "6.0.2.18986",
    "RecordCountPrev": 1233,
    "RecordCountCur": 1233,
    "MatchCount": 1233,
    "MatchCountPercent": 100.0
  },
  {
    "BuildPrev": "6.0.2.18986",
    "BuildCur": "6.0.2.18988",
    "RecordCountPrev": 1233,
    "RecordCountCur": 1233,
    "MatchCount": 1233,
    "MatchCountPercent": 100.0
  },
  {
    "BuildPrev": "6.0.2.18988",
    "BuildCur": "6.0.2.18989",
    "RecordCountPrev": 1233,
    "RecordCountCur": 1233,
    "MatchCount": 1233,
    "MatchCountPercent": 100.0
  },
  {
    "BuildPrev": "6.0.2.18989",
    "BuildCur": "6.0.2.18996",
    "RecordCountPrev": 1233,
    "RecordCountCur": 1233,
    "MatchCount": 1233,
    "MatchCountPercent": 100.0
  },
  {
    "BuildPrev": "6.0.2.18996",
    "BuildCur": "6.0.2.19000",
    "RecordCountPrev": 1233,
    "RecordCountCur": 1233,
    "MatchCount": 1233,
    "MatchCountPercent": 100.0
  },
  {
    "BuildPrev": "6.0.2.19000",
    "BuildCur": "6.0.2.19005",
    "RecordCountPrev": 1233,
    "RecordCountCur": 1233,
    "MatchCount": 1233,
    "MatchCountPercent": 100.0
  },
  {
    "BuildPrev": "6.0.2.19005",
    "BuildCur": "6.0.2.19041",
    "RecordCountPrev": 1233,
    "RecordCountCur": 1233,
    "MatchCount": 1233,
    "MatchCountPercent": 100.0
  },
  {
    "BuildPrev": "6.0.2.19041",
    "BuildCur": "6.0.3.19057",
    "RecordCountPrev": 1233,
    "RecordCountCur": 1233,
    "MatchCount": 1233,
    "MatchCountPercent": 100.0
  },
  {
    "BuildPrev": "6.0.3.19057",
    "BuildCur": "6.0.3.19078",
    "RecordCountPrev": 1233,
    "RecordCountCur": 1233,
    "MatchCount": 1233,
    "MatchCountPercent": 100.0
  },
  {
    "BuildPrev": "6.0.3.19078",
    "BuildCur": "6.0.3.19085",
    "RecordCountPrev": 1233,
    "RecordCountCur": 1233,
    "MatchCount": 1233,
    "MatchCountPercent": 100.0
  },
  {
    "BuildPrev": "6.0.3.19085",
    "BuildCur": "6.0.3.19175",
    "RecordCountPrev": 1233,
    "RecordCountCur": 1233,
    "MatchCount": 1233,
    "MatchCountPercent": 100.0
  },
  {
    "BuildPrev": "6.0.3.19175",
    "BuildCur": "6.0.3.19200",
    "RecordCountPrev": 1233,
    "RecordCountCur": 1233,
    "MatchCount": 1233,
    "MatchCountPercent": 100.0
  },
  {
    "BuildPrev": "6.0.3.19200",
    "BuildCur": "6.0.3.19342",
    "RecordCountPrev": 1233,
    "RecordCountCur": 1233,
    "MatchCount": 1233,
    "MatchCountPercent": 100.0
  },
  {
    "BuildPrev": "6.0.3.19342",
    "BuildCur": "6.1.0.19445",
    "RecordCountPrev": 1233,
    "RecordCountCur": 1238,
    "MatchCount": 1231,
    "MatchCountPercent": 99.8378
  },
  {
    "BuildPrev": "6.1.0.19445",
    "BuildCur": "6.1.0.19480",
    "RecordCountPrev": 1238,
    "RecordCountCur": 1244,
    "MatchCount": 1238,
    "MatchCountPercent": 100.0
  },
  {
    "BuildPrev": "6.1.0.19480",
    "BuildCur": "6.1.0.19508",
    "RecordCountPrev": 1244,
    "RecordCountCur": 1244,
    "MatchCount": 1244,
    "MatchCountPercent": 100.0
  },
  {
    "BuildPrev": "6.1.0.19508",
    "BuildCur": "6.1.0.19533",
    "RecordCountPrev": 1244,
    "RecordCountCur": 1244,
    "MatchCount": 1244,
    "MatchCountPercent": 100.0
  },
  {
    "BuildPrev": "6.1.0.19533",
    "BuildCur": "6.1.0.19551",
    "RecordCountPrev": 1244,
    "RecordCountCur": 1244,
    "MatchCount": 1244,
    "MatchCountPercent": 100.0
  },
  {
    "BuildPrev": "6.1.0.19551",
    "BuildCur": "6.1.0.19567",
    "RecordCountPrev": 1244,
    "RecordCountCur": 1244,
    "MatchCount": 1244,
    "MatchCountPercent": 100.0
  },
  {
    "BuildPrev": "6.1.0.19567",
    "BuildCur": "6.1.0.19592",
    "RecordCountPrev": 1244,
    "RecordCountCur": 1244,
    "MatchCount": 1244,
    "MatchCountPercent": 100.0
  },
  {
    "BuildPrev": "6.1.0.19592",
    "BuildCur": "6.1.0.19611",
    "RecordCountPrev": 1244,
    "RecordCountCur": 1244,
    "MatchCount": 1244,
    "MatchCountPercent": 100.0
  },
  {
    "BuildPrev": "6.1.0.19611",
    "BuildCur": "6.1.0.19622",
    "RecordCountPrev": 1244,
    "RecordCountCur": 1244,
    "MatchCount": 1244,
    "MatchCountPercent": 100.0
  },
  {
    "BuildPrev": "6.1.0.19622",
    "BuildCur": "6.1.0.19634",
    "RecordCountPrev": 1244,
    "RecordCountCur": 1244,
    "MatchCount": 1244,
    "MatchCountPercent": 100.0
  },
  {
    "BuildPrev": "6.1.0.19634",
    "BuildCur": "6.1.0.19702",
    "RecordCountPrev": 1244,
    "RecordCountCur": 1244,
    "MatchCount": 1244,
    "MatchCountPercent": 100.0
  },
  {
    "BuildPrev": "6.1.0.19702",
    "BuildCur": "6.1.2.19711",
    "RecordCountPrev": 1244,
    "RecordCountCur": 1244,
    "MatchCount": 1244,
    "MatchCountPercent": 100.0
  },
  {
    "BuildPrev": "6.1.2.19711",
    "BuildCur": "6.1.2.19728",
    "RecordCountPrev": 1244,
    "RecordCountCur": 1244,
    "MatchCount": 1244,
    "MatchCountPercent": 100.0
  },
  {
    "BuildPrev": "6.1.2.19728",
    "BuildCur": "6.1.2.19750",
    "RecordCountPrev": 1244,
    "RecordCountCur": 1244,
    "MatchCount": 1244,
    "MatchCountPercent": 100.0
  },
  {
    "BuildPrev": "6.1.2.19750",
    "BuildCur": "6.1.2.19769",
    "RecordCountPrev": 1244,
    "RecordCountCur": 1244,
    "MatchCount": 1244,
    "MatchCountPercent": 100.0
  },
  {
    "BuildPrev": "6.1.2.19769",
    "BuildCur": "6.1.2.19783",
    "RecordCountPrev": 1244,
    "RecordCountCur": 1244,
    "MatchCount": 1244,
    "MatchCountPercent": 100.0
  },
  {
    "BuildPrev": "6.1.2.19783",
    "BuildCur": "6.1.2.19793",
    "RecordCountPrev": 1244,
    "RecordCountCur": 1244,
    "MatchCount": 1244,
    "MatchCountPercent": 100.0
  },
  {
    "BuildPrev": "6.1.2.19793",
    "BuildCur": "6.1.2.19802",
    "RecordCountPrev": 1244,
    "RecordCountCur": 1244,
    "MatchCount": 1244,
    "MatchCountPercent": 100.0
  },
  {
    "BuildPrev": "6.1.2.19802",
    "BuildCur": "6.1.2.19831",
    "RecordCountPrev": 1244,
    "RecordCountCur": 1244,
    "MatchCount": 1244,
    "MatchCountPercent": 100.0
  },
  {
    "BuildPrev": "6.1.2.19831",
    "BuildCur": "6.1.2.19854",
    "RecordCountPrev": 1244,
    "RecordCountCur": 1244,
    "MatchCount": 1244,
    "MatchCountPercent": 100.0
  },
  {
    "BuildPrev": "6.1.2.19854",
    "BuildCur": "6.1.2.19865",
    "RecordCountPrev": 1244,
    "RecordCountCur": 1244,
    "MatchCount": 1244,
    "MatchCountPercent": 100.0
  },
  {
    "BuildPrev": "6.1.2.19865",
    "BuildCur": "6.2.0.19890",
    "RecordCountPrev": 1244,
    "RecordCountCur": 1271,
    "MatchCount": 1244,
    "MatchCountPercent": 100.0
  },
  {
    "BuildPrev": "6.2.0.19890",
    "BuildCur": "6.2.0.19906",
    "RecordCountPrev": 1271,
    "RecordCountCur": 1270,
    "MatchCount": 1269,
    "MatchCountPercent": 99.8426
  },
  {
    "BuildPrev": "6.2.0.19906",
    "BuildCur": "6.2.0.19934",
    "RecordCountPrev": 1270,
    "RecordCountCur": 1271,
    "MatchCount": 1270,
    "MatchCountPercent": 100.0
  },
  {
    "BuildPrev": "6.2.0.19934",
    "BuildCur": "6.2.0.19953",
    "RecordCountPrev": 1271,
    "RecordCountCur": 1272,
    "MatchCount": 1271,
    "MatchCountPercent": 100.0
  },
  {
    "BuildPrev": "6.2.0.19953",
    "BuildCur": "6.2.0.19973",
    "RecordCountPrev": 1272,
    "RecordCountCur": 1276,
    "MatchCount": 1272,
    "MatchCountPercent": 100.0
  },
  {
    "BuildPrev": "6.2.0.19973",
    "BuildCur": "6.2.0.20008",
    "RecordCountPrev": 1276,
    "RecordCountCur": 1277,
    "MatchCount": 1276,
    "MatchCountPercent": 100.0
  },
  {
    "BuildPrev": "6.2.0.20008",
    "BuildCur": "6.2.0.20033",
    "RecordCountPrev": 1277,
    "RecordCountCur": 1277,
    "MatchCount": 1277,
    "MatchCountPercent": 100.0
  },
  {
    "BuildPrev": "6.2.0.20033",
    "BuildCur": "6.2.0.20051",
    "RecordCountPrev": 1277,
    "RecordCountCur": 1277,
    "MatchCount": 1277,
    "MatchCountPercent": 100.0
  },
  {
    "BuildPrev": "6.2.0.20051",
    "BuildCur": "6.2.0.20061",
    "RecordCountPrev": 1277,
    "RecordCountCur": 1278,
    "MatchCount": 1277,
    "MatchCountPercent": 100.0
  },
  {
    "BuildPrev": "6.2.0.20061",
    "BuildCur": "6.2.0.20076",
    "RecordCountPrev": 1278,
    "RecordCountCur": 1278,
    "MatchCount": 1278,
    "MatchCountPercent": 100.0
  },
  {
    "BuildPrev": "6.2.0.20076",
    "BuildCur": "6.2.0.20104",
    "RecordCountPrev": 1278,
    "RecordCountCur": 1278,
    "MatchCount": 1278,
    "MatchCountPercent": 100.0
  },
  {
    "BuildPrev": "6.2.0.20104",
    "BuildCur": "6.2.0.20111",
    "RecordCountPrev": 1278,
    "RecordCountCur": 1278,
    "MatchCount": 1278,
    "MatchCountPercent": 100.0
  },
  {
    "BuildPrev": "6.2.0.20111",
    "BuildCur": "6.2.0.20141",
    "RecordCountPrev": 1278,
    "RecordCountCur": 1278,
    "MatchCount": 1278,
    "MatchCountPercent": 100.0
  },
  {
    "BuildPrev": "6.2.0.20141",
    "BuildCur": "6.2.0.20157",
    "RecordCountPrev": 1278,
    "RecordCountCur": 1278,
    "MatchCount": 1278,
    "MatchCountPercent": 100.0
  },
  {
    "BuildPrev": "6.2.0.20157",
    "BuildCur": "6.2.0.20173",
    "RecordCountPrev": 1278,
    "RecordCountCur": 1278,
    "MatchCount": 1278,
    "MatchCountPercent": 100.0
  },
  {
    "BuildPrev": "6.2.0.20173",
    "BuildCur": "6.2.0.20182",
    "RecordCountPrev": 1278,
    "RecordCountCur": 1278,
    "MatchCount": 1278,
    "MatchCountPercent": 100.0
  },
  {
    "BuildPrev": "6.2.0.20182",
    "BuildCur": "6.2.0.20201",
    "RecordCountPrev": 1278,
    "RecordCountCur": 1278,
    "MatchCount": 1278,
    "MatchCountPercent": 100.0
  },
  {
    "BuildPrev": "6.2.0.20201",
    "BuildCur": "6.2.0.20216",
    "RecordCountPrev": 1278,
    "RecordCountCur": 1278,
    "MatchCount": 1278,
    "MatchCountPercent": 100.0
  },
  {
    "BuildPrev": "6.2.0.20216",
    "BuildCur": "6.2.0.20253",
    "RecordCountPrev": 1278,
    "RecordCountCur": 1278,
    "MatchCount": 1278,
    "MatchCountPercent": 100.0
  },
  {
    "BuildPrev": "6.2.0.20253",
    "BuildCur": "6.2.1.20271",
    "RecordCountPrev": 1278,
    "RecordCountCur": 1278,
    "MatchCount": 1278,
    "MatchCountPercent": 100.0
  },
  {
    "BuildPrev": "6.2.1.20271",
    "BuildCur": "6.2.0.20318",
    "RecordCountPrev": 1278,
    "RecordCountCur": 1278,
    "MatchCount": 1278,
    "MatchCountPercent": 100.0
  },
  {
    "BuildPrev": "6.2.0.20318",
    "BuildCur": "6.2.1.20328",
    "RecordCountPrev": 1278,
    "RecordCountCur": 1278,
    "MatchCount": 1278,
    "MatchCountPercent": 100.0
  },
  {
    "BuildPrev": "6.2.1.20328",
    "BuildCur": "6.2.0.20338",
    "RecordCountPrev": 1278,
    "RecordCountCur": 1278,
    "MatchCount": 1278,
    "MatchCountPercent": 100.0
  },
  {
    "BuildPrev": "6.2.0.20338",
    "BuildCur": "6.2.1.20363",
    "RecordCountPrev": 1278,
    "RecordCountCur": 1278,
    "MatchCount": 1278,
    "MatchCountPercent": 100.0
  },
  {
    "BuildPrev": "6.2.1.20363",
    "BuildCur": "6.2.2.20395",
    "RecordCountPrev": 1278,
    "RecordCountCur": 1286,
    "MatchCount": 1278,
    "MatchCountPercent": 100.0
  },
  {
    "BuildPrev": "6.2.2.20395",
    "BuildCur": "6.2.2.20426",
    "RecordCountPrev": 1286,
    "RecordCountCur": 1286,
    "MatchCount": 1285,
    "MatchCountPercent": 99.9222
  },
  {
    "BuildPrev": "6.2.2.20426",
    "BuildCur": "6.2.2.20438",
    "RecordCountPrev": 1286,
    "RecordCountCur": 1286,
    "MatchCount": 1286,
    "MatchCountPercent": 100.0
  },
  {
    "BuildPrev": "6.2.2.20438",
    "BuildCur": "6.2.2.20444",
    "RecordCountPrev": 1286,
    "RecordCountCur": 1286,
    "MatchCount": 1286,
    "MatchCountPercent": 100.0
  },
  {
    "BuildPrev": "6.2.2.20444",
    "BuildCur": "6.2.2.20490",
    "RecordCountPrev": 1286,
    "RecordCountCur": 1286,
    "MatchCount": 1286,
    "MatchCountPercent": 100.0
  },
  {
    "BuildPrev": "6.2.2.20490",
    "BuildCur": "6.2.2.20574",
    "RecordCountPrev": 1286,
    "RecordCountCur": 1286,
    "MatchCount": 1286,
    "MatchCountPercent": 100.0
  },
  {
    "BuildPrev": "6.2.2.20574",
    "BuildCur": "6.2.3.20601",
    "RecordCountPrev": 1286,
    "RecordCountCur": 1289,
    "MatchCount": 1286,
    "MatchCountPercent": 100.0
  },
  {
    "BuildPrev": "6.2.3.20601",
    "BuildCur": "6.2.3.20655",
    "RecordCountPrev": 1289,
    "RecordCountCur": 1294,
    "MatchCount": 1289,
    "MatchCountPercent": 100.0
  },
  {
    "BuildPrev": "6.2.3.20655",
    "BuildCur": "6.2.3.20691",
    "RecordCountPrev": 1294,
    "RecordCountCur": 1294,
    "MatchCount": 1294,
    "MatchCountPercent": 100.0
  },
  {
    "BuildPrev": "6.2.3.20691",
    "BuildCur": "6.2.3.20716",
    "RecordCountPrev": 1294,
    "RecordCountCur": 1294,
    "MatchCount": 1294,
    "MatchCountPercent": 100.0
  },
  {
    "BuildPrev": "6.2.3.20716",
    "BuildCur": "6.2.3.20726",
    "RecordCountPrev": 1294,
    "RecordCountCur": 1294,
    "MatchCount": 1294,
    "MatchCountPercent": 100.0
  },
  {
    "BuildPrev": "6.2.3.20726",
    "BuildCur": "6.2.4.21028",
    "RecordCountPrev": 1294,
    "RecordCountCur": 1294,
    "MatchCount": 1294,
    "MatchCountPercent": 100.0
  },
  {
    "BuildPrev": "6.2.4.21028",
    "BuildCur": "6.2.4.21047",
    "RecordCountPrev": 1294,
    "RecordCountCur": 1294,
    "MatchCount": 1294,
    "MatchCountPercent": 100.0
  },
  {
    "BuildPrev": "6.2.4.21047",
    "BuildCur": "6.2.4.21105",
    "RecordCountPrev": 1294,
    "RecordCountCur": 1294,
    "MatchCount": 1294,
    "MatchCountPercent": 100.0
  },
  {
    "BuildPrev": "6.2.4.21105",
    "BuildCur": "6.2.4.21160",
    "RecordCountPrev": 1294,
    "RecordCountCur": 1294,
    "MatchCount": 1294,
    "MatchCountPercent": 100.0
  },
  {
    "BuildPrev": "6.2.4.21160",
    "BuildCur": "6.2.4.21210",
    "RecordCountPrev": 1294,
    "RecordCountCur": 1294,
    "MatchCount": 1294,
    "MatchCountPercent": 100.0
  },
  {
    "BuildPrev": "6.2.4.21210",
    "BuildCur": "6.2.4.21220",
    "RecordCountPrev": 1294,
    "RecordCountCur": 1294,
    "MatchCount": 1294,
    "MatchCountPercent": 100.0
  },
  {
    "BuildPrev": "6.2.4.21220",
    "BuildCur": "6.2.4.21253",
    "RecordCountPrev": 1294,
    "RecordCountCur": 1294,
    "MatchCount": 1294,
    "MatchCountPercent": 100.0
  },
  {
    "BuildPrev": "6.2.4.21253",
    "BuildCur": "6.2.4.21274",
    "RecordCountPrev": 1294,
    "RecordCountCur": 1294,
    "MatchCount": 1294,
    "MatchCountPercent": 100.0
  },
  {
    "BuildPrev": "6.2.4.21274",
    "BuildCur": "6.2.4.21315",
    "RecordCountPrev": 1294,
    "RecordCountCur": 1294,
    "MatchCount": 1294,
    "MatchCountPercent": 100.0
  },
  {
    "BuildPrev": "6.2.4.21315",
    "BuildCur": "6.2.4.21336",
    "RecordCountPrev": 1294,
    "RecordCountCur": 1294,
    "MatchCount": 1294,
    "MatchCountPercent": 100.0
  },
  {
    "BuildPrev": "6.2.4.21336",
    "BuildCur": "6.2.4.21355",
    "RecordCountPrev": 1294,
    "RecordCountCur": 1294,
    "MatchCount": 1294,
    "MatchCountPercent": 100.0
  },
  {
    "BuildPrev": "6.2.4.21355",
    "BuildCur": "6.2.4.21676",
    "RecordCountPrev": 1294,
    "RecordCountCur": 1294,
    "MatchCount": 1294,
    "MatchCountPercent": 100.0
  },
  {
    "BuildPrev": "6.2.4.21676",
    "BuildCur": "6.2.4.21742",
    "RecordCountPrev": 1294,
    "RecordCountCur": 1294,
    "MatchCount": 1294,
    "MatchCountPercent": 100.0
  }
]