[
  {
    "BuildPrev": "2.0.0.5610",
    "BuildCur": "2.0.0.5665",
    "RecordCountPrev": 2,
    "RecordCountCur": 2,
    "MatchCount": 2,
    "MatchCountPercent": 100.0
  },
  {
    "BuildPrev": "2.0.0.5665",
    "BuildCur": "2.0.0.5666",
    "RecordCountPrev": 2,
    "RecordCountCur": 2,
    "MatchCount": 2,
    "MatchCountPercent": 100.0
  },
  {
    "BuildPrev": "2.0.0.5666",
    "BuildCur": "2.0.0.5991",
    "RecordCountPrev": 2,
    "RecordCountCur": 2,
    "MatchCount": 2,
    "MatchCountPercent": 100.0
  },
  {
    "BuildPrev": "2.0.0.5991",
    "BuildCur": "2.0.0.6080",
    "RecordCountPrev": 2,
    "RecordCountCur": 2,
    "MatchCount": 2,
    "MatchCountPercent": 100.0
  },
  {
    "BuildPrev": "2.0.0.6080",
    "BuildCur": "2.0.3.6299",
    "RecordCountPrev": 2,
    "RecordCountCur": 2,
    "MatchCount": 2,
    "MatchCountPercent": 100.0
  },
  {
    "BuildPrev": "2.0.3.6299",
    "BuildCur": "2.0.5.6320",
    "RecordCountPrev": 2,
    "RecordCountCur": 2,
    "MatchCount": 2,
    "MatchCountPercent": 100.0
  },
  {
    "BuildPrev": "2.0.5.6320",
    "BuildCur": "2.0.6.6337",
    "RecordCountPrev": 2,
    "RecordCountCur": 2,
    "MatchCount": 2,
    "MatchCountPercent": 100.0
  },
  {
    "BuildPrev": "2.0.6.6337",
    "BuildCur": "2.1.0.6692",
    "RecordCountPrev": 2,
    "RecordCountCur": 2,
    "MatchCount": 2,
    "MatchCountPercent": 100.0
  },
  {
    "BuildPrev": "2.1.0.6692",
    "BuildCur": "2.1.0.6729",
    "RecordCountPrev": 2,
    "RecordCountCur": 2,
    "MatchCount": 2,
    "MatchCountPercent": 100.0
  },
  {
    "BuildPrev": "2.1.0.6729",
    "BuildCur": "2.1.1.6739",
    "RecordCountPrev": 2,
    "RecordCountCur": 2,
    "MatchCount": 2,
    "MatchCountPercent": 100.0
  },
  {
    "BuildPrev": "2.1.1.6739",
    "BuildCur": "2.1.2.6803",
    "RecordCountPrev": 2,
    "RecordCountCur": 2,
    "MatchCount": 2,
    "MatchCountPercent": 100.0
  },
  {
    "BuildPrev": "2.1.2.6803",
    "BuildCur": "2.1.3.6898",
    "RecordCountPrev": 2,
    "RecordCountCur": 2,
    "MatchCount": 2,
    "MatchCountPercent": 100.0
  },
  {
    "BuildPrev": "2.1.3.6898",
    "BuildCur": "2.2.0.7272",
    "RecordCountPrev": 2,
    "RecordCountCur": 2,
    "MatchCount": 2,
    "MatchCountPercent": 100.0
  },
  {
    "BuildPrev": "2.2.0.7272",
    "BuildCur": "2.3.0.7561",
    "RecordCountPrev": 2,
    "RecordCountCur": 2,
    "MatchCount": 2,
    "MatchCountPercent": 100.0
  },
  {
    "BuildPrev": "2.3.0.7561",
    "BuildCur": "2.3.2.7741",
    "RecordCountPrev": 2,
    "RecordCountCur": 2,
    "MatchCount": 2,
    "MatchCountPercent": 100.0
  },
  {
    "BuildPrev": "2.3.2.7741",
    "BuildCur": "2.3.3.7799",
    "RecordCountPrev": 2,
    "RecordCountCur": 2,
    "MatchCount": 2,
    "MatchCountPercent": 100.0
  },
  {
    "BuildPrev": "2.3.3.7799",
    "BuildCur": "2.4.0.8089",
    "RecordCountPrev": 2,
    "RecordCountCur": 2,
    "MatchCount": 2,
    "MatchCountPercent": 100.0
  },
  {
    "BuildPrev": "2.4.0.8089",
    "BuildCur": "2.4.1.8125",
    "RecordCountPrev": 2,
    "RecordCountCur": 2,
    "MatchCount": 2,
    "MatchCountPercent": 100.0
  },
  {
    "BuildPrev": "2.4.1.8125",
    "BuildCur": "2.4.2.8278",
    "RecordCountPrev": 2,
    "RecordCountCur": 2,
    "MatchCount": 2,
    "MatchCountPercent": 100.0
  },
  {
    "BuildPrev": "2.4.2.8278",
    "BuildCur": "2.4.3.8606",
    "RecordCountPrev": 2,
    "RecordCountCur": 2,
    "MatchCount": 2,
    "MatchCountPercent": 100.0
  },
  {
    "BuildPrev": "2.4.3.8606",
    "BuildCur": "3.0.1.8303",
    "RecordCountPrev": 2,
    "RecordCountCur": 2,
    "MatchCount": 2,
    "MatchCountPercent": 100.0
  },
  {
    "BuildPrev": "3.0.1.8303",
    "BuildCur": "3.0.1.8334",
    "RecordCountPrev": 2,
    "RecordCountCur": 2,
    "MatchCount": 2,
    "MatchCountPercent": 100.0
  },
  {
    "BuildPrev": "3.0.1.8334",
    "BuildCur": "3.0.1.8391",
    "RecordCountPrev": 2,
    "RecordCountCur": 2,
    "MatchCount": 2,
    "MatchCountPercent": 100.0
  },
  {
    "BuildPrev": "3.0.1.8391",
    "BuildCur": "3.0.1.8471",
    "RecordCountPrev": 2,
    "RecordCountCur": 2,
    "MatchCount": 2,
    "MatchCountPercent": 100.0
  },
  {
    "BuildPrev": "3.0.1.8471",
    "BuildCur": "3.0.1.8622",
    "RecordCountPrev": 2,
    "RecordCountCur": 2,
    "MatchCount": 2,
    "MatchCountPercent": 100.0
  },
  {
    "BuildPrev": "3.0.1.8622",
    "BuildCur": "3.0.1.8634",
    "RecordCountPrev": 2,
    "RecordCountCur": 2,
    "MatchCount": 2,
    "MatchCountPercent": 100.0
  },
  {
    "BuildPrev": "3.0.1.8634",
    "BuildCur": "3.0.1.8681",
    "RecordCountPrev": 2,
    "RecordCountCur": 2,
    "MatchCount": 2,
    "MatchCountPercent": 100.0
  },
  {
    "BuildPrev": "3.0.1.8681",
    "BuildCur": "3.0.1.8714",
    "RecordCountPrev": 2,
    "RecordCountCur": 2,
    "MatchCount": 2,
    "MatchCountPercent": 100.0
  },
  {
    "BuildPrev": "3.0.1.8714",
    "BuildCur": "3.0.1.8770",
    "RecordCountPrev": 2,
    "RecordCountCur": 2,
    "MatchCount": 2,
    "MatchCountPercent": 100.0
  },
  {
    "BuildPrev": "3.0.1.8770",
    "BuildCur": "3.0.1.8788",
    "RecordCountPrev": 2,
    "RecordCountCur": 2,
    "MatchCount": 2,
    "MatchCountPercent": 100.0
  },
  {
    "BuildPrev": "3.0.1.8788",
    "BuildCur": "3.0.1.8820",
    "RecordCountPrev": 2,
    "RecordCountCur": 2,
    "MatchCount": 2,
    "MatchCountPercent": 100.0
  },
  {
    "BuildPrev": "3.0.1.8820",
    "BuildCur": "3.0.1.8874",
    "RecordCountPrev": 2,
    "RecordCountCur": 2,
    "MatchCount": 2,
    "MatchCountPercent": 100.0
  },
  {
    "BuildPrev": "3.0.1.8874",
    "BuildCur": "3.0.1.8885",
    "RecordCountPrev": 2,
    "RecordCountCur": 2,
    "MatchCount": 2,
    "MatchCountPercent": 100.0
  },
  {
    "BuildPrev": "3.0.1.8885",
    "BuildCur": "3.0.2.9056",
    "RecordCountPrev": 2,
    "RecordCountCur": 2,
    "MatchCount": 2,
    "MatchCountPercent": 100.0
  },
  {
    "BuildPrev": "3.0.2.9056",
    "BuildCur": "3.0.3.9183",
    "RecordCountPrev": 2,
    "RecordCountCur": 2,
    "MatchCount": 2,
    "MatchCountPercent": 100.0
  },
  {
    "BuildPrev": "3.0.3.9183",
    "BuildCur": "3.0.8.9464",
    "RecordCountPrev": 2,
    "RecordCountCur": 2,
    "MatchCount": 2,
    "MatchCountPercent": 100.0
  },
  {
    "BuildPrev": "3.0.8.9464",
    "BuildCur": "3.0.8.9506",
    "RecordCountPrev": 2,
    "RecordCountCur": 2,
    "MatchCount": 2,
    "MatchCountPercent": 100.0
  },
  {
    "BuildPrev": "3.0.8.9506",
    "BuildCur": "3.0.9.9551",
    "RecordCountPrev": 2,
    "RecordCountCur": 2,
    "MatchCount": 2,
    "MatchCountPercent": 100.0
  },
  {
    "BuildPrev": "3.0.9.9551",
    "BuildCur": "3.1.0.9767",
    "RecordCountPrev": 2,
    "RecordCountCur": 2,
    "MatchCount": 2,
    "MatchCountPercent": 100.0
  },
  {
    "BuildPrev": "3.1.0.9767",
    "BuildCur": "3.1.1.9806",
    "RecordCountPrev": 2,
    "RecordCountCur": 2,
    "MatchCount": 2,
    "MatchCountPercent": 100.0
  },
  {
    "BuildPrev": "3.1.1.9806",
    "BuildCur": "3.1.1.9835",
    "RecordCountPrev": 2,
    "RecordCountCur": 2,
    "MatchCount": 2,
    "MatchCountPercent": 100.0
  },
  {
    "BuildPrev": "3.1.1.9835",
    "BuildCur": "3.1.2.9901",
    "RecordCountPrev": 2,
    "RecordCountCur": 2,
    "MatchCount": 2,
    "MatchCountPercent": 100.0
  },
  {
    "BuildPrev": "3.1.2.9901",
    "BuildCur": "3.1.3.9947",
    "RecordCountPrev": 2,
    "RecordCountCur": 2,
    "MatchCount": 2,
    "MatchCountPercent": 100.0
  },
  {
    "BuildPrev": "3.1.3.9947",
    "BuildCur": "3.2.0.10192",
    "RecordCountPrev": 2,
    "RecordCountCur": 2,
    "MatchCount": 2,
    "MatchCountPercent": 100.0
  },
  {
    "BuildPrev": "3.2.0.10192",
    "BuildCur": "3.2.0.10314",
    "RecordCountPrev": 2,
    "RecordCountCur": 2,
    "MatchCount": 2,
    "MatchCountPercent": 100.0
  },
  {
    "BuildPrev": "3.2.0.10314",
    "BuildCur": "3.2.2.10482",
    "RecordCountPrev": 2,
    "RecordCountCur": 2,
    "MatchCount": 2,
    "MatchCountPercent": 100.0
  },
  {
    "BuildPrev": "3.2.2.10482",
    "BuildCur": "3.2.2.10505",
    "RecordCountPrev": 2,
    "RecordCountCur": 2,
    "MatchCount": 2,
    "MatchCountPercent": 100.0
  },
  {
    "BuildPrev": "3.2.2.10505",
    "BuildCur": "3.3.0.10958",
    "RecordCountPrev": 2,
    "RecordCountCur": 2,
    "MatchCount": 2,
    "MatchCountPercent": 100.0
  },
  {
    "BuildPrev": "3.3.0.10958",
    "BuildCur": "3.3.0.11159",
    "RecordCountPrev": 2,
    "RecordCountCur": 2,
    "MatchCount": 2,
    "MatchCountPercent": 100.0
  },
  {
    "BuildPrev": "3.3.0.11159",
    "BuildCur": "3.3.2.11403",
    "RecordCountPrev": 2,
    "RecordCountCur": 2,
    "MatchCount": 2,
    "MatchCountPercent": 100.0
  },
  {
    "BuildPrev": "3.3.2.11403",
    "BuildCur": "3.3.3.11685",
    "RecordCountPrev": 2,
    "RecordCountCur": 2,
    "MatchCount": 2,
    "MatchCountPercent": 100.0
  },
  {
    "BuildPrev": "3.3.3.11685",
    "BuildCur": "3.3.3.11723",
    "RecordCountPrev": 2,
    "RecordCountCur": 2,
    "MatchCount": 2,
    "MatchCountPercent": 100.0
  },
  {
    "BuildPrev": "3.3.3.11723",
    "BuildCur": "3.3.5.12213",
    "RecordCountPrev": 2,
    "RecordCountCur": 2,
    "MatchCount": 2,
    "MatchCountPercent": 100.0
  },
  {
    "BuildPrev": "3.3.5.12213",
    "BuildCur": "3.3.5.12340",
    "RecordCountPrev": 2,
    "RecordCountCur": 2,
    "MatchCount": 2,
    "MatchCountPercent": 100.0
  },
  {
    "BuildPrev": "3.3.5.12340",
    "BuildCur": "4.0.0.11927",
    "RecordCountPrev": 2,
    "RecordCountCur": 2,
    "MatchCount": 2,
    "MatchCountPercent": 100.0
  },
  {
    "BuildPrev": "4.0.0.11927",
    "BuildCur": "4.0.0.12025",
    "RecordCountPrev": 2,
    "RecordCountCur": 2,
    "MatchCount": 2,
    "MatchCountPercent": 100.0
  },
  {
    "BuildPrev": "4.0.0.12025",
    "BuildCur": "4.0.0.12065",
    "RecordCountPrev": 2,
    "RecordCountCur": 2,
    "MatchCount": 2,
    "MatchCountPercent": 100.0
  },
  {
    "BuildPrev": "4.0.0.12065",
    "BuildCur": "4.0.0.12122",
    "RecordCountPrev": 2,
    "RecordCountCur": 2,
    "MatchCount": 2,
    "MatchCountPercent": 100.0
  },
  {
    "BuildPrev": "4.0.0.12122",
    "BuildCur": "4.0.0.12164",
    "RecordCountPrev": 2,
    "RecordCountCur": 2,
    "MatchCount": 2,
    "MatchCountPercent": 100.0
  },
  {
    "BuildPrev": "4.0.0.12164",
    "BuildCur": "4.0.0.12232",
    "RecordCountPrev": 2,
    "RecordCountCur": 2,
    "MatchCount": 2,
    "MatchCountPercent": 100.0
  },
  {
    "BuildPrev": "4.0.0.12232",
    "BuildCur": "4.0.0.12266",
    "RecordCountPrev": 2,
    "RecordCountCur": 2,
    "MatchCount": 2,
    "MatchCountPercent": 100.0
  },
  {
    "BuildPrev": "4.0.0.12266",
    "BuildCur": "4.0.0.12319",
    "RecordCountPrev": 2,
    "RecordCountCur": 2,
    "MatchCount": 2,
    "MatchCountPercent": 100.0
  },
  {
    "BuildPrev": "4.0.0.12319",
    "BuildCur": "4.0.0.12911",
    "RecordCountPrev": 2,
    "RecordCountCur": 2,
    "MatchCount": 2,
    "MatchCountPercent": 100.0
  },
  {
    "BuildPrev": "4.0.0.12911",
    "BuildCur": "4.0.1.13164",
    "RecordCountPrev": 2,
    "RecordCountCur": 2,
    "MatchCount": 2,
    "MatchCountPercent": 100.0
  },
  {
    "BuildPrev": "4.0.1.13164",
    "BuildCur": "",
    "RecordCountPrev": 2,
    "RecordCountCur": 2,
    "MatchCount": 2,
    "MatchCountPercent": 100.0
  },
  {
    "BuildPrev": "",
    "BuildCur": "4.0.3.13287",
    "RecordCountPrev": 2,
    "RecordCountCur": 2,
    "MatchCount": 2,
    "MatchCountPercent": 100.0
  },
  {
    "BuildPrev": "4.0.3.13287",
    "BuildCur": "",
    "RecordCountPrev": 2,
    "RecordCountCur": 2,
    "MatchCount": 2,
    "MatchCountPercent": 100.0
  },
  {
    "BuildPrev": "",
    "BuildCur": "4.0.6.13596",
    "RecordCountPrev": 2,
    "RecordCountCur": 2,
    "MatchCount": 2,
    "MatchCountPercent": 100.0
  },
  {
    "BuildPrev": "4.0.6.13596",
    "BuildCur": "",
    "RecordCountPrev": 2,
    "RecordCountCur": 2,
    "MatchCount": 2,
    "MatchCountPercent": 100.0
  },
  {
    "BuildPrev": "",
    "BuildCur": "4.1.0.13914",
    "RecordCountPrev": 2,
    "RecordCountCur": 2,
    "MatchCount": 2,
    "MatchCountPercent": 100.0
  },
  {
    "BuildPrev": "4.1.0.13914",
    "BuildCur": "",
    "RecordCountPrev": 2,
    "RecordCountCur": 2,
    "MatchCount": 2,
    "MatchCountPercent": 100.0
  },
  {
    "BuildPrev": "",
    "BuildCur": "4.2.0.14333",
    "RecordCountPrev": 2,
    "RecordCountCur": 2,
    "MatchCount": 2,
    "MatchCountPercent": 100.0
  },
  {
    "BuildPrev": "4.2.0.14333",
    "BuildCur": "",
    "RecordCountPrev": 2,
    "RecordCountCur": 2,
    "MatchCount": 2,
    "MatchCountPercent": 100.0
  },
  {
    "BuildPrev": "",
    "BuildCur": "4.2.2.14545",
    "RecordCountPrev": 2,
    "RecordCountCur": 2,
    "MatchCount": 2,
    "MatchCountPercent": 100.0
  },
  {
    "BuildPrev": "4.2.2.14545",
    "BuildCur": "4.3.0.15005",
    "RecordCountPrev": 2,
    "RecordCountCur": 2,
    "MatchCount": 2,
    "MatchCountPercent": 100.0
  },
  {
    "BuildPrev": "4.3.0.15005",
    "BuildCur": "",
    "RecordCountPrev": 2,
    "RecordCountCur": 2,
    "MatchCount": 2,
    "MatchCountPercent": 100.0
  },
  {
    "BuildPrev": "",
    "BuildCur": "4.3.2.15211",
    "RecordCountPrev": 2,
    "RecordCountCur": 2,
    "MatchCount": 2,
    "MatchCountPercent": 100.0
  },
  {
    "BuildPrev": "4.3.2.15211",
    "BuildCur": "4.3.3.15354",
    "RecordCountPrev": 2,
    "RecordCountCur": 2,
    "MatchCount": 2,
    "MatchCountPercent": 100.0
  },
  {
    "BuildPrev": "4.3.3.15354",
    "BuildCur": "4.3.4.15595",
    "RecordCountPrev": 2,
    "RecordCountCur": 2,
    "MatchCount": 2,
    "MatchCountPercent": 100.0
  }
]