[
  {
    "BuildPrev": "0.5.3.3368",
    "BuildCur": "0.5.5.3494",
    "RecordCountPrev": 33,
    "RecordCountCur": 33,
    "MatchCount": 33,
    "MatchCountPercent": 100.0
  },
  {
    "BuildPrev": "0.5.5.3494",
    "BuildCur": "0.6.0.3592",
    "RecordCountPrev": 33,
    "RecordCountCur": 33,
    "MatchCount": 33,
    "MatchCountPercent": 100.0
  },
  {
    "BuildPrev": "0.6.0.3592",
    "BuildCur": "0.7.0.3694",
    "RecordCountPrev": 33,
    "RecordCountCur": 33,
    "MatchCount": 33,
    "MatchCountPercent": 100.0
  },
  {
    "BuildPrev": "0.7.0.3694",
    "BuildCur": "0.7.1.3702",
    "RecordCountPrev": 33,
    "RecordCountCur": 33,
    "MatchCount": 33,
    "MatchCountPercent": 100.0
  },
  {
    "BuildPrev": "0.7.1.3702",
    "BuildCur": "0.7.6.3712",
    "RecordCountPrev": 33,
    "RecordCountCur": 33,
    "MatchCount": 33,
    "MatchCountPercent": 100.0
  },
  {
    "BuildPrev": "0.7.6.3712",
    "BuildCur": "0.8.0.3734",
    "RecordCountPrev": 33,
    "RecordCountCur": 33,
    "MatchCount": 33,
    "MatchCountPercent": 100.0
  },
  {
    "BuildPrev": "0.8.0.3734",
    "BuildCur": "0.9.0.3807",
    "RecordCountPrev": 33,
    "RecordCountCur": 33,
    "MatchCount": 33,
    "MatchCountPercent": 100.0
  },
  {
    "BuildPrev": "0.9.0.3807",
    "BuildCur": "0.9.1.3810",
    "RecordCountPrev": 33,
    "RecordCountCur": 33,
    "MatchCount": 33,
    "MatchCountPercent": 100.0
  },
  {
    "BuildPrev": "0.9.1.3810",
    "BuildCur": "0.10.0.3892",
    "RecordCountPrev": 33,
    "RecordCountCur": 33,
    "MatchCount": 33,
    "MatchCountPercent": 100.0
  },
  {
    "BuildPrev": "0.10.0.3892",
    "BuildCur": "0.11.0.3925",
    "RecordCountPrev": 33,
    "RecordCountCur": 33,
    "MatchCount": 33,
    "MatchCountPercent": 100.0
  },
  {
    "BuildPrev": "0.11.0.3925",
    "BuildCur": "0.12.0.3988",
    "RecordCountPrev": 33,
    "RecordCountCur": 33,
    "MatchCount": 33,
    "MatchCountPercent": 100.0
  },
  {
    "BuildPrev": "0.12.0.3988",
    "BuildCur": "1.0.0.3980",
    "RecordCountPrev": 33,
    "RecordCountCur": 33,
    "MatchCount": 33,
    "MatchCountPercent": 100.0
  },
  {
    "BuildPrev": "1.0.0.3980",
    "BuildCur": "1.1.2.4125",
    "RecordCountPrev": 33,
    "RecordCountCur": 33,
    "MatchCount": 33,
    "MatchCountPercent": 100.0
  },
  {
    "BuildPrev": "1.1.2.4125",
    "BuildCur": "1.2.0.4147",
    "RecordCountPrev": 33,
    "RecordCountCur": 33,
    "MatchCount": 33,
    "MatchCountPercent": 100.0
  },
  {
    "BuildPrev": "1.2.0.4147",
    "BuildCur": "1.2.2.4196",
    "RecordCountPrev": 33,
    "RecordCountCur": 33,
    "MatchCount": 33,
    "MatchCountPercent": 100.0
  },
  {
    "BuildPrev": "1.2.2.4196",
    "BuildCur": "1.2.3.4211",
    "RecordCountPrev": 33,
    "RecordCountCur": 33,
    "MatchCount": 33,
    "MatchCountPercent": 100.0
  },
  {
    "BuildPrev": "1.2.3.4211",
    "BuildCur": "1.2.4.4222",
    "RecordCountPrev": 33,
    "RecordCountCur": 33,
    "MatchCount": 33,
    "MatchCountPercent": 100.0
  },
  {
    "BuildPrev": "1.2.4.4222",
    "BuildCur": "1.3.0.4284",
    "RecordCountPrev": 33,
    "RecordCountCur": 33,
    "MatchCount": 33,
    "MatchCountPercent": 100.0
  },
  {
    "BuildPrev": "1.3.0.4284",
    "BuildCur": "1.4.0.4341",
    "RecordCountPrev": 33,
    "RecordCountCur": 33,
    "MatchCount": 33,
    "MatchCountPercent": 100.0
  },
  {
    "BuildPrev": "1.4.0.4341",
    "BuildCur": "1.4.1.4364",
    "RecordCountPrev": 33,
    "RecordCountCur": 33,
    "MatchCount": 33,
    "MatchCountPercent": 100.0
  },
  {
    "BuildPrev": "1.4.1.4364",
    "BuildCur": "1.4.2.4375",
    "RecordCountPrev": 33,
    "RecordCountCur": 33,
    "MatchCount": 33,
    "MatchCountPercent": 100.0
  },
  {
    "BuildPrev": "1.4.2.4375",
    "BuildCur": "1.5.0.4442",
    "RecordCountPrev": 33,
    "RecordCountCur": 33,
    "MatchCount": 33,
    "MatchCountPercent": 100.0
  },
  {
    "BuildPrev": "1.5.0.4442",
    "BuildCur": "1.5.1.4449",
    "RecordCountPrev": 33,
    "RecordCountCur": 33,
    "MatchCount": 33,
    "MatchCountPercent": 100.0
  },
  {
    "BuildPrev": "1.5.1.4449",
    "BuildCur": "1.6.0.4500",
    "RecordCountPrev": 33,
    "RecordCountCur": 33,
    "MatchCount": 33,
    "MatchCountPercent": 100.0
  },
  {
    "BuildPrev": "1.6.0.4500",
    "BuildCur": "1.6.1.4544",
    "RecordCountPrev": 33,
    "RecordCountCur": 33,
    "MatchCount": 33,
    "MatchCountPercent": 100.0
  },
  {
    "BuildPrev": "1.6.1.4544",
    "BuildCur": "1.7.0.4671",
    "RecordCountPrev": 33,
    "RecordCountCur": 33,
    "MatchCount": 33,
    "MatchCountPercent": 100.0
  },
  {
    "BuildPrev": "1.7.0.4671",
    "BuildCur": "1.7.1.4695",
    "RecordCountPrev": 33,
    "RecordCountCur": 33,
    "MatchCount": 33,
    "MatchCountPercent": 100.0
  },
  {
    "BuildPrev": "1.7.1.4695",
    "BuildCur": "1.8.0.4714",
    "RecordCountPrev": 33,
    "RecordCountCur": 33,
    "MatchCount": 33,
    "MatchCountPercent": 100.0
  },
  {
    "BuildPrev": "1.8.0.4714",
    "BuildCur": "1.8.0.4735",
    "RecordCountPrev": 33,
    "RecordCountCur": 33,
    "MatchCount": 33,
    "MatchCountPercent": 100.0
  },
  {
    "BuildPrev": "1.8.0.4735",
    "BuildCur": "1.8.1.4769",
    "RecordCountPrev": 33,
    "RecordCountCur": 33,
    "MatchCount": 33,
    "MatchCountPercent": 100.0
  },
  {
    "BuildPrev": "1.8.1.4769",
    "BuildCur": "1.8.4.4878",
    "RecordCountPrev": 33,
    "RecordCountCur": 33,
    "MatchCount": 33,
    "MatchCountPercent": 100.0
  },
  {
    "BuildPrev": "1.8.4.4878",
    "BuildCur": "1.9.0.4937",
    "RecordCountPrev": 33,
    "RecordCountCur": 33,
    "MatchCount": 33,
    "MatchCountPercent": 100.0
  },
  {
    "BuildPrev": "1.9.0.4937",
    "BuildCur": "1.9.1.4983",
    "RecordCountPrev": 33,
    "RecordCountCur": 33,
    "MatchCount": 33,
    "MatchCountPercent": 100.0
  },
  {
    "BuildPrev": "1.9.1.4983",
    "BuildCur": "1.9.2.4996",
    "RecordCountPrev": 33,
    "RecordCountCur": 33,
    "MatchCount": 33,
    "MatchCountPercent": 100.0
  },
  {
    "BuildPrev": "1.9.2.4996",
    "BuildCur": "1.9.3.5059",
    "RecordCountPrev": 33,
    "RecordCountCur": 33,
    "MatchCount": 33,
    "MatchCountPercent": 100.0
  },
  {
    "BuildPrev": "1.9.3.5059",
    "BuildCur": "1.9.4.5086",
    "RecordCountPrev": 33,
    "RecordCountCur": 33,
    "MatchCount": 33,
    "MatchCountPercent": 100.0
  },
  {
    "BuildPrev": "1.9.4.5086",
    "BuildCur": "1.10.0.5195",
    "RecordCountPrev": 33,
    "RecordCountCur": 33,
    "MatchCount": 33,
    "MatchCountPercent": 100.0
  },
  {
    "BuildPrev": "1.10.0.5195",
    "BuildCur": "1.10.1.5230",
    "RecordCountPrev": 33,
    "RecordCountCur": 33,
    "MatchCount": 33,
    "MatchCountPercent": 100.0
  },
  {
    "BuildPrev": "1.10.1.5230",
    "BuildCur": "1.10.2.5302",
    "RecordCountPrev": 33,
    "RecordCountCur": 33,
    "MatchCount": 33,
    "MatchCountPercent": 100.0
  },
  {
    "BuildPrev": "1.10.2.5302",
    "BuildCur": "1.11.0.5344",
    "RecordCountPrev": 33,
    "RecordCountCur": 33,
    "MatchCount": 33,
    "MatchCountPercent": 100.0
  },
  {
    "BuildPrev": "1.11.0.5344",
    "BuildCur": "1.11.0.5428",
    "RecordCountPrev": 33,
    "RecordCountCur": 33,
    "MatchCount": 33,
    "MatchCountPercent": 100.0
  },
  {
    "BuildPrev": "1.11.0.5428",
    "BuildCur": "1.11.1.5462",
    "RecordCountPrev": 33,
    "RecordCountCur": 33,
    "MatchCount": 33,
    "MatchCountPercent": 100.0
  },
  {
    "BuildPrev": "1.11.1.5462",
    "BuildCur": "1.11.2.5464",
    "RecordCountPrev": 33,
    "RecordCountCur": 33,
    "MatchCount": 33,
    "MatchCountPercent": 100.0
  },
  {
    "BuildPrev": "1.11.2.5464",
    "BuildCur": "1.12.0.5595",
    "RecordCountPrev": 33,
    "RecordCountCur": 33,
    "MatchCount": 33,
    "MatchCountPercent": 100.0
  },
  {
    "BuildPrev": "1.12.0.5595",
    "BuildCur": "1.12.1.5875",
    "RecordCountPrev": 33,
    "RecordCountCur": 33,
    "MatchCount": 33,
    "MatchCountPercent": 100.0
  },
  {
    "BuildPrev": "1.12.1.5875",
    "BuildCur": "1.12.2.6005",
    "RecordCountPrev": 33,
    "RecordCountCur": 33,
    "MatchCount": 33,
    "MatchCountPercent": 100.0
  },
  {
    "BuildPrev": "1.12.2.6005",
    "BuildCur": "2.0.0.5610",
    "RecordCountPrev": 33,
    "RecordCountCur": 33,
    "MatchCount": 33,
    "MatchCountPercent": 100.0
  },
  {
    "BuildPrev": "2.0.0.5610",
    "BuildCur": "2.0.0.5665",
    "RecordCountPrev": 33,
    "RecordCountCur": 33,
    "MatchCount": 33,
    "MatchCountPercent": 100.0
  },
  {
    "BuildPrev": "2.0.0.5665",
    "BuildCur": "2.0.0.5666",
    "RecordCountPrev": 33,
    "RecordCountCur": 33,
    "MatchCount": 33,
    "MatchCountPercent": 100.0
  },
  {
    "BuildPrev": "2.0.0.5666",
    "BuildCur": "2.0.0.5991",
    "RecordCountPrev": 33,
    "RecordCountCur": 33,
    "MatchCount": 33,
    "MatchCountPercent": 100.0
  },
  {
    "BuildPrev": "2.0.0.5991",
    "BuildCur": "2.0.0.6080",
    "RecordCountPrev": 33,
    "RecordCountCur": 33,
    "MatchCount": 33,
    "MatchCountPercent": 100.0
  },
  {
    "BuildPrev": "2.0.0.6080",
    "BuildCur": "2.0.3.6299",
    "RecordCountPrev": 33,
    "RecordCountCur": 33,
    "MatchCount": 33,
    "MatchCountPercent": 100.0
  },
  {
    "BuildPrev": "2.0.3.6299",
    "BuildCur": "2.0.5.6320",
    "RecordCountPrev": 33,
    "RecordCountCur": 33,
    "MatchCount": 33,
    "MatchCountPercent": 100.0
  },
  {
    "BuildPrev": "2.0.5.6320",
    "BuildCur": "2.0.6.6337",
    "RecordCountPrev": 33,
    "RecordCountCur": 33,
    "MatchCount": 33,
    "MatchCountPercent": 100.0
  },
  {
    "BuildPrev": "2.0.6.6337",
    "BuildCur": "2.1.0.6692",
    "RecordCountPrev": 33,
    "RecordCountCur": 33,
    "MatchCount": 33,
    "MatchCountPercent": 100.0
  },
  {
    "BuildPrev": "2.1.0.6692",
    "BuildCur": "2.1.0.6729",
    "RecordCountPrev": 33,
    "RecordCountCur": 33,
    "MatchCount": 33,
    "MatchCountPercent": 100.0
  },
  {
    "BuildPrev": "2.1.0.6729",
    "BuildCur": "2.1.1.6739",
    "RecordCountPrev": 33,
    "RecordCountCur": 33,
    "MatchCount": 33,
    "MatchCountPercent": 100.0
  },
  {
    "BuildPrev": "2.1.1.6739",
    "BuildCur": "2.1.2.6803",
    "RecordCountPrev": 33,
    "RecordCountCur": 33,
    "MatchCount": 33,
    "MatchCountPercent": 100.0
  },
  {
    "BuildPrev": "2.1.2.6803",
    "BuildCur": "2.1.3.6898",
    "RecordCountPrev": 33,
    "RecordCountCur": 33,
    "MatchCount": 33,
    "MatchCountPercent": 100.0
  },
  {
    "BuildPrev": "2.1.3.6898",
    "BuildCur": "2.2.0.7272",
    "RecordCountPrev": 33,
    "RecordCountCur": 33,
    "MatchCount": 33,
    "MatchCountPercent": 100.0
  },
  {
    "BuildPrev": "2.2.0.7272",
    "BuildCur": "2.3.0.7561",
    "RecordCountPrev": 33,
    "RecordCountCur": 33,
    "MatchCount": 33,
    "MatchCountPercent": 100.0
  },
  {
    "BuildPrev": "2.3.0.7561",
    "BuildCur": "2.3.2.7741",
    "RecordCountPrev": 33,
    "RecordCountCur": 33,
    "MatchCount": 33,
    "MatchCountPercent": 100.0
  },
  {
    "BuildPrev": "2.3.2.7741",
    "BuildCur": "2.3.3.7799",
    "RecordCountPrev": 33,
    "RecordCountCur": 33,
    "MatchCount": 33,
    "MatchCountPercent": 100.0
  },
  {
    "BuildPrev": "2.3.3.7799",
    "BuildCur": "2.4.0.8089",
    "RecordCountPrev": 33,
    "RecordCountCur": 33,
    "MatchCount": 33,
    "MatchCountPercent": 100.0
  },
  {
    "BuildPrev": "2.4.0.8089",
    "BuildCur": "2.4.1.8125",
    "RecordCountPrev": 33,
    "RecordCountCur": 33,
    "MatchCount": 33,
    "MatchCountPercent": 100.0
  },
  {
    "BuildPrev": "2.4.1.8125",
    "BuildCur": "2.4.2.8278",
    "RecordCountPrev": 33,
    "RecordCountCur": 33,
    "MatchCount": 33,
    "MatchCountPercent": 100.0
  },
  {
    "BuildPrev": "2.4.2.8278",
    "BuildCur": "2.4.3.8606",
    "RecordCountPrev": 33,
    "RecordCountCur": 33,
    "MatchCount": 33,
    "MatchCountPercent": 100.0
  },
  {
    "BuildPrev": "2.4.3.8606",
    "BuildCur": "3.0.1.8303",
    "RecordCountPrev": 33,
    "RecordCountCur": 33,
    "MatchCount": 33,
    "MatchCountPercent": 100.0
  },
  {
    "BuildPrev": "3.0.1.8303",
    "BuildCur": "3.0.1.8334",
    "RecordCountPrev": 33,
    "RecordCountCur": 33,
    "MatchCount": 33,
    "MatchCountPercent": 100.0
  },
  {
    "BuildPrev": "3.0.1.8334",
    "BuildCur": "3.0.1.8391",
    "RecordCountPrev": 33,
    "RecordCountCur": 33,
    "MatchCount": 33,
    "MatchCountPercent": 100.0
  },
  {
    "BuildPrev": "3.0.1.8391",
    "BuildCur": "3.0.1.8471",
    "RecordCountPrev": 33,
    "RecordCountCur": 33,
    "MatchCount": 33,
    "MatchCountPercent": 100.0
  },
  {
    "BuildPrev": "3.0.1.8471",
    "BuildCur": "3.0.1.8622",
    "RecordCountPrev": 33,
    "RecordCountCur": 33,
    "MatchCount": 33,
    "MatchCountPercent": 100.0
  },
  {
    "BuildPrev": "3.0.1.8622",
    "BuildCur": "3.0.1.8634",
    "RecordCountPrev": 33,
    "RecordCountCur": 33,
    "MatchCount": 33,
    "MatchCountPercent": 100.0
  },
  {
    "BuildPrev": "3.0.1.8634",
    "BuildCur": "3.0.1.8681",
    "RecordCountPrev": 33,
    "RecordCountCur": 33,
    "MatchCount": 33,
    "MatchCountPercent": 100.0
  },
  {
    "BuildPrev": "3.0.1.8681",
    "BuildCur": "3.0.1.8714",
    "RecordCountPrev": 33,
    "RecordCountCur": 33,
    "MatchCount": 33,
    "MatchCountPercent": 100.0
  },
  {
    "BuildPrev": "3.0.1.8714",
    "BuildCur": "3.0.1.8770",
    "RecordCountPrev": 33,
    "RecordCountCur": 33,
    "MatchCount": 33,
    "MatchCountPercent": 100.0
  },
  {
    "BuildPrev": "3.0.1.8770",
    "BuildCur": "3.0.1.8788",
    "RecordCountPrev": 33,
    "RecordCountCur": 33,
    "MatchCount": 33,
    "MatchCountPercent": 100.0
  },
  {
    "BuildPrev": "3.0.1.8788",
    "BuildCur": "3.0.1.8820",
    "RecordCountPrev": 33,
    "RecordCountCur": 33,
    "MatchCount": 33,
    "MatchCountPercent": 100.0
  },
  {
    "BuildPrev": "3.0.1.8820",
    "BuildCur": "3.0.1.8874",
    "RecordCountPrev": 33,
    "RecordCountCur": 33,
    "MatchCount": 33,
    "MatchCountPercent": 100.0
  },
  {
    "BuildPrev": "3.0.1.8874",
    "BuildCur": "3.0.1.8885",
    "RecordCountPrev": 33,
    "RecordCountCur": 33,
    "MatchCount": 33,
    "MatchCountPercent": 100.0
  },
  {
    "BuildPrev": "3.0.1.8885",
    "BuildCur": "3.0.2.9056",
    "RecordCountPrev": 33,
    "RecordCountCur": 33,
    "MatchCount": 33,
    "MatchCountPercent": 100.0
  },
  {
    "BuildPrev": "3.0.2.9056",
    "BuildCur": "3.0.3.9183",
    "RecordCountPrev": 33,
    "RecordCountCur": 33,
    "MatchCount": 33,
    "MatchCountPercent": 100.0
  },
  {
    "BuildPrev": "3.0.3.9183",
    "BuildCur": "3.0.8.9464",
    "RecordCountPrev": 33,
    "RecordCountCur": 33,
    "MatchCount": 33,
    "MatchCountPercent": 100.0
  },
  {
    "BuildPrev": "3.0.8.9464",
    "BuildCur": "3.0.8.9506",
    "RecordCountPrev": 33,
    "RecordCountCur": 33,
    "MatchCount": 33,
    "MatchCountPercent": 100.0
  },
  {
    "BuildPrev": "3.0.8.9506",
    "BuildCur": "3.0.9.9551",
    "RecordCountPrev": 33,
    "RecordCountCur": 33,
    "MatchCount": 33,
    "MatchCountPercent": 100.0
  },
  {
    "BuildPrev": "3.0.9.9551",
    "BuildCur": "3.1.0.9767",
    "RecordCountPrev": 33,
    "RecordCountCur": 33,
    "MatchCount": 33,
    "MatchCountPercent": 100.0
  },
  {
    "BuildPrev": "3.1.0.9767",
    "BuildCur": "3.1.1.9806",
    "RecordCountPrev": 33,
    "RecordCountCur": 33,
    "MatchCount": 33,
    "MatchCountPercent": 100.0
  },
  {
    "BuildPrev": "3.1.1.9806",
    "BuildCur": "3.1.1.9835",
    "RecordCountPrev": 33,
    "RecordCountCur": 33,
    "MatchCount": 33,
    "MatchCountPercent": 100.0
  },
  {
    "BuildPrev": "3.1.1.9835",
    "BuildCur": "3.1.2.9901",
    "RecordCountPrev": 33,
    "RecordCountCur": 33,
    "MatchCount": 33,
    "MatchCountPercent": 100.0
  },
  {
    "BuildPrev": "3.1.2.9901",
    "BuildCur": "3.1.3.9947",
    "RecordCountPrev": 33,
    "RecordCountCur": 33,
    "MatchCount": 33,
    "MatchCountPercent": 100.0
  },
  {
    "BuildPrev": "3.1.3.9947",
    "BuildCur": "3.2.0.10192",
    "RecordCountPrev": 33,
    "RecordCountCur": 33,
    "MatchCount": 33,
    "MatchCountPercent": 100.0
  },
  {
    "BuildPrev": "3.2.0.10192",
    "BuildCur": "3.2.0.10314",
    "RecordCountPrev": 33,
    "RecordCountCur": 33,
    "MatchCount": 33,
    "MatchCountPercent": 100.0
  },
  {
    "BuildPrev": "3.2.0.10314",
    "BuildCur": "3.2.2.10482",
    "RecordCountPrev": 33,
    "RecordCountCur": 33,
    "MatchCount": 33,
    "MatchCountPercent": 100.0
  },
  {
    "BuildPrev": "3.2.2.10482",
    "BuildCur": "3.2.2.10505",
    "RecordCountPrev": 33,
    "RecordCountCur": 33,
    "MatchCount": 33,
    "MatchCountPercent": 100.0
  },
  {
    "BuildPrev": "3.2.2.10505",
    "BuildCur": "3.3.0.10958",
    "RecordCountPrev": 33,
    "RecordCountCur": 33,
    "MatchCount": 33,
    "MatchCountPercent": 100.0
  },
  {
    "BuildPrev": "3.3.0.10958",
    "BuildCur": "3.3.0.11159",
    "RecordCountPrev": 33,
    "RecordCountCur": 33,
    "MatchCount": 33,
    "MatchCountPercent": 100.0
  },
  {
    "BuildPrev": "3.3.0.11159",
    "BuildCur": "3.3.2.11403",
    "RecordCountPrev": 33,
    "RecordCountCur": 33,
    "MatchCount": 33,
    "MatchCountPercent": 100.0
  },
  {
    "BuildPrev": "3.3.2.11403",
    "BuildCur": "3.3.3.11685",
    "RecordCountPrev": 33,
    "RecordCountCur": 33,
    "MatchCount": 33,
    "MatchCountPercent": 100.0
  },
  {
    "BuildPrev": "3.3.3.11685",
    "BuildCur": "3.3.3.11723",
    "RecordCountPrev": 33,
    "RecordCountCur": 33,
    "MatchCount": 33,
    "MatchCountPercent": 100.0
  },
  {
    "BuildPrev": "3.3.3.11723",
    "BuildCur": "3.3.5.12213",
    "RecordCountPrev": 33,
    "RecordCountCur": 33,
    "MatchCount": 33,
    "MatchCountPercent": 100.0
  },
  {
    "BuildPrev": "3.3.5.12213",
    "BuildCur": "3.3.5.12340",
    "RecordCountPrev": 33,
    "RecordCountCur": 33,
    "MatchCount": 33,
    "MatchCountPercent": 100.0
  }
]