[
  {
    "BuildPrev": "3.2.0.10192",
    "BuildCur": "3.2.0.10314",
    "RecordCountPrev": 99,
    "RecordCountCur": 99,
    "MatchCount": 99,
    "MatchCountPercent": 100.0
  },
  {
    "BuildPrev": "3.2.0.10314",
    "BuildCur": "3.2.2.10482",
    "RecordCountPrev": 99,
    "RecordCountCur": 116,
    "MatchCount": 99,
    "MatchCountPercent": 100.0
  },
  {
    "BuildPrev": "3.2.2.10482",
    "BuildCur": "3.2.2.10505",
    "RecordCountPrev": 116,
    "RecordCountCur": 116,
    "MatchCount": 116,
    "MatchCountPercent": 100.0
  },
  {
    "BuildPrev": "3.2.2.10505",
    "BuildCur": "3.3.0.10958",
    "RecordCountPrev": 116,
    "RecordCountCur": 501,
    "MatchCount": 107,
    "MatchCountPercent": 92.2414
  },
  {
    "BuildPrev": "3.3.0.10958",
    "BuildCur": "3.3.0.11159",
    "RecordCountPrev": 501,
    "RecordCountCur": 501,
    "MatchCount": 501,
    "MatchCountPercent": 100.0
  },
  {
    "BuildPrev": "3.3.0.11159",
    "BuildCur": "3.3.2.11403",
    "RecordCountPrev": 501,
    "RecordCountCur": 550,
    "MatchCount": 493,
    "MatchCountPercent": 98.4032
  },
  {
    "BuildPrev": "3.3.2.11403",
    "BuildCur": "3.3.3.11685",
    "RecordCountPrev": 550,
    "RecordCountCur": 591,
    "MatchCount": 546,
    "MatchCountPercent": 99.2727
  },
  {
    "BuildPrev": "3.3.3.11685",
    "BuildCur": "3.3.3.11723",
    "RecordCountPrev": 591,
    "RecordCountCur": 591,
    "MatchCount": 591,
    "MatchCountPercent": 100.0
  },
  {
    "BuildPrev": "3.3.3.11723",
    "BuildCur": "3.3.5.12213",
    "RecordCountPrev": 591,
    "RecordCountCur": 591,
    "MatchCount": 591,
    "MatchCountPercent": 100.0
  },
  {
    "BuildPrev": "3.3.5.12213",
    "BuildCur": "3.3.5.12340",
    "RecordCountPrev": 591,
    "RecordCountCur": 591,
    "MatchCount": 591,
    "MatchCountPercent": 100.0
  },
  {
    "BuildPrev": "3.3.5.12340",
    "BuildCur": "4.0.0.11927",
    "RecordCountPrev": 591,
    "RecordCountCur": 1519,
    "MatchCount": 585,
    "MatchCountPercent": 98.9848
  },
  {
    "BuildPrev": "4.0.0.11927",
    "BuildCur": "4.0.0.12025",
    "RecordCountPrev": 1519,
    "RecordCountCur": 1694,
    "MatchCount": 1497,
    "MatchCountPercent": 98.5517
  },
  {
    "BuildPrev": "4.0.0.12025",
    "BuildCur": "4.0.0.12065",
    "RecordCountPrev": 1694,
    "RecordCountCur": 1742,
    "MatchCount": 1687,
    "MatchCountPercent": 99.5868
  },
  {
    "BuildPrev": "4.0.0.12065",
    "BuildCur": "4.0.0.12122",
    "RecordCountPrev": 1742,
    "RecordCountCur": 1837,
    "MatchCount": 1727,
    "MatchCountPercent": 99.1389
  },
  {
    "BuildPrev": "4.0.0.12122",
    "BuildCur": "4.0.0.12164",
    "RecordCountPrev": 1837,
    "RecordCountCur": 1906,
    "MatchCount": 1829,
    "MatchCountPercent": 99.5645
  },
  {
    "BuildPrev": "4.0.0.12164",
    "BuildCur": "4.0.0.12232",
    "RecordCountPrev": 1906,
    "RecordCountCur": 1981,
    "MatchCount": 1881,
    "MatchCountPercent": 98.6884
  },
  {
    "BuildPrev": "4.0.0.12232",
    "BuildCur": "4.0.0.12266",
    "RecordCountPrev": 1981,
    "RecordCountCur": 2060,
    "MatchCount": 1946,
    "MatchCountPercent": 98.2332
  },
  {
    "BuildPrev": "4.0.0.12266",
    "BuildCur": "4.0.0.12319",
    "RecordCountPrev": 2060,
    "RecordCountCur": 2155,
    "MatchCount": 2043,
    "MatchCountPercent": 99.1748
  },
  {
    "BuildPrev": "4.0.0.12319",
    "BuildCur": "4.0.0.12911",
    "RecordCountPrev": 2155,
    "RecordCountCur": 2811,
    "MatchCount": 2109,
    "MatchCountPercent": 97.8654
  },
  {
    "BuildPrev": "4.0.0.12911",
    "BuildCur": "4.0.1.13164",
    "RecordCountPrev": 2811,
    "RecordCountCur": 2811,
    "MatchCount": 2811,
    "MatchCountPercent": 100.0
  },
  {
    "BuildPrev": "4.0.1.13164",
    "BuildCur": "",
    "RecordCountPrev": 2811,
    "RecordCountCur": 2811,
    "MatchCount": 2811,
    "MatchCountPercent": 100.0
  },
  {
    "BuildPrev": "",
    "BuildCur": "4.0.3.13287",
    "RecordCountPrev": 2811,
    "RecordCountCur": 2811,
    "MatchCount": 2811,
    "MatchCountPercent": 100.0
  },
  {
    "BuildPrev": "4.0.3.13287",
    "BuildCur": "",
    "RecordCountPrev": 2811,
    "RecordCountCur": 2811,
    "MatchCount": 2811,
    "MatchCountPercent": 100.0
  },
  {
    "BuildPrev": "",
    "BuildCur": "4.0.6.13596",
    "RecordCountPrev": 2811,
    "RecordCountCur": 2811,
    "MatchCount": 2811,
    "MatchCountPercent": 100.0
  },
  {
    "BuildPrev": "4.0.6.13596",
    "BuildCur": "",
    "RecordCountPrev": 2811,
    "RecordCountCur": 3574,
    "MatchCount": 0,
    "MatchCountPercent": 0.0
  },
  {
    "BuildPrev": "",
    "BuildCur": "4.1.0.13914",
    "RecordCountPrev": 3574,
    "RecordCountCur": 3978,
    "MatchCount": 3566,
    "MatchCountPercent": 99.7762
  },
  {
    "BuildPrev": "4.1.0.13914",
    "BuildCur": "",
    "RecordCountPrev": 3978,
    "RecordCountCur": 3978,
    "MatchCount": 3978,
    "MatchCountPercent": 100.0
  },
  {
    "BuildPrev": "",
    "BuildCur": "4.2.0.14333",
    "RecordCountPrev": 3978,
    "RecordCountCur": 4591,
    "MatchCount": 3911,
    "MatchCountPercent": 98.3157
  },
  {
    "BuildPrev": "4.2.0.14333",
    "BuildCur": "",
    "RecordCountPrev": 4591,
    "RecordCountCur": 2811,
    "MatchCount": 0,
    "MatchCountPercent": 0.0
  },
  {
    "BuildPrev": "",
    "BuildCur": "4.2.2.14545",
    "RecordCountPrev": 2811,
    "RecordCountCur": 4591,
    "MatchCount": 0,
    "MatchCountPercent": 0.0
  },
  {
    "BuildPrev": "4.2.2.14545",
    "BuildCur": "4.3.0.15005",
    "RecordCountPrev": 4591,
    "RecordCountCur": 4591,
    "MatchCount": 4591,
    "MatchCountPercent": 100.0
  },
  {
    "BuildPrev": "4.3.0.15005",
    "BuildCur": "",
    "RecordCountPrev": 4591,
    "RecordCountCur": 4591,
    "MatchCount": 4591,
    "MatchCountPercent": 100.0
  },
  {
    "BuildPrev": "",
    "BuildCur": "4.3.2.15211",
    "RecordCountPrev": 4591,
    "RecordCountCur": 5418,
    "MatchCount": 4582,
    "MatchCountPercent": 99.804
  },
  {
    "BuildPrev": "4.3.2.15211",
    "BuildCur": "4.3.3.15354",
    "RecordCountPrev": 5418,
    "RecordCountCur": 5418,
    "MatchCount": 5418,
    "MatchCountPercent": 100.0
  },
  {
    "BuildPrev": "4.3.3.15354",
    "BuildCur": "4.3.4.15595",
    "RecordCountPrev": 5418,
    "RecordCountCur": 5418,
    "MatchCount": 5418,
    "MatchCountPercent": 100.0
  },
  {
    "BuildPrev": "4.3.4.15595",
    "BuildCur": "5.0.1.15464",
    "RecordCountPrev": 5418,
    "RecordCountCur": 7365,
    "MatchCount": 5403,
    "MatchCountPercent": 99.7231
  },
  {
    "BuildPrev": "5.0.1.15464",
    "BuildCur": "5.0.1.15508",
    "RecordCountPrev": 7365,
    "RecordCountCur": 7439,
    "MatchCount": 7302,
    "MatchCountPercent": 99.1446
  },
  {
    "BuildPrev": "5.0.1.15508",
    "BuildCur": "5.0.1.15544",
    "RecordCountPrev": 7439,
    "RecordCountCur": 7580,
    "MatchCount": 7408,
    "MatchCountPercent": 99.5833
  },
  {
    "BuildPrev": "5.0.1.15544",
    "BuildCur": "5.0.1.15589",
    "RecordCountPrev": 7580,
    "RecordCountCur": 7710,
    "MatchCount": 7533,
    "MatchCountPercent": 99.3799
  },
  {
    "BuildPrev": "5.0.1.15589",
    "BuildCur": "5.0.1.15640",
    "RecordCountPrev": 7710,
    "RecordCountCur": 7365,
    "MatchCount": 7250,
    "MatchCountPercent": 94.0337
  },
  {
    "BuildPrev": "5.0.1.15640",
    "BuildCur": "5.0.1.15650",
    "RecordCountPrev": 7365,
    "RecordCountCur": 8067,
    "MatchCount": 0,
    "MatchCountPercent": 0.0
  },
  {
    "BuildPrev": "5.0.1.15650",
    "BuildCur": "5.0.1.15657",
    "RecordCountPrev": 8067,
    "RecordCountCur": 8133,
    "MatchCount": 8041,
    "MatchCountPercent": 99.6777
  },
  {
    "BuildPrev": "5.0.1.15657",
    "BuildCur": "5.0.1.15662",
    "RecordCountPrev": 8133,
    "RecordCountCur": 7365,
    "MatchCount": 0,
    "MatchCountPercent": 0.0
  },
  {
    "BuildPrev": "5.0.1.15662",
    "BuildCur": "5.0.1.15668",
    "RecordCountPrev": 7365,
    "RecordCountCur": 8359,
    "MatchCount": 0,
    "MatchCountPercent": 0.0
  },
  {
    "BuildPrev": "5.0.1.15668",
    "BuildCur": "5.0.1.15677",
    "RecordCountPrev": 8359,
    "RecordCountCur": 8491,
    "MatchCount": 8350,
    "MatchCountPercent": 99.8923
  },
  {
    "BuildPrev": "5.0.1.15677",
    "BuildCur": "5.0.1.15689",
    "RecordCountPrev": 8491,
    "RecordCountCur": 8628,
    "MatchCount": 8473,
    "MatchCountPercent": 99.788
  },
  {
    "BuildPrev": "5.0.1.15689",
    "BuildCur": "5.0.1.15699",
    "RecordCountPrev": 8628,
    "RecordCountCur": 8779,
    "MatchCount": 8614,
    "MatchCountPercent": 99.8377
  },
  {
    "BuildPrev": "5.0.1.15699",
    "BuildCur": "5.0.1.15726",
    "RecordCountPrev": 8779,
    "RecordCountCur": 8856,
    "MatchCount": 8758,
    "MatchCountPercent": 99.7608
  },
  {
    "BuildPrev": "5.0.1.15726",
    "BuildCur": "5.0.1.15739",
    "RecordCountPrev": 8856,
    "RecordCountCur": 9058,
    "MatchCount": 8812,
    "MatchCountPercent": 99.5032
  },
  {
    "BuildPrev": "5.0.1.15739",
    "BuildCur": "5.0.1.15752",
    "RecordCountPrev": 9058,
    "RecordCountCur": 9133,
    "MatchCount": 9040,
    "MatchCountPercent": 99.8013
  },
  {
    "BuildPrev": "5.0.1.15752",
    "BuildCur": "5.0.1.15762",
    "RecordCountPrev": 9133,
    "RecordCountCur": 9212,
    "MatchCount": 9085,
    "MatchCountPercent": 99.4744
  },
  {
    "BuildPrev": "5.0.1.15762",
    "BuildCur": "5.0.1.15781",
    "RecordCountPrev": 9212,
    "RecordCountCur": 9376,
    "MatchCount": 9178,
    "MatchCountPercent": 99.6309
  },
  {
    "BuildPrev": "5.0.1.15781",
    "BuildCur": "5.0.1.15799",
    "RecordCountPrev": 9376,
    "RecordCountCur": 9516,
    "MatchCount": 9304,
    "MatchCountPercent": 99.2321
  },
  {
    "BuildPrev": "5.0.1.15799",
    "BuildCur": "5.0.4.15890",
    "RecordCountPrev": 9516,
    "RecordCountCur": 9921,
    "MatchCount": 9412,
    "MatchCountPercent": 98.9071
  },
  {
    "BuildPrev": "5.0.4.15890",
    "BuildCur": "5.0.4.16016",
    "RecordCountPrev": 9921,
    "RecordCountCur": 10285,
    "MatchCount": 9766,
    "MatchCountPercent": 98.4377
  },
  {
    "BuildPrev": "5.0.4.16016",
    "BuildCur": "5.0.5.16048",
    "RecordCountPrev": 10285,
    "RecordCountCur": 10285,
    "MatchCount": 10285,
    "MatchCountPercent": 100.0
  },
  {
    "BuildPrev": "5.0.5.16048",
    "BuildCur": "5.0.5.16057",
    "RecordCountPrev": 10285,
    "RecordCountCur": 10285,
    "MatchCount": 10285,
    "MatchCountPercent": 100.0
  },
  {
    "BuildPrev": "5.0.5.16057",
    "BuildCur": "5.1.0.16309",
    "RecordCountPrev": 10285,
    "RecordCountCur": 10890,
    "MatchCount": 10251,
    "MatchCountPercent": 99.6694
  },
  {
    "BuildPrev": "5.1.0.16309",
    "BuildCur": "",
    "RecordCountPrev": 10890,
    "RecordCountCur": 10890,
    "MatchCount": 10890,
    "MatchCountPercent": 100.0
  },
  {
    "BuildPrev": "",
    "BuildCur": "5.2.0.16516",
    "RecordCountPrev": 10890,
    "RecordCountCur": 12242,
    "MatchCount": 10850,
    "MatchCountPercent": 99.6327
  },
  {
    "BuildPrev": "5.2.0.16516",
    "BuildCur": "5.2.0.16650",
    "RecordCountPrev": 12242,
    "RecordCountCur": 12523,
    "MatchCount": 12120,
    "MatchCountPercent": 99.0034
  },
  {
    "BuildPrev": "5.2.0.16650",
    "BuildCur": "5.3.0.16844",
    "RecordCountPrev": 12523,
    "RecordCountCur": 13052,
    "MatchCount": 12494,
    "MatchCountPercent": 99.7684
  },
  {
    "BuildPrev": "5.3.0.16844",
    "BuildCur": "5.3.0.16965",
    "RecordCountPrev": 13052,
    "RecordCountCur": 13063,
    "MatchCount": 13035,
    "MatchCountPercent": 99.8698
  },
  {
    "BuildPrev": "5.3.0.16965",
    "BuildCur": "5.3.0.17116",
    "RecordCountPrev": 13063,
    "RecordCountCur": 13063,
    "MatchCount": 13063,
    "MatchCountPercent": 100.0
  },
  {
    "BuildPrev": "5.3.0.17116",
    "BuildCur": "5.4.0.17266",
    "RecordCountPrev": 13063,
    "RecordCountCur": 14648,
    "MatchCount": 13051,
    "MatchCountPercent": 99.9081
  },
  {
    "BuildPrev": "5.4.0.17266",
    "BuildCur": "5.4.0.17325",
    "RecordCountPrev": 14648,
    "RecordCountCur": 14743,
    "MatchCount": 14595,
    "MatchCountPercent": 99.6382
  },
  {
    "BuildPrev": "5.4.0.17325",
    "BuildCur": "5.4.0.17345",
    "RecordCountPrev": 14743,
    "RecordCountCur": 14743,
    "MatchCount": 14739,
    "MatchCountPercent": 99.9729
  },
  {
    "BuildPrev": "5.4.0.17345",
    "BuildCur": "5.4.1.17520",
    "RecordCountPrev": 14743,
    "RecordCountCur": 14747,
    "MatchCount": 14735,
    "MatchCountPercent": 99.9457
  },
  {
    "BuildPrev": "5.4.1.17520",
    "BuildCur": "5.4.1.17538",
    "RecordCountPrev": 14747,
    "RecordCountCur": 14747,
    "MatchCount": 14747,
    "MatchCountPercent": 100.0
  },
  {
    "BuildPrev": "5.4.1.17538",
    "BuildCur": "5.4.2.17645",
    "RecordCountPrev": 14747,
    "RecordCountCur": 14753,
    "MatchCount": 14747,
    "MatchCountPercent": 100.0
  },
  {
    "BuildPrev": "5.4.2.17645",
    "BuildCur": "5.4.2.17688",
    "RecordCountPrev": 14753,
    "RecordCountCur": 14753,
    "MatchCount": 14753,
    "MatchCountPercent": 100.0
  },
  {
    "BuildPrev": "5.4.2.17688",
    "BuildCur": "5.4.7.17898",
    "RecordCountPrev": 14753,
    "RecordCountCur": 14780,
    "MatchCount": 14752,
    "MatchCountPercent": 99.9932
  },
  {
    "BuildPrev": "5.4.7.17898",
    "BuildCur": "5.4.8.18273",
    "RecordCountPrev": 14780,
    "RecordCountCur": 14780,
    "MatchCount": 14780,
    "MatchCountPercent": 100.0
  },
  {
    "BuildPrev": "5.4.8.18273",
    "BuildCur": "6.0.1.18125",
    "RecordCountPrev": 14780,
    "RecordCountCur": 18477,
    "MatchCount": 0,
    "MatchCountPercent": 0.0
  },
  {
    "BuildPrev": "6.0.1.18125",
    "BuildCur": "6.0.1.18156",
    "RecordCountPrev": 18477,
    "RecordCountCur": 18684,
    "MatchCount": 18392,
    "MatchCountPercent": 99.54
  },
  {
    "BuildPrev": "6.0.1.18156",
    "BuildCur": "6.0.1.18164",
    "RecordCountPrev": 18684,
    "RecordCountCur": 18777,
    "MatchCount": 18651,
    "MatchCountPercent": 99.8234
  },
  {
    "BuildPrev": "6.0.1.18164",
    "BuildCur": "6.0.1.18179",
    "RecordCountPrev": 18777,
    "RecordCountCur": 18903,
    "MatchCount": 18754,
    "MatchCountPercent": 99.8775
  },
  {
    "BuildPrev": "6.0.1.18179",
    "BuildCur": "6.0.1.18297",
    "RecordCountPrev": 18903,
    "RecordCountCur": 19830,
    "MatchCount": 18711,
    "MatchCountPercent": 98.9843
  },
  {
    "BuildPrev": "6.0.1.18297",
    "BuildCur": "6.0.1.18322",
    "RecordCountPrev": 19830,
    "RecordCountCur": 20049,
    "MatchCount": 19793,
    "MatchCountPercent": 99.8134
  },
  {
    "BuildPrev": "6.0.1.18322",
    "BuildCur": "6.0.1.18379",
    "RecordCountPrev": 20049,
    "RecordCountCur": 20577,
    "MatchCount": 19920,
    "MatchCountPercent": 99.3566
  },
  {
    "BuildPrev": "6.0.1.18379",
    "BuildCur": "6.0.1.18443",
    "RecordCountPrev": 20577,
    "RecordCountCur": 21094,
    "MatchCount": 20460,
    "MatchCountPercent": 99.4314
  },
  {
    "BuildPrev": "6.0.1.18443",
    "BuildCur": "6.0.1.18471",
    "RecordCountPrev": 21094,
    "RecordCountCur": 21434,
    "MatchCount": 0,
    "MatchCountPercent": 0.0
  },
  {
    "BuildPrev": "6.0.1.18471",
    "BuildCur": "6.0.1.18505",
    "RecordCountPrev": 21434,
    "RecordCountCur": 21670,
    "MatchCount": 21342,
    "MatchCountPercent": 99.5708
  },
  {
    "BuildPrev": "6.0.1.18505",
    "BuildCur": "6.0.1.18522",
    "RecordCountPrev": 21670,
    "RecordCountCur": 22041,
    "MatchCount": 21597,
    "MatchCountPercent": 99.6631
  },
  {
    "BuildPrev": "6.0.1.18522",
    "BuildCur": "6.0.1.18537",
    "RecordCountPrev": 22041,
    "RecordCountCur": 22141,
    "MatchCount": 22018,
    "MatchCountPercent": 99.8957
  },
  {
    "BuildPrev": "6.0.1.18537",
    "BuildCur": "6.0.1.18566",
    "RecordCountPrev": 22141,
    "RecordCountCur": 22607,
    "MatchCount": 22057,
    "MatchCountPercent": 99.6206
  },
  {
    "BuildPrev": "6.0.1.18566",
    "BuildCur": "6.0.1.18594",
    "RecordCountPrev": 22607,
    "RecordCountCur": 23068,
    "MatchCount": 0,
    "MatchCountPercent": 0.0
  },
  {
    "BuildPrev": "6.0.1.18594",
    "BuildCur": "6.0.1.18645",
    "RecordCountPrev": 23068,
    "RecordCountCur": 23068,
    "MatchCount": 23068,
    "MatchCountPercent": 100.0
  },
  {
    "BuildPrev": "6.0.1.18645",
    "BuildCur": "6.0.1.18663",
    "RecordCountPrev": 23068,
    "RecordCountCur": 23821,
    "MatchCount": 22948,
    "MatchCountPercent": 99.4798
  },
  {
    "BuildPrev": "6.0.1.18663",
    "BuildCur": "6.0.1.18685",
    "RecordCountPrev": 23821,
    "RecordCountCur": 23821,
    "MatchCount": 23821,
    "MatchCountPercent": 100.0
  },
  {
    "BuildPrev": "6.0.1.18685",
    "BuildCur": "6.0.1.18689",
    "RecordCountPrev": 23821,
    "RecordCountCur": 24137,
    "MatchCount": 23762,
    "MatchCountPercent": 99.7523
  },
  {
    "BuildPrev": "6.0.1.18689",
    "BuildCur": "6.0.1.18716",
    "RecordCountPrev": 24137,
    "RecordCountCur": 24355,
    "MatchCount": 24088,
    "MatchCountPercent": 99.797
  },
  {
    "BuildPrev": "6.0.1.18716",
    "BuildCur": "6.0.1.18738",
    "RecordCountPrev": 24355,
    "RecordCountCur": 25038,
    "MatchCount": 24285,
    "MatchCountPercent": 99.7126
  },
  {
    "BuildPrev": "6.0.1.18738",
    "BuildCur": "6.0.2.18764",
    "RecordCountPrev": 25038,
    "RecordCountCur": 25102,
    "MatchCount": 24992,
    "MatchCountPercent": 99.8163
  },
  {
    "BuildPrev": "6.0.2.18764",
    "BuildCur": "6.0.1.18803",
    "RecordCountPrev": 25102,
    "RecordCountCur": 25110,
    "MatchCount": 25070,
    "MatchCountPercent": 99.8725
  },
  {
    "BuildPrev": "6.0.1.18803",
    "BuildCur": "6.0.2.18816",
    "RecordCountPrev": 25110,
    "RecordCountCur": 25437,
    "MatchCount": 24912,
    "MatchCountPercent": 99.2115
  },
  {
    "BuildPrev": "6.0.2.18816",
    "BuildCur": "6.0.2.18833",
    "RecordCountPrev": 25437,
    "RecordCountCur": 25437,
    "MatchCount": 25437,
    "MatchCountPercent": 100.0
  },
  {
    "BuildPrev": "6.0.2.18833",
    "BuildCur": "6.0.2.18837",
    "RecordCountPrev": 25437,
    "RecordCountCur": 25469,
    "MatchCount": 25379,
    "MatchCountPercent": 99.772
  },
  {
    "BuildPrev": "6.0.2.18837",
    "BuildCur": "6.0.2.18838",
    "RecordCountPrev": 25469,
    "RecordCountCur": 25469,
    "MatchCount": 25469,
    "MatchCountPercent": 100.0
  },
  {
    "BuildPrev": "6.0.2.18838",
    "BuildCur": "6.0.2.18848",
    "RecordCountPrev": 25469,
    "RecordCountCur": 25469,
    "MatchCount": 25469,
    "MatchCountPercent": 100.0
  },
  {
    "BuildPrev": "6.0.2.18848",
    "BuildCur": "6.0.2.18850",
    "RecordCountPrev": 25469,
    "RecordCountCur": 25600,
    "MatchCount": 25370,
    "MatchCountPercent": 99.6113
  },
  {
    "BuildPrev": "6.0.2.18850",
    "BuildCur": "6.0.2.18865",
    "RecordCountPrev": 25600,
    "RecordCountCur": 25600,
    "MatchCount": 25600,
    "MatchCountPercent": 100.0
  },
  {
    "BuildPrev": "6.0.2.18865",
    "BuildCur": "6.0.2.18888",
    "RecordCountPrev": 25600,
    "RecordCountCur": 25692,
    "MatchCount": 25476,
    "MatchCountPercent": 99.5156
  },
  {
    "BuildPrev": "6.0.2.18888",
    "BuildCur": "6.0.2.18898",
    "RecordCountPrev": 25692,
    "RecordCountCur": 25713,
    "MatchCount": 25681,
    "MatchCountPercent": 99.9572
  },
  {
    "BuildPrev": "6.0.2.18898",
    "BuildCur": "6.0.2.18909",
    "RecordCountPrev": 25713,
    "RecordCountCur": 25749,
    "MatchCount": 25704,
    "MatchCountPercent": 99.965
  },
  {
    "BuildPrev": "6.0.2.18909",
    "BuildCur": "6.0.2.18912",
    "RecordCountPrev": 25749,
    "RecordCountCur": 25713,
    "MatchCount": 25704,
    "MatchCountPercent": 99.8252
  },
  {
    "BuildPrev": "6.0.2.18912",
    "BuildCur": "6.0.2.18922",
    "RecordCountPrev": 25713,
    "RecordCountCur": 25749,
    "MatchCount": 25704,
    "MatchCountPercent": 99.965
  },
  {
    "BuildPrev": "6.0.2.18922",
    "BuildCur": "6.0.2.18927",
    "RecordCountPrev": 25749,
    "RecordCountCur": 25773,
    "MatchCount": 25718,
    "MatchCountPercent": 99.8796
  },
  {
    "BuildPrev": "6.0.2.18927",
    "BuildCur": "6.0.2.18934",
    "RecordCountPrev": 25773,
    "RecordCountCur": 25773,
    "MatchCount": 25773,
    "MatchCountPercent": 100.0
  },
  {
    "BuildPrev": "6.0.2.18934",
    "BuildCur": "6.0.2.18935",
    "RecordCountPrev": 25773,
    "RecordCountCur": 25800,
    "MatchCount": 25751,
    "MatchCountPercent": 99.9146
  },
  {
    "BuildPrev": "6.0.2.18935",
    "BuildCur": "6.0.2.18950",
    "RecordCountPrev": 25800,
    "RecordCountCur": 25806,
    "MatchCount": 25794,
    "MatchCountPercent": 99.9768
  },
  {
    "BuildPrev": "6.0.2.18950",
    "BuildCur": "6.0.2.18965",
    "RecordCountPrev": 25806,
    "RecordCountCur": 25806,
    "MatchCount": 25806,
    "MatchCountPercent": 100.0
  },
  {
    "BuildPrev": "6.0.2.18965",
    "BuildCur": "6.0.2.18967",
    "RecordCountPrev": 25806,
    "RecordCountCur": 25810,
    "MatchCount": 25799,
    "MatchCountPercent": 99.9729
  },
  {
    "BuildPrev": "6.0.2.18967",
    "BuildCur": "6.0.2.18973",
    "RecordCountPrev": 25810,
    "RecordCountCur": 25817,
    "MatchCount": 25806,
    "MatchCountPercent": 99.9845
  },
  {
    "BuildPrev": "6.0.2.18973",
    "BuildCur": "6.0.2.18982",
    "RecordCountPrev": 25817,
    "RecordCountCur": 25830,
    "MatchCount": 25809,
    "MatchCountPercent": 99.969
  },
  {
    "BuildPrev": "6.0.2.18982",
    "BuildCur": "6.0.2.18983",
    "RecordCountPrev": 25830,
    "RecordCountCur": 25817,
    "MatchCount": 25809,
    "MatchCountPercent": 99.9187
  },
  {
    "BuildPrev": "6.0.2.18983",
    "BuildCur": "6.0.2.18986",
    "RecordCountPrev": 25817,
    "RecordCountCur": 25830,
    "MatchCount": 25809,
    "MatchCountPercent": 99.969
  },
  {
    "BuildPrev": "6.0.2.18986",
    "BuildCur": "6.0.2.18988",
    "RecordCountPrev": 25830,
    "RecordCountCur": 25830,
    "MatchCount": 25830,
    "MatchCountPercent": 100.0
  },
  {
    "BuildPrev": "6.0.2.18988",
    "BuildCur": "6.0.2.18989",
    "RecordCountPrev": 25830,
    "RecordCountCur": 25830,
    "MatchCount": 25830,
    "MatchCountPercent": 100.0
  },
  {
    "BuildPrev": "6.0.2.18989",
    "BuildCur": "6.0.2.18996",
    "RecordCountPrev": 25830,
    "RecordCountCur": 25833,
    "MatchCount": 25826,
    "MatchCountPercent": 99.9845
  },
  {
    "BuildPrev": "6.0.2.18996",
    "BuildCur": "6.0.2.19000",
    "RecordCountPrev": 25833,
    "RecordCountCur": 25834,
    "MatchCount": 25832,
    "MatchCountPercent": 99.9961
  },
  {
    "BuildPrev": "6.0.2.19000",
    "BuildCur": "6.0.2.19005",
    "RecordCountPrev": 25834,
    "RecordCountCur": 25834,
    "MatchCount": 25834,
    "MatchCountPercent": 100.0
  },
  {
    "BuildPrev": "6.0.2.19005",
    "BuildCur": "6.0.2.19041",
    "RecordCountPrev": 25834,
    "RecordCountCur": 25834,
    "MatchCount": 25833,
    "MatchCountPercent": 99.9961
  },
  {
    "BuildPrev": "6.0.2.19041",
    "BuildCur": "6.0.3.19057",
    "RecordCountPrev": 25834,
    "RecordCountCur": 25836,
    "MatchCount": 25832,
    "MatchCountPercent": 99.9923
  },
  {
    "BuildPrev": "6.0.3.19057",
    "BuildCur": "6.0.3.19078",
    "RecordCountPrev": 25836,
    "RecordCountCur": 25841,
    "MatchCount": 25836,
    "MatchCountPercent": 100.0
  },
  {
    "BuildPrev": "6.0.3.19078",
    "BuildCur": "6.0.3.19085",
    "RecordCountPrev": 25841,
    "RecordCountCur": 25836,
    "MatchCount": 25836,
    "MatchCountPercent": 99.9807
  },
  {
    "BuildPrev": "6.0.3.19085",
    "BuildCur": "6.0.3.19175",
    "RecordCountPrev": 25836,
    "RecordCountCur": 25836,
    "MatchCount": 25836,
    "MatchCountPercent": 100.0
  },
  {
    "BuildPrev": "6.0.3.19175",
    "BuildCur": "6.0.3.19200",
    "RecordCountPrev": 25836,
    "RecordCountCur": 25836,
    "MatchCount": 25836,
    "MatchCountPercent": 100.0
  },
  {
    "BuildPrev": "6.0.3.19200",
    "BuildCur": "6.0.3.19342",
    "RecordCountPrev": 25836,
    "RecordCountCur": 25836,
    "MatchCount": 25836,
    "MatchCountPercent": 100.0
  },
  {
    "BuildPrev": "6.0.3.19342",
    "BuildCur": "6.1.0.19445",
    "RecordCountPrev": 25836,
    "RecordCountCur": 26152,
    "MatchCount": 25777,
    "MatchCountPercent": 99.7716
  },
  {
    "BuildPrev": "6.1.0.19445",
    "BuildCur": "6.1.0.19480",
    "RecordCountPrev": 26152,
    "RecordCountCur": 26155,
    "MatchCount": 26128,
    "MatchCountPercent": 99.9082
  },
  {
    "BuildPrev": "6.1.0.19480",
    "BuildCur": "6.1.0.19508",
    "RecordCountPrev": 26155,
    "RecordCountCur": 26158,
    "MatchCount": 26154,
    "MatchCountPercent": 99.9962
  },
  {
    "BuildPrev": "6.1.0.19508",
    "BuildCur": "6.1.0.19533",
    "RecordCountPrev": 26158,
    "RecordCountCur": 26167,
    "MatchCount": 26153,
    "MatchCountPercent": 99.9809
  },
  {
    "BuildPrev": "6.1.0.19533",
    "BuildCur": "6.1.0.19551",
    "RecordCountPrev": 26167,
    "RecordCountCur": 26169,
    "MatchCount": 26163,
    "MatchCountPercent": 99.9847
  },
  {
    "BuildPrev": "6.1.0.19551",
    "BuildCur": "6.1.0.19567",
    "RecordCountPrev": 26169,
    "RecordCountCur": 26186,
    "MatchCount": 26159,
    "MatchCountPercent": 99.9618
  },
  {
    "BuildPrev": "6.1.0.19567",
    "BuildCur": "6.1.0.19592",
    "RecordCountPrev": 26186,
    "RecordCountCur": 26186,
    "MatchCount": 26181,
    "MatchCountPercent": 99.9809
  },
  {
    "BuildPrev": "6.1.0.19592",
    "BuildCur": "6.1.0.19611",
    "RecordCountPrev": 26186,
    "RecordCountCur": 26192,
    "MatchCount": 26183,
    "MatchCountPercent": 99.9885
  },
  {
    "BuildPrev": "6.1.0.19611",
    "BuildCur": "6.1.0.19622",
    "RecordCountPrev": 26192,
    "RecordCountCur": 26193,
    "MatchCount": 26192,
    "MatchCountPercent": 100.0
  },
  {
    "BuildPrev": "6.1.0.19622",
    "BuildCur": "6.1.0.19634",
    "RecordCountPrev": 26193,
    "RecordCountCur": 26193,
    "MatchCount": 26193,
    "MatchCountPercent": 100.0
  },
  {
    "BuildPrev": "6.1.0.19634",
    "BuildCur": "6.1.0.19702",
    "RecordCountPrev": 26193,
    "RecordCountCur": 26193,
    "MatchCount": 26193,
    "MatchCountPercent": 100.0
  },
  {
    "BuildPrev": "6.1.0.19702",
    "BuildCur": "6.1.2.19711",
    "RecordCountPrev": 26193,
    "RecordCountCur": 26195,
    "MatchCount": 26191,
    "MatchCountPercent": 99.9924
  },
  {
    "BuildPrev": "6.1.2.19711",
    "BuildCur": "6.1.2.19728",
    "RecordCountPrev": 26195,
    "RecordCountCur": 26195,
    "MatchCount": 26195,
    "MatchCountPercent": 100.0
  },
  {
    "BuildPrev": "6.1.2.19728",
    "BuildCur": "6.1.2.19750",
    "RecordCountPrev": 26195,
    "RecordCountCur": 26194,
    "MatchCount": 26194,
    "MatchCountPercent": 99.9962
  },
  {
    "BuildPrev": "6.1.2.19750",
    "BuildCur": "6.1.2.19769",
    "RecordCountPrev": 26194,
    "RecordCountCur": 26194,
    "MatchCount": 26194,
    "MatchCountPercent": 100.0
  },
  {
    "BuildPrev": "6.1.2.19769",
    "BuildCur": "6.1.2.19783",
    "RecordCountPrev": 26194,
    "RecordCountCur": 26194,
    "MatchCount": 26194,
    "MatchCountPercent": 100.0
  },
  {
    "BuildPrev": "6.1.2.19783",
    "BuildCur": "6.1.2.19793",
    "RecordCountPrev": 26194,
    "RecordCountCur": 26194,
    "MatchCount": 26194,
    "MatchCountPercent": 100.0
  },
  {
    "BuildPrev": "6.1.2.19793",
    "BuildCur": "6.1.2.19802",
    "RecordCountPrev": 26194,
    "RecordCountCur": 26194,
    "MatchCount": 26194,
    "MatchCountPercent": 100.0
  },
  {
    "BuildPrev": "6.1.2.19802",
    "BuildCur": "6.1.2.19831",
    "RecordCountPrev": 26194,
    "RecordCountCur": 26194,
    "MatchCount": 26194,
    "MatchCountPercent": 100.0
  },
  {
    "BuildPrev": "6.1.2.19831",
    "BuildCur": "6.1.2.19854",
    "RecordCountPrev": 26194,
    "RecordCountCur": 26194,
    "MatchCount": 26194,
    "MatchCountPercent": 100.0
  },
  {
    "BuildPrev": "6.1.2.19854",
    "BuildCur": "6.1.2.19865",
    "RecordCountPrev": 26194,
    "RecordCountCur": 26194,
    "MatchCount": 26194,
    "MatchCountPercent": 100.0
  },
  {
    "BuildPrev": "6.1.2.19865",
    "BuildCur": "6.2.0.19890",
    "RecordCountPrev": 26194,
    "RecordCountCur": 28010,
    "MatchCount": 26172,
    "MatchCountPercent": 99.916
  },
  {
    "BuildPrev": "6.2.0.19890",
    "BuildCur": "6.2.0.19906",
    "RecordCountPrev": 28010,
    "RecordCountCur": 28135,
    "MatchCount": 27931,
    "MatchCountPercent": 99.718
  },
  {
    "BuildPrev": "6.2.0.19906",
    "BuildCur": "6.2.0.19934",
    "RecordCountPrev": 28135,
    "RecordCountCur": 28262,
    "MatchCount": 28046,
    "MatchCountPercent": 99.6837
  },
  {
    "BuildPrev": "6.2.0.19934",
    "BuildCur": "6.2.0.19953",
    "RecordCountPrev": 28262,
    "RecordCountCur": 28404,
    "MatchCount": 28164,
    "MatchCountPercent": 99.6532
  },
  {
    "BuildPrev": "6.2.0.19953",
    "BuildCur": "6.2.0.19973",
    "RecordCountPrev": 28404,
    "RecordCountCur": 28499,
    "MatchCount": 28332,
    "MatchCountPercent": 99.7465
  },
  {
    "BuildPrev": "6.2.0.19973",
    "BuildCur": "6.2.0.20008",
    "RecordCountPrev": 28499,
    "RecordCountCur": 28645,
    "MatchCount": 28410,
    "MatchCountPercent": 99.6877
  },
  {
    "BuildPrev": "6.2.0.20008",
    "BuildCur": "6.2.0.20033",
    "RecordCountPrev": 28645,
    "RecordCountCur": 28676,
    "MatchCount": 28615,
    "MatchCountPercent": 99.8953
  },
  {
    "BuildPrev": "6.2.0.20033",
    "BuildCur": "6.2.0.20051",
    "RecordCountPrev": 28676,
    "RecordCountCur": 28676,
    "MatchCount": 28676,
    "MatchCountPercent": 100.0
  },
  {
    "BuildPrev": "6.2.0.20051",
    "BuildCur": "6.2.0.20061",
    "RecordCountPrev": 28676,
    "RecordCountCur": 28698,
    "MatchCount": 28638,
    "MatchCountPercent": 99.8675
  },
  {
    "BuildPrev": "6.2.0.20061",
    "BuildCur": "6.2.0.20076",
    "RecordCountPrev": 28698,
    "RecordCountCur": 28744,
    "MatchCount": 28689,
    "MatchCountPercent": 99.9686
  },
  {
    "BuildPrev": "6.2.0.20076",
    "BuildCur": "6.2.0.20104",
    "RecordCountPrev": 28744,
    "RecordCountCur": 28745,
    "MatchCount": 28740,
    "MatchCountPercent": 99.9861
  },
  {
    "BuildPrev": "6.2.0.20104",
    "BuildCur": "6.2.0.20111",
    "RecordCountPrev": 28745,
    "RecordCountCur": 28758,
    "MatchCount": 28727,
    "MatchCountPercent": 99.9374
  },
  {
    "BuildPrev": "6.2.0.20111",
    "BuildCur": "6.2.0.20141",
    "RecordCountPrev": 28758,
    "RecordCountCur": 28759,
    "MatchCount": 28756,
    "MatchCountPercent": 99.993
  },
  {
    "BuildPrev": "6.2.0.20141",
    "BuildCur": "6.2.0.20157",
    "RecordCountPrev": 28759,
    "RecordCountCur": 28759,
    "MatchCount": 28754,
    "MatchCountPercent": 99.9826
  },
  {
    "BuildPrev": "6.2.0.20157",
    "BuildCur": "6.2.0.20173",
    "RecordCountPrev": 28759,
    "RecordCountCur": 28759,
    "MatchCount": 28759,
    "MatchCountPercent": 100.0
  },
  {
    "BuildPrev": "6.2.0.20173",
    "BuildCur": "6.2.0.20182",
    "RecordCountPrev": 28759,
    "RecordCountCur": 28759,
    "MatchCount": 28759,
    "MatchCountPercent": 100.0
  },
  {
    "BuildPrev": "6.2.0.20182",
    "BuildCur": "6.2.0.20201",
    "RecordCountPrev": 28759,
    "RecordCountCur": 28759,
    "MatchCount": 28759,
    "MatchCountPercent": 100.0
  },
  {
    "BuildPrev": "6.2.0.20201",
    "BuildCur": "6.2.0.20216",
    "RecordCountPrev": 28759,
    "RecordCountCur": 28759,
    "MatchCount": 28759,
    "MatchCountPercent": 100.0
  },
  {
    "BuildPrev": "6.2.0.20216",
    "BuildCur": "6.2.0.20253",
    "RecordCountPrev": 28759,
    "RecordCountCur": 28759,
    "MatchCount": 28759,
    "MatchCountPercent": 100.0
  },
  {
    "BuildPrev": "6.2.0.20253",
    "BuildCur": "6.2.1.20271",
    "RecordCountPrev": 28759,
    "RecordCountCur": 28757,
    "MatchCount": 28746,
    "MatchCountPercent": 99.9548
  },
  {
    "BuildPrev": "6.2.1.20271",
    "BuildCur": "6.2.0.20318",
    "RecordCountPrev": 28757,
    "RecordCountCur": 28759,
    "MatchCount": 28746,
    "MatchCountPercent": 99.9618
  },
  {
    "BuildPrev": "6.2.0.20318",
    "BuildCur": "6.2.1.20328",
    "RecordCountPrev": 28759,
    "RecordCountCur": 28757,
    "MatchCount": 28742,
    "MatchCountPercent": 99.9409
  },
  {
    "BuildPrev": "6.2.1.20328",
    "BuildCur": "6.2.0.20338",
    "RecordCountPrev": 28757,
    "RecordCountCur": 28759,
    "MatchCount": 28742,
    "MatchCountPercent": 99.9478
  },
  {
    "BuildPrev": "6.2.0.20338",
    "BuildCur": "6.2.1.20363",
    "RecordCountPrev": 28759,
    "RecordCountCur": 28758,
    "MatchCount": 28742,
    "MatchCountPercent": 99.9409
  },
  {
    "BuildPrev": "6.2.1.20363",
    "BuildCur": "6.2.2.20395",
    "RecordCountPrev": 28758,
    "RecordCountCur": 28862,
    "MatchCount": 28753,
    "MatchCountPercent": 99.9826
  },
  {
    "BuildPrev": "6.2.2.20395",
    "BuildCur": "6.2.2.20426",
    "RecordCountPrev": 28862,
    "RecordCountCur": 28862,
    "MatchCount": 28862,
    "MatchCountPercent": 100.0
  },
  {
    "BuildPrev": "6.2.2.20426",
    "BuildCur": "6.2.2.20438",
    "RecordCountPrev": 28862,
    "RecordCountCur": 28862,
    "MatchCount": 28862,
    "MatchCountPercent": 100.0
  },
  {
    "BuildPrev": "6.2.2.20438",
    "BuildCur": "6.2.2.20444",
    "RecordCountPrev": 28862,
    "RecordCountCur": 28862,
    "MatchCount": 28862,
    "MatchCountPercent": 100.0
  },
  {
    "BuildPrev": "6.2.2.20444",
    "BuildCur": "6.2.2.20490",
    "RecordCountPrev": 28862,
    "RecordCountCur": 28862,
    "MatchCount": 28862,
    "MatchCountPercent": 100.0
  },
  {
    "BuildPrev": "6.2.2.20490",
    "BuildCur": "6.2.2.20574",
    "RecordCountPrev": 28862,
    "RecordCountCur": 28862,
    "MatchCount": 28862,
    "MatchCountPercent": 100.0
  },
  {
    "BuildPrev": "6.2.2.20574",
    "BuildCur": "6.2.3.20601",
    "RecordCountPrev": 28862,
    "RecordCountCur": 28864,
    "MatchCount": 28862,
    "MatchCountPercent": 100.0
  },
  {
    "BuildPrev": "6.2.3.20601",
    "BuildCur": "6.2.3.20655",
    "RecordCountPrev": 28864,
    "RecordCountCur": 28864,
    "MatchCount": 28864,
    "MatchCountPercent": 100.0
  },
  {
    "BuildPrev": "6.2.3.20655",
    "BuildCur": "6.2.3.20691",
    "RecordCountPrev": 28864,
    "RecordCountCur": 28864,
    "MatchCount": 28864,
    "MatchCountPercent": 100.0
  },
  {
    "BuildPrev": "6.2.3.20691",
    "BuildCur": "6.2.3.20716",
    "RecordCountPrev": 28864,
    "RecordCountCur": 28883,
    "MatchCount": 28864,
    "MatchCountPercent": 100.0
  },
  {
    "BuildPrev": "6.2.3.20716",
    "BuildCur": "6.2.3.20726",
    "RecordCountPrev": 28883,
    "RecordCountCur": 28883,
    "MatchCount": 28883,
    "MatchCountPercent": 100.0
  },
  {
    "BuildPrev": "6.2.3.20726",
    "BuildCur": "6.2.4.21028",
    "RecordCountPrev": 28883,
    "RecordCountCur": 28883,
    "MatchCount": 28883,
    "MatchCountPercent": 100.0
  },
  {
    "BuildPrev": "6.2.4.21028",
    "BuildCur": "6.2.4.21047",
    "RecordCountPrev": 28883,
    "RecordCountCur": 28883,
    "MatchCount": 28883,
    "MatchCountPercent": 100.0
  },
  {
    "BuildPrev": "6.2.4.21047",
    "BuildCur": "6.2.4.21105",
    "RecordCountPrev": 28883,
    "RecordCountCur": 28883,
    "MatchCount": 28883,
    "MatchCountPercent": 100.0
  },
  {
    "BuildPrev": "6.2.4.21105",
    "BuildCur": "6.2.4.21160",
    "RecordCountPrev": 28883,
    "RecordCountCur": 28883,
    "MatchCount": 28883,
    "MatchCountPercent": 100.0
  },
  {
    "BuildPrev": "6.2.4.21160",
    "BuildCur": "6.2.4.21210",
    "RecordCountPrev": 28883,
    "RecordCountCur": 28883,
    "MatchCount": 28883,
    "MatchCountPercent": 100.0
  },
  {
    "BuildPrev": "6.2.4.21210",
    "BuildCur": "6.2.4.21220",
    "RecordCountPrev": 28883,
    "RecordCountCur": 28883,
    "MatchCount": 28883,
    "MatchCountPercent": 100.0
  },
  {
    "BuildPrev": "6.2.4.21220",
    "BuildCur": "6.2.4.21253",
    "RecordCountPrev": 28883,
    "RecordCountCur": 28883,
    "MatchCount": 28883,
    "MatchCountPercent": 100.0
  },
  {
    "BuildPrev": "6.2.4.21253",
    "BuildCur": "6.2.4.21274",
    "RecordCountPrev": 28883,
    "RecordCountCur": 28883,
    "MatchCount": 28883,
    "MatchCountPercent": 100.0
  },
  {
    "BuildPrev": "6.2.4.21274",
    "BuildCur": "6.2.4.21315",
    "RecordCountPrev": 28883,
    "RecordCountCur": 28883,
    "MatchCount": 28883,
    "MatchCountPercent": 100.0
  },
  {
    "BuildPrev": "6.2.4.21315",
    "BuildCur": "6.2.4.21336",
    "RecordCountPrev": 28883,
    "RecordCountCur": 28883,
    "MatchCount": 28883,
    "MatchCountPercent": 100.0
  },
  {
    "BuildPrev": "6.2.4.21336",
    "BuildCur": "6.2.4.21355",
    "RecordCountPrev": 28883,
    "RecordCountCur": 28883,
    "MatchCount": 28883,
    "MatchCountPercent": 100.0
  },
  {
    "BuildPrev": "6.2.4.21355",
    "BuildCur": "6.2.4.21676",
    "RecordCountPrev": 28883,
    "RecordCountCur": 28883,
    "MatchCount": 28883,
    "MatchCountPercent": 100.0
  },
  {
    "BuildPrev": "6.2.4.21676",
    "BuildCur": "6.2.4.21742",
    "RecordCountPrev": 28883,
    "RecordCountCur": 28883,
    "MatchCount": 28883,
    "MatchCountPercent": 100.0
  }
]