[
  {
    "BuildPrev": "4.0.0.12232",
    "BuildCur": "4.0.0.12266",
    "RecordCountPrev": 7731,
    "RecordCountCur": 7787,
    "MatchCount": 7716,
    "MatchCountPercent": 99.806
  },
  {
    "BuildPrev": "4.0.0.12266",
    "BuildCur": "4.0.0.12319",
    "RecordCountPrev": 7787,
    "RecordCountCur": 7836,
    "MatchCount": 7782,
    "MatchCountPercent": 99.9358
  },
  {
    "BuildPrev": "4.0.0.12319",
    "BuildCur": "4.0.0.12911",
    "RecordCountPrev": 7836,
    "RecordCountCur": 8284,
    "MatchCount": 0,
    "MatchCountPercent": 0.0
  },
  {
    "BuildPrev": "4.0.0.12911",
    "BuildCur": "4.0.1.13164",
    "RecordCountPrev": 8284,
    "RecordCountCur": 8284,
    "MatchCount": 8284,
    "MatchCountPercent": 100.0
  },
  {
    "BuildPrev": "4.0.1.13164",
    "BuildCur": "",
    "RecordCountPrev": 8284,
    "RecordCountCur": 8284,
    "MatchCount": 8284,
    "MatchCountPercent": 100.0
  },
  {
    "BuildPrev": "",
    "BuildCur": "4.0.3.13287",
    "RecordCountPrev": 8284,
    "RecordCountCur": 8284,
    "MatchCount": 8284,
    "MatchCountPercent": 100.0
  },
  {
    "BuildPrev": "4.0.3.13287",
    "BuildCur": "",
    "RecordCountPrev": 8284,
    "RecordCountCur": 8284,
    "MatchCount": 8284,
    "MatchCountPercent": 100.0
  },
  {
    "BuildPrev": "",
    "BuildCur": "4.0.6.13596",
    "RecordCountPrev": 8284,
    "RecordCountCur": 8284,
    "MatchCount": 8284,
    "MatchCountPercent": 100.0
  },
  {
    "BuildPrev": "4.0.6.13596",
    "BuildCur": "",
    "RecordCountPrev": 8284,
    "RecordCountCur": 8724,
    "MatchCount": 7986,
    "MatchCountPercent": 96.4027
  },
  {
    "BuildPrev": "",
    "BuildCur": "4.1.0.13914",
    "RecordCountPrev": 8724,
    "RecordCountCur": 8793,
    "MatchCount": 8538,
    "MatchCountPercent": 97.868
  },
  {
    "BuildPrev": "4.1.0.13914",
    "BuildCur": "",
    "RecordCountPrev": 8793,
    "RecordCountCur": 8793,
    "MatchCount": 8793,
    "MatchCountPercent": 100.0
  },
  {
    "BuildPrev": "",
    "BuildCur": "4.2.0.14333",
    "RecordCountPrev": 8793,
    "RecordCountCur": 8924,
    "MatchCount": 8643,
    "MatchCountPercent": 98.2941
  },
  {
    "BuildPrev": "4.2.0.14333",
    "BuildCur": "",
    "RecordCountPrev": 8924,
    "RecordCountCur": 8284,
    "MatchCount": 7941,
    "MatchCountPercent": 88.9848
  },
  {
    "BuildPrev": "",
    "BuildCur": "4.2.2.14545",
    "RecordCountPrev": 8284,
    "RecordCountCur": 8916,
    "MatchCount": 7933,
    "MatchCountPercent": 95.7629
  },
  {
    "BuildPrev": "4.2.2.14545",
    "BuildCur": "4.3.0.15005",
    "RecordCountPrev": 8916,
    "RecordCountCur": 8916,
    "MatchCount": 8916,
    "MatchCountPercent": 100.0
  },
  {
    "BuildPrev": "4.3.0.15005",
    "BuildCur": "",
    "RecordCountPrev": 8916,
    "RecordCountCur": 8916,
    "MatchCount": 8916,
    "MatchCountPercent": 100.0
  },
  {
    "BuildPrev": "",
    "BuildCur": "4.3.2.15211",
    "RecordCountPrev": 8916,
    "RecordCountCur": 9050,
    "MatchCount": 8697,
    "MatchCountPercent": 97.5437
  },
  {
    "BuildPrev": "4.3.2.15211",
    "BuildCur": "4.3.3.15354",
    "RecordCountPrev": 9050,
    "RecordCountCur": 9050,
    "MatchCount": 9050,
    "MatchCountPercent": 100.0
  },
  {
    "BuildPrev": "4.3.3.15354",
    "BuildCur": "4.3.4.15595",
    "RecordCountPrev": 9050,
    "RecordCountCur": 9050,
    "MatchCount": 9050,
    "MatchCountPercent": 100.0
  },
  {
    "BuildPrev": "4.3.4.15595",
    "BuildCur": "5.0.1.15464",
    "RecordCountPrev": 9050,
    "RecordCountCur": 10391,
    "MatchCount": 0,
    "MatchCountPercent": 0.0
  },
  {
    "BuildPrev": "5.0.1.15464",
    "BuildCur": "5.0.1.15508",
    "RecordCountPrev": 10391,
    "RecordCountCur": 10443,
    "MatchCount": 10213,
    "MatchCountPercent": 98.287
  },
  {
    "BuildPrev": "5.0.1.15508",
    "BuildCur": "5.0.1.15544",
    "RecordCountPrev": 10443,
    "RecordCountCur": 10495,
    "MatchCount": 10254,
    "MatchCountPercent": 98.1902
  },
  {
    "BuildPrev": "5.0.1.15544",
    "BuildCur": "5.0.1.15589",
    "RecordCountPrev": 10495,
    "RecordCountCur": 10566,
    "MatchCount": 10356,
    "MatchCountPercent": 98.6756
  },
  {
    "BuildPrev": "5.0.1.15589",
    "BuildCur": "5.0.1.15640",
    "RecordCountPrev": 10566,
    "RecordCountCur": 10391,
    "MatchCount": 10157,
    "MatchCountPercent": 96.1291
  },
  {
    "BuildPrev": "5.0.1.15640",
    "BuildCur": "5.0.1.15650",
    "RecordCountPrev": 10391,
    "RecordCountCur": 10724,
    "MatchCount": 0,
    "MatchCountPercent": 0.0
  },
  {
    "BuildPrev": "5.0.1.15650",
    "BuildCur": "5.0.1.15657",
    "RecordCountPrev": 10724,
    "RecordCountCur": 10751,
    "MatchCount": 10716,
    "MatchCountPercent": 99.9254
  },
  {
    "BuildPrev": "5.0.1.15657",
    "BuildCur": "5.0.1.15662",
    "RecordCountPrev": 10751,
    "RecordCountCur": 10391,
    "MatchCount": 0,
    "MatchCountPercent": 0.0
  },
  {
    "BuildPrev": "5.0.1.15662",
    "BuildCur": "5.0.1.15668",
    "RecordCountPrev": 10391,
    "RecordCountCur": 10585,
    "MatchCount": 0,
    "MatchCountPercent": 0.0
  },
  {
    "BuildPrev": "5.0.1.15668",
    "BuildCur": "5.0.1.15677",
    "RecordCountPrev": 10585,
    "RecordCountCur": 10621,
    "MatchCount": 10580,
    "MatchCountPercent": 99.9528
  },
  {
    "BuildPrev": "5.0.1.15677",
    "BuildCur": "5.0.1.15689",
    "RecordCountPrev": 10621,
    "RecordCountCur": 10666,
    "MatchCount": 10618,
    "MatchCountPercent": 99.9718
  },
  {
    "BuildPrev": "5.0.1.15689",
    "BuildCur": "5.0.1.15699",
    "RecordCountPrev": 10666,
    "RecordCountCur": 10717,
    "MatchCount": 10654,
    "MatchCountPercent": 99.8875
  },
  {
    "BuildPrev": "5.0.1.15699",
    "BuildCur": "5.0.1.15726",
    "RecordCountPrev": 10717,
    "RecordCountCur": 10739,
    "MatchCount": 10713,
    "MatchCountPercent": 99.9627
  },
  {
    "BuildPrev": "5.0.1.15726",
    "BuildCur": "5.0.1.15739",
    "RecordCountPrev": 10739,
    "RecordCountCur": 10766,
    "MatchCount": 10723,
    "MatchCountPercent": 99.851
  },
  {
    "BuildPrev": "5.0.1.15739",
    "BuildCur": "5.0.1.15752",
    "RecordCountPrev": 10766,
    "RecordCountCur": 10767,
    "MatchCount": 10754,
    "MatchCountPercent": 99.8885
  },
  {
    "BuildPrev": "5.0.1.15752",
    "BuildCur": "5.0.1.15762",
    "RecordCountPrev": 10767,
    "RecordCountCur": 10786,
    "MatchCount": 10752,
    "MatchCountPercent": 99.8607
  },
  {
    "BuildPrev": "5.0.1.15762",
    "BuildCur": "5.0.1.15781",
    "RecordCountPrev": 10786,
    "RecordCountCur": 10806,
    "MatchCount": 10762,
    "MatchCountPercent": 99.7775
  },
  {
    "BuildPrev": "5.0.1.15781",
    "BuildCur": "5.0.1.15799",
    "RecordCountPrev": 10806,
    "RecordCountCur": 10835,
    "MatchCount": 10803,
    "MatchCountPercent": 99.9722
  },
  {
    "BuildPrev": "5.0.1.15799",
    "BuildCur": "5.0.4.15890",
    "RecordCountPrev": 10835,
    "RecordCountCur": 10898,
    "MatchCount": 10815,
    "MatchCountPercent": 99.8154
  },
  {
    "BuildPrev": "5.0.4.15890",
    "BuildCur": "5.0.4.16016",
    "RecordCountPrev": 10898,
    "RecordCountCur": 11016,
    "MatchCount": 10813,
    "MatchCountPercent": 99.22
  },
  {
    "BuildPrev": "5.0.4.16016",
    "BuildCur": "5.0.5.16048",
    "RecordCountPrev": 11016,
    "RecordCountCur": 11017,
    "MatchCount": 11004,
    "MatchCountPercent": 99.8911
  },
  {
    "BuildPrev": "5.0.5.16048",
    "BuildCur": "5.0.5.16057",
    "RecordCountPrev": 11017,
    "RecordCountCur": 11017,
    "MatchCount": 11017,
    "MatchCountPercent": 100.0
  },
  {
    "BuildPrev": "5.0.5.16057",
    "BuildCur": "5.1.0.16309",
    "RecordCountPrev": 11017,
    "RecordCountCur": 11234,
    "MatchCount": 10912,
    "MatchCountPercent": 99.0469
  },
  {
    "BuildPrev": "5.1.0.16309",
    "BuildCur": "",
    "RecordCountPrev": 11234,
    "RecordCountCur": 11234,
    "MatchCount": 11234,
    "MatchCountPercent": 100.0
  },
  {
    "BuildPrev": "",
    "BuildCur": "5.2.0.16516",
    "RecordCountPrev": 11234,
    "RecordCountCur": 11451,
    "MatchCount": 11183,
    "MatchCountPercent": 99.546
  },
  {
    "BuildPrev": "5.2.0.16516",
    "BuildCur": "5.2.0.16650",
    "RecordCountPrev": 11451,
    "RecordCountCur": 11484,
    "MatchCount": 11427,
    "MatchCountPercent": 99.7904
  },
  {
    "BuildPrev": "5.2.0.16650",
    "BuildCur": "5.3.0.16844",
    "RecordCountPrev": 11484,
    "RecordCountCur": 11551,
    "MatchCount": 11465,
    "MatchCountPercent": 99.8346
  },
  {
    "BuildPrev": "5.3.0.16844",
    "BuildCur": "5.3.0.16965",
    "RecordCountPrev": 11551,
    "RecordCountCur": 11551,
    "MatchCount": 11546,
    "MatchCountPercent": 99.9567
  },
  {
    "BuildPrev": "5.3.0.16965",
    "BuildCur": "5.3.0.17116",
    "RecordCountPrev": 11551,
    "RecordCountCur": 11551,
    "MatchCount": 11551,
    "MatchCountPercent": 100.0
  },
  {
    "BuildPrev": "5.3.0.17116",
    "BuildCur": "5.4.0.17266",
    "RecordCountPrev": 11551,
    "RecordCountCur": 12002,
    "MatchCount": 11505,
    "MatchCountPercent": 99.6018
  },
  {
    "BuildPrev": "5.4.0.17266",
    "BuildCur": "5.4.0.17325",
    "RecordCountPrev": 12002,
    "RecordCountCur": 12011,
    "MatchCount": 11998,
    "MatchCountPercent": 99.9667
  },
  {
    "BuildPrev": "5.4.0.17325",
    "BuildCur": "5.4.0.17345",
    "RecordCountPrev": 12011,
    "RecordCountCur": 12012,
    "MatchCount": 12011,
    "MatchCountPercent": 100.0
  },
  {
    "BuildPrev": "5.4.0.17345",
    "BuildCur": "5.4.1.17520",
    "RecordCountPrev": 12012,
    "RecordCountCur": 12016,
    "MatchCount": 12010,
    "MatchCountPercent": 99.9834
  },
  {
    "BuildPrev": "5.4.1.17520",
    "BuildCur": "5.4.1.17538",
    "RecordCountPrev": 12016,
    "RecordCountCur": 12016,
    "MatchCount": 12016,
    "MatchCountPercent": 100.0
  },
  {
    "BuildPrev": "5.4.1.17538",
    "BuildCur": "5.4.2.17645",
    "RecordCountPrev": 12016,
    "RecordCountCur": 12015,
    "MatchCount": 12015,
    "MatchCountPercent": 99.9917
  },
  {
    "BuildPrev": "5.4.2.17645",
    "BuildCur": "5.4.2.17688",
    "RecordCountPrev": 12015,
    "RecordCountCur": 12015,
    "MatchCount": 12015,
    "MatchCountPercent": 100.0
  },
  {
    "BuildPrev": "5.4.2.17688",
    "BuildCur": "5.4.7.17898",
    "RecordCountPrev": 12015,
    "RecordCountCur": 12014,
    "MatchCount": 12013,
    "MatchCountPercent": 99.9834
  },
  {
    "BuildPrev": "5.4.7.17898",
    "BuildCur": "5.4.8.18273",
    "RecordCountPrev": 12014,
    "RecordCountCur": 12015,
    "MatchCount": 12014,
    "MatchCountPercent": 100.0
  },
  {
    "BuildPrev": "5.4.8.18273",
    "BuildCur": "6.0.1.18125",
    "RecordCountPrev": 12015,
    "RecordCountCur": 12750,
    "MatchCount": 11959,
    "MatchCountPercent": 99.5339
  },
  {
    "BuildPrev": "6.0.1.18125",
    "BuildCur": "6.0.1.18156",
    "RecordCountPrev": 12750,
    "RecordCountCur": 12994,
    "MatchCount": 12746,
    "MatchCountPercent": 99.9686
  },
  {
    "BuildPrev": "6.0.1.18156",
    "BuildCur": "6.0.1.18164",
    "RecordCountPrev": 12994,
    "RecordCountCur": 13012,
    "MatchCount": 12994,
    "MatchCountPercent": 100.0
  },
  {
    "BuildPrev": "6.0.1.18164",
    "BuildCur": "6.0.1.18179",
    "RecordCountPrev": 13012,
    "RecordCountCur": 13014,
    "MatchCount": 13008,
    "MatchCountPercent": 99.9693
  },
  {
    "BuildPrev": "6.0.1.18179",
    "BuildCur": "6.0.1.18297",
    "RecordCountPrev": 13014,
    "RecordCountCur": 13165,
    "MatchCount": 13003,
    "MatchCountPercent": 99.9155
  },
  {
    "BuildPrev": "6.0.1.18297",
    "BuildCur": "6.0.1.18322",
    "RecordCountPrev": 13165,
    "RecordCountCur": 13229,
    "MatchCount": 13162,
    "MatchCountPercent": 99.9772
  },
  {
    "BuildPrev": "6.0.1.18322",
    "BuildCur": "6.0.1.18379",
    "RecordCountPrev": 13229,
    "RecordCountCur": 13386,
    "MatchCount": 13221,
    "MatchCountPercent": 99.9395
  },
  {
    "BuildPrev": "6.0.1.18379",
    "BuildCur": "6.0.1.18443",
    "RecordCountPrev": 13386,
    "RecordCountCur": 13439,
    "MatchCount": 13380,
    "MatchCountPercent": 99.9552
  },
  {
    "BuildPrev": "6.0.1.18443",
    "BuildCur": "6.0.1.18471",
    "RecordCountPrev": 13439,
    "RecordCountCur": 13469,
    "MatchCount": 13437,
    "MatchCountPercent": 99.9851
  },
  {
    "BuildPrev": "6.0.1.18471",
    "BuildCur": "6.0.1.18505",
    "RecordCountPrev": 13469,
    "RecordCountCur": 13517,
    "MatchCount": 13457,
    "MatchCountPercent": 99.9109
  },
  {
    "BuildPrev": "6.0.1.18505",
    "BuildCur": "6.0.1.18522",
    "RecordCountPrev": 13517,
    "RecordCountCur": 13542,
    "MatchCount": 13514,
    "MatchCountPercent": 99.9778
  },
  {
    "BuildPrev": "6.0.1.18522",
    "BuildCur": "6.0.1.18537",
    "RecordCountPrev": 13542,
    "RecordCountCur": 13569,
    "MatchCount": 13541,
    "MatchCountPercent": 99.9926
  },
  {
    "BuildPrev": "6.0.1.18537",
    "BuildCur": "6.0.1.18566",
    "RecordCountPrev": 13569,
    "RecordCountCur": 13682,
    "MatchCount": 13561,
    "MatchCountPercent": 99.9411
  },
  {
    "BuildPrev": "6.0.1.18566",
    "BuildCur": "6.0.1.18594",
    "RecordCountPrev": 13682,
    "RecordCountCur": 13713,
    "MatchCount": 13662,
    "MatchCountPercent": 99.8538
  },
  {
    "BuildPrev": "6.0.1.18594",
    "BuildCur": "6.0.1.18645",
    "RecordCountPrev": 13713,
    "RecordCountCur": 13713,
    "MatchCount": 13713,
    "MatchCountPercent": 100.0
  },
  {
    "BuildPrev": "6.0.1.18645",
    "BuildCur": "6.0.1.18663",
    "RecordCountPrev": 13713,
    "RecordCountCur": 13749,
    "MatchCount": 13705,
    "MatchCountPercent": 99.9417
  },
  {
    "BuildPrev": "6.0.1.18663",
    "BuildCur": "6.0.1.18685",
    "RecordCountPrev": 13749,
    "RecordCountCur": 13749,
    "MatchCount": 13749,
    "MatchCountPercent": 100.0
  },
  {
    "BuildPrev": "6.0.1.18685",
    "BuildCur": "6.0.1.18689",
    "RecordCountPrev": 13749,
    "RecordCountCur": 13765,
    "MatchCount": 13747,
    "MatchCountPercent": 99.9855
  },
  {
    "BuildPrev": "6.0.1.18689",
    "BuildCur": "6.0.1.18716",
    "RecordCountPrev": 13765,
    "RecordCountCur": 13776,
    "MatchCount": 13759,
    "MatchCountPercent": 99.9564
  },
  {
    "BuildPrev": "6.0.1.18716",
    "BuildCur": "6.0.1.18738",
    "RecordCountPrev": 13776,
    "RecordCountCur": 13799,
    "MatchCount": 13749,
    "MatchCountPercent": 99.804
  },
  {
    "BuildPrev": "6.0.1.18738",
    "BuildCur": "6.0.2.18764",
    "RecordCountPrev": 13799,
    "RecordCountCur": 13826,
    "MatchCount": 13792,
    "MatchCountPercent": 99.9493
  },
  {
    "BuildPrev": "6.0.2.18764",
    "BuildCur": "6.0.1.18803",
    "RecordCountPrev": 13826,
    "RecordCountCur": 13817,
    "MatchCount": 13817,
    "MatchCountPercent": 99.9349
  },
  {
    "BuildPrev": "6.0.1.18803",
    "BuildCur": "6.0.2.18816",
    "RecordCountPrev": 13817,
    "RecordCountCur": 13841,
    "MatchCount": 13808,
    "MatchCountPercent": 99.9349
  },
  {
    "BuildPrev": "6.0.2.18816",
    "BuildCur": "6.0.2.18833",
    "RecordCountPrev": 13841,
    "RecordCountCur": 13841,
    "MatchCount": 13841,
    "MatchCountPercent": 100.0
  },
  {
    "BuildPrev": "6.0.2.18833",
    "BuildCur": "6.0.2.18837",
    "RecordCountPrev": 13841,
    "RecordCountCur": 13848,
    "MatchCount": 13840,
    "MatchCountPercent": 99.9928
  },
  {
    "BuildPrev": "6.0.2.18837",
    "BuildCur": "6.0.2.18838",
    "RecordCountPrev": 13848,
    "RecordCountCur": 13848,
    "MatchCount": 13848,
    "MatchCountPercent": 100.0
  },
  {
    "BuildPrev": "6.0.2.18838",
    "BuildCur": "6.0.2.18848",
    "RecordCountPrev": 13848,
    "RecordCountCur": 13848,
    "MatchCount": 13848,
    "MatchCountPercent": 100.0
  },
  {
    "BuildPrev": "6.0.2.18848",
    "BuildCur": "6.0.2.18850",
    "RecordCountPrev": 13848,
    "RecordCountCur": 13852,
    "MatchCount": 13846,
    "MatchCountPercent": 99.9856
  },
  {
    "BuildPrev": "6.0.2.18850",
    "BuildCur": "6.0.2.18865",
    "RecordCountPrev": 13852,
    "RecordCountCur": 13852,
    "MatchCount": 13852,
    "MatchCountPercent": 100.0
  },
  {
    "BuildPrev": "6.0.2.18865",
    "BuildCur": "6.0.2.18888",
    "RecordCountPrev": 13852,
    "RecordCountCur": 13865,
    "MatchCount": 13807,
    "MatchCountPercent": 99.6751
  },
  {
    "BuildPrev": "6.0.2.18888",
    "BuildCur": "6.0.2.18898",
    "RecordCountPrev": 13865,
    "RecordCountCur": 13868,
    "MatchCount": 13864,
    "MatchCountPercent": 99.9928
  },
  {
    "BuildPrev": "6.0.2.18898",
    "BuildCur": "6.0.2.18909",
    "RecordCountPrev": 13868,
    "RecordCountCur": 13868,
    "MatchCount": 13863,
    "MatchCountPercent": 99.9639
  },
  {
    "BuildPrev": "6.0.2.18909",
    "BuildCur": "6.0.2.18912",
    "RecordCountPrev": 13868,
    "RecordCountCur": 13868,
    "MatchCount": 13863,
    "MatchCountPercent": 99.9639
  },
  {
    "BuildPrev": "6.0.2.18912",
    "BuildCur": "6.0.2.18922",
    "RecordCountPrev": 13868,
    "RecordCountCur": 13868,
    "MatchCount": 13863,
    "MatchCountPercent": 99.9639
  },
  {
    "BuildPrev": "6.0.2.18922",
    "BuildCur": "6.0.2.18927",
    "RecordCountPrev": 13868,
    "RecordCountCur": 13868,
    "MatchCount": 13867,
    "MatchCountPercent": 99.9928
  },
  {
    "BuildPrev": "6.0.2.18927",
    "BuildCur": "6.0.2.18934",
    "RecordCountPrev": 13868,
    "RecordCountCur": 13868,
    "MatchCount": 13868,
    "MatchCountPercent": 100.0
  },
  {
    "BuildPrev": "6.0.2.18934",
    "BuildCur": "6.0.2.18935",
    "RecordCountPrev": 13868,
    "RecordCountCur": 13868,
    "MatchCount": 13867,
    "MatchCountPercent": 99.9928
  },
  {
    "BuildPrev": "6.0.2.18935",
    "BuildCur": "6.0.2.18950",
    "RecordCountPrev": 13868,
    "RecordCountCur": 13873,
    "MatchCount": 13867,
    "MatchCountPercent": 99.9928
  },
  {
    "BuildPrev": "6.0.2.18950",
    "BuildCur": "6.0.2.18965",
    "RecordCountPrev": 13873,
    "RecordCountCur": 13873,
    "MatchCount": 13873,
    "MatchCountPercent": 100.0
  },
  {
    "BuildPrev": "6.0.2.18965",
    "BuildCur": "6.0.2.18967",
    "RecordCountPrev": 13873,
    "RecordCountCur": 13874,
    "MatchCount": 13871,
    "MatchCountPercent": 99.9856
  },
  {
    "BuildPrev": "6.0.2.18967",
    "BuildCur": "6.0.2.18973",
    "RecordCountPrev": 13874,
    "RecordCountCur": 13875,
    "MatchCount": 13874,
    "MatchCountPercent": 100.0
  },
  {
    "BuildPrev": "6.0.2.18973",
    "BuildCur": "6.0.2.18982",
    "RecordCountPrev": 13875,
    "RecordCountCur": 13875,
    "MatchCount": 13874,
    "MatchCountPercent": 99.9928
  },
  {
    "BuildPrev": "6.0.2.18982",
    "BuildCur": "6.0.2.18983",
    "RecordCountPrev": 13875,
    "RecordCountCur": 13875,
    "MatchCount": 13874,
    "MatchCountPercent": 99.9928
  },
  {
    "BuildPrev": "6.0.2.18983",
    "BuildCur": "6.0.2.18986",
    "RecordCountPrev": 13875,
    "RecordCountCur": 13875,
    "MatchCount": 13874,
    "MatchCountPercent": 99.9928
  },
  {
    "BuildPrev": "6.0.2.18986",
    "BuildCur": "6.0.2.18988",
    "RecordCountPrev": 13875,
    "RecordCountCur": 13875,
    "MatchCount": 13875,
    "MatchCountPercent": 100.0
  },
  {
    "BuildPrev": "6.0.2.18988",
    "BuildCur": "6.0.2.18989",
    "RecordCountPrev": 13875,
    "RecordCountCur": 13875,
    "MatchCount": 13875,
    "MatchCountPercent": 100.0
  },
  {
    "BuildPrev": "6.0.2.18989",
    "BuildCur": "6.0.2.18996",
    "RecordCountPrev": 13875,
    "RecordCountCur": 13877,
    "MatchCount": 13875,
    "MatchCountPercent": 100.0
  },
  {
    "BuildPrev": "6.0.2.18996",
    "BuildCur": "6.0.2.19000",
    "RecordCountPrev": 13877,
    "RecordCountCur": 13877,
    "MatchCount": 13877,
    "MatchCountPercent": 100.0
  },
  {
    "BuildPrev": "6.0.2.19000",
    "BuildCur": "6.0.2.19005",
    "RecordCountPrev": 13877,
    "RecordCountCur": 13877,
    "MatchCount": 13877,
    "MatchCountPercent": 100.0
  },
  {
    "BuildPrev": "6.0.2.19005",
    "BuildCur": "6.0.2.19041",
    "RecordCountPrev": 13877,
    "RecordCountCur": 13879,
    "MatchCount": 13876,
    "MatchCountPercent": 99.9928
  },
  {
    "BuildPrev": "6.0.2.19041",
    "BuildCur": "6.0.3.19057",
    "RecordCountPrev": 13879,
    "RecordCountCur": 13884,
    "MatchCount": 13879,
    "MatchCountPercent": 100.0
  },
  {
    "BuildPrev": "6.0.3.19057",
    "BuildCur": "6.0.3.19078",
    "RecordCountPrev": 13884,
    "RecordCountCur": 13884,
    "MatchCount": 13884,
    "MatchCountPercent": 100.0
  },
  {
    "BuildPrev": "6.0.3.19078",
    "BuildCur": "6.0.3.19085",
    "RecordCountPrev": 13884,
    "RecordCountCur": 13884,
    "MatchCount": 13884,
    "MatchCountPercent": 100.0
  },
  {
    "BuildPrev": "6.0.3.19085",
    "BuildCur": "6.0.3.19175",
    "RecordCountPrev": 13884,
    "RecordCountCur": 13884,
    "MatchCount": 13884,
    "MatchCountPercent": 100.0
  },
  {
    "BuildPrev": "6.0.3.19175",
    "BuildCur": "6.0.3.19200",
    "RecordCountPrev": 13884,
    "RecordCountCur": 13884,
    "MatchCount": 13884,
    "MatchCountPercent": 100.0
  },
  {
    "BuildPrev": "6.0.3.19200",
    "BuildCur": "6.0.3.19342",
    "RecordCountPrev": 13884,
    "RecordCountCur": 13884,
    "MatchCount": 13884,
    "MatchCountPercent": 100.0
  },
  {
    "BuildPrev": "6.0.3.19342",
    "BuildCur": "6.1.0.19445",
    "RecordCountPrev": 13884,
    "RecordCountCur": 13917,
    "MatchCount": 13867,
    "MatchCountPercent": 99.8776
  },
  {
    "BuildPrev": "6.1.0.19445",
    "BuildCur": "6.1.0.19480",
    "RecordCountPrev": 13917,
    "RecordCountCur": 13916,
    "MatchCount": 13916,
    "MatchCountPercent": 99.9928
  },
  {
    "BuildPrev": "6.1.0.19480",
    "BuildCur": "6.1.0.19508",
    "RecordCountPrev": 13916,
    "RecordCountCur": 13918,
    "MatchCount": 13915,
    "MatchCountPercent": 99.9928
  },
  {
    "BuildPrev": "6.1.0.19508",
    "BuildCur": "6.1.0.19533",
    "RecordCountPrev": 13918,
    "RecordCountCur": 13926,
    "MatchCount": 13918,
    "MatchCountPercent": 100.0
  },
  {
    "BuildPrev": "6.1.0.19533",
    "BuildCur": "6.1.0.19551",
    "RecordCountPrev": 13926,
    "RecordCountCur": 13931,
    "MatchCount": 13926,
    "MatchCountPercent": 100.0
  },
  {
    "BuildPrev": "6.1.0.19551",
    "BuildCur": "6.1.0.19567",
    "RecordCountPrev": 13931,
    "RecordCountCur": 13933,
    "MatchCount": 13931,
    "MatchCountPercent": 100.0
  },
  {
    "BuildPrev": "6.1.0.19567",
    "BuildCur": "6.1.0.19592",
    "RecordCountPrev": 13933,
    "RecordCountCur": 13934,
    "MatchCount": 13933,
    "MatchCountPercent": 100.0
  },
  {
    "BuildPrev": "6.1.0.19592",
    "BuildCur": "6.1.0.19611",
    "RecordCountPrev": 13934,
    "RecordCountCur": 13934,
    "MatchCount": 13934,
    "MatchCountPercent": 100.0
  },
  {
    "BuildPrev": "6.1.0.19611",
    "BuildCur": "6.1.0.19622",
    "RecordCountPrev": 13934,
    "RecordCountCur": 13934,
    "MatchCount": 13934,
    "MatchCountPercent": 100.0
  },
  {
    "BuildPrev": "6.1.0.19622",
    "BuildCur": "6.1.0.19634",
    "RecordCountPrev": 13934,
    "RecordCountCur": 13934,
    "MatchCount": 13934,
    "MatchCountPercent": 100.0
  },
  {
    "BuildPrev": "6.1.0.19634",
    "BuildCur": "6.1.0.19702",
    "RecordCountPrev": 13934,
    "RecordCountCur": 13934,
    "MatchCount": 13934,
    "MatchCountPercent": 100.0
  },
  {
    "BuildPrev": "6.1.0.19702",
    "BuildCur": "6.1.2.19711",
    "RecordCountPrev": 13934,
    "RecordCountCur": 13937,
    "MatchCount": 13926,
    "MatchCountPercent": 99.9426
  },
  {
    "BuildPrev": "6.1.2.19711",
    "BuildCur": "6.1.2.19728",
    "RecordCountPrev": 13937,
    "RecordCountCur": 13937,
    "MatchCount": 13937,
    "MatchCountPercent": 100.0
  },
  {
    "BuildPrev": "6.1.2.19728",
    "BuildCur": "6.1.2.19750",
    "RecordCountPrev": 13937,
    "RecordCountCur": 13937,
    "MatchCount": 13937,
    "MatchCountPercent": 100.0
  },
  {
    "BuildPrev": "6.1.2.19750",
    "BuildCur": "6.1.2.19769",
    "RecordCountPrev": 13937,
    "RecordCountCur": 13937,
    "MatchCount": 13937,
    "MatchCountPercent": 100.0
  },
  {
    "BuildPrev": "6.1.2.19769",
    "BuildCur": "6.1.2.19783",
    "RecordCountPrev": 13937,
    "RecordCountCur": 13937,
    "MatchCount": 13937,
    "MatchCountPercent": 100.0
  },
  {
    "BuildPrev": "6.1.2.19783",
    "BuildCur": "6.1.2.19793",
    "RecordCountPrev": 13937,
    "RecordCountCur": 13937,
    "MatchCount": 13937,
    "MatchCountPercent": 100.0
  },
  {
    "BuildPrev": "6.1.2.19793",
    "BuildCur": "6.1.2.19802",
    "RecordCountPrev": 13937,
    "RecordCountCur": 13937,
    "MatchCount": 13937,
    "MatchCountPercent": 100.0
  },
  {
    "BuildPrev": "6.1.2.19802",
    "BuildCur": "6.1.2.19831",
    "RecordCountPrev": 13937,
    "RecordCountCur": 13937,
    "MatchCount": 13937,
    "MatchCountPercent": 100.0
  },
  {
    "BuildPrev": "6.1.2.19831",
    "BuildCur": "6.1.2.19854",
    "RecordCountPrev": 13937,
    "RecordCountCur": 13937,
    "MatchCount": 13937,
    "MatchCountPercent": 100.0
  },
  {
    "BuildPrev": "6.1.2.19854",
    "BuildCur": "6.1.2.19865",
    "RecordCountPrev": 13937,
    "RecordCountCur": 13937,
    "MatchCount": 13937,
    "MatchCountPercent": 100.0
  },
  {
    "BuildPrev": "6.1.2.19865",
    "BuildCur": "6.2.0.19890",
    "RecordCountPrev": 13937,
    "RecordCountCur": 14058,
    "MatchCount": 13934,
    "MatchCountPercent": 99.9785
  },
  {
    "BuildPrev": "6.2.0.19890",
    "BuildCur": "6.2.0.19906",
    "RecordCountPrev": 14058,
    "RecordCountCur": 14064,
    "MatchCount": 14058,
    "MatchCountPercent": 100.0
  },
  {
    "BuildPrev": "6.2.0.19906",
    "BuildCur": "6.2.0.19934",
    "RecordCountPrev": 14064,
    "RecordCountCur": 14082,
    "MatchCount": 14064,
    "MatchCountPercent": 100.0
  },
  {
    "BuildPrev": "6.2.0.19934",
    "BuildCur": "6.2.0.19953",
    "RecordCountPrev": 14082,
    "RecordCountCur": 14089,
    "MatchCount": 14079,
    "MatchCountPercent": 99.9787
  },
  {
    "BuildPrev": "6.2.0.19953",
    "BuildCur": "6.2.0.19973",
    "RecordCountPrev": 14089,
    "RecordCountCur": 14092,
    "MatchCount": 14087,
    "MatchCountPercent": 99.9858
  },
  {
    "BuildPrev": "6.2.0.19973",
    "BuildCur": "6.2.0.20008",
    "RecordCountPrev": 14092,
    "RecordCountCur": 14097,
    "MatchCount": 14088,
    "MatchCountPercent": 99.9716
  },
  {
    "BuildPrev": "6.2.0.20008",
    "BuildCur": "6.2.0.20033",
    "RecordCountPrev": 14097,
    "RecordCountCur": 14100,
    "MatchCount": 14094,
    "MatchCountPercent": 99.9787
  },
  {
    "BuildPrev": "6.2.0.20033",
    "BuildCur": "6.2.0.20051",
    "RecordCountPrev": 14100,
    "RecordCountCur": 14100,
    "MatchCount": 14100,
    "MatchCountPercent": 100.0
  },
  {
    "BuildPrev": "6.2.0.20051",
    "BuildCur": "6.2.0.20061",
    "RecordCountPrev": 14100,
    "RecordCountCur": 14105,
    "MatchCount": 14100,
    "MatchCountPercent": 100.0
  },
  {
    "BuildPrev": "6.2.0.20061",
    "BuildCur": "6.2.0.20076",
    "RecordCountPrev": 14105,
    "RecordCountCur": 14106,
    "MatchCount": 14105,
    "MatchCountPercent": 100.0
  },
  {
    "BuildPrev": "6.2.0.20076",
    "BuildCur": "6.2.0.20104",
    "RecordCountPrev": 14106,
    "RecordCountCur": 14107,
    "MatchCount": 14105,
    "MatchCountPercent": 99.9929
  },
  {
    "BuildPrev": "6.2.0.20104",
    "BuildCur": "6.2.0.20111",
    "RecordCountPrev": 14107,
    "RecordCountCur": 14099,
    "MatchCount": 14092,
    "MatchCountPercent": 99.8937
  },
  {
    "BuildPrev": "6.2.0.20111",
    "BuildCur": "6.2.0.20141",
    "RecordCountPrev": 14099,
    "RecordCountCur": 14100,
    "MatchCount": 14097,
    "MatchCountPercent": 99.9858
  },
  {
    "BuildPrev": "6.2.0.20141",
    "BuildCur": "6.2.0.20157",
    "RecordCountPrev": 14100,
    "RecordCountCur": 14100,
    "MatchCount": 14100,
    "MatchCountPercent": 100.0
  },
  {
    "BuildPrev": "6.2.0.20157",
    "BuildCur": "6.2.0.20173",
    "RecordCountPrev": 14100,
    "RecordCountCur": 14100,
    "MatchCount": 14100,
    "MatchCountPercent": 100.0
  },
  {
    "BuildPrev": "6.2.0.20173",
    "BuildCur": "6.2.0.20182",
    "RecordCountPrev": 14100,
    "RecordCountCur": 14100,
    "MatchCount": 14100,
    "MatchCountPercent": 100.0
  },
  {
    "BuildPrev": "6.2.0.20182",
    "BuildCur": "6.2.0.20201",
    "RecordCountPrev": 14100,
    "RecordCountCur": 14100,
    "MatchCount": 14100,
    "MatchCountPercent": 100.0
  },
  {
    "BuildPrev": "6.2.0.20201",
    "BuildCur": "6.2.0.20216",
    "RecordCountPrev": 14100,
    "RecordCountCur": 14100,
    "MatchCount": 14100,
    "MatchCountPercent": 100.0
  },
  {
    "BuildPrev": "6.2.0.20216",
    "BuildCur": "6.2.0.20253",
    "RecordCountPrev": 14100,
    "RecordCountCur": 14100,
    "MatchCount": 14100,
    "MatchCountPercent": 100.0
  },
  {
    "BuildPrev": "6.2.0.20253",
    "BuildCur": "6.2.1.20271",
    "RecordCountPrev": 14100,
    "RecordCountCur": 14102,
    "MatchCount": 14100,
    "MatchCountPercent": 100.0
  },
  {
    "BuildPrev": "6.2.1.20271",
    "BuildCur": "6.2.0.20318",
    "RecordCountPrev": 14102,
    "RecordCountCur": 14100,
    "MatchCount": 14100,
    "MatchCountPercent": 99.9858
  },
  {
    "BuildPrev": "6.2.0.20318",
    "BuildCur": "6.2.1.20328",
    "RecordCountPrev": 14100,
    "RecordCountCur": 14105,
    "MatchCount": 14099,
    "MatchCountPercent": 99.9929
  },
  {
    "BuildPrev": "6.2.1.20328",
    "BuildCur": "6.2.0.20338",
    "RecordCountPrev": 14105,
    "RecordCountCur": 14100,
    "MatchCount": 14099,
    "MatchCountPercent": 99.9575
  },
  {
    "BuildPrev": "6.2.0.20338",
    "BuildCur": "6.2.1.20363",
    "RecordCountPrev": 14100,
    "RecordCountCur": 14105,
    "MatchCount": 14099,
    "MatchCountPercent": 99.9929
  },
  {
    "BuildPrev": "6.2.1.20363",
    "BuildCur": "6.2.2.20395",
    "RecordCountPrev": 14105,
    "RecordCountCur": 14108,
    "MatchCount": 14105,
    "MatchCountPercent": 100.0
  },
  {
    "BuildPrev": "6.2.2.20395",
    "BuildCur": "6.2.2.20426",
    "RecordCountPrev": 14108,
    "RecordCountCur": 14108,
    "MatchCount": 14108,
    "MatchCountPercent": 100.0
  },
  {
    "BuildPrev": "6.2.2.20426",
    "BuildCur": "6.2.2.20438",
    "RecordCountPrev": 14108,
    "RecordCountCur": 14108,
    "MatchCount": 14108,
    "MatchCountPercent": 100.0
  },
  {
    "BuildPrev": "6.2.2.20438",
    "BuildCur": "6.2.2.20444",
    "RecordCountPrev": 14108,
    "RecordCountCur": 14108,
    "MatchCount": 14108,
    "MatchCountPercent": 100.0
  },
  {
    "BuildPrev": "6.2.2.20444",
    "BuildCur": "6.2.2.20490",
    "RecordCountPrev": 14108,
    "RecordCountCur": 14108,
    "MatchCount": 14108,
    "MatchCountPercent": 100.0
  },
  {
    "BuildPrev": "6.2.2.20490",
    "BuildCur": "6.2.2.20574",
    "RecordCountPrev": 14108,
    "RecordCountCur": 14108,
    "MatchCount": 14108,
    "MatchCountPercent": 100.0
  },
  {
    "BuildPrev": "6.2.2.20574",
    "BuildCur": "6.2.3.20601",
    "RecordCountPrev": 14108,
    "RecordCountCur": 14107,
    "MatchCount": 14107,
    "MatchCountPercent": 99.9929
  },
  {
    "BuildPrev": "6.2.3.20601",
    "BuildCur": "6.2.3.20655",
    "RecordCountPrev": 14107,
    "RecordCountCur": 14107,
    "MatchCount": 14107,
    "MatchCountPercent": 100.0
  },
  {
    "BuildPrev": "6.2.3.20655",
    "BuildCur": "6.2.3.20691",
    "RecordCountPrev": 14107,
    "RecordCountCur": 14107,
    "MatchCount": 14107,
    "MatchCountPercent": 100.0
  },
  {
    "BuildPrev": "6.2.3.20691",
    "BuildCur": "6.2.3.20716",
    "RecordCountPrev": 14107,
    "RecordCountCur": 14107,
    "MatchCount": 14107,
    "MatchCountPercent": 100.0
  },
  {
    "BuildPrev": "6.2.3.20716",
    "BuildCur": "6.2.3.20726",
    "RecordCountPrev": 14107,
    "RecordCountCur": 14107,
    "MatchCount": 14107,
    "MatchCountPercent": 100.0
  },
  {
    "BuildPrev": "6.2.3.20726",
    "BuildCur": "6.2.4.21028",
    "RecordCountPrev": 14107,
    "RecordCountCur": 14105,
    "MatchCount": 14105,
    "MatchCountPercent": 99.9858
  },
  {
    "BuildPrev": "6.2.4.21028",
    "BuildCur": "6.2.4.21047",
    "RecordCountPrev": 14105,
    "RecordCountCur": 14105,
    "MatchCount": 14105,
    "MatchCountPercent": 100.0
  },
  {
    "BuildPrev": "6.2.4.21047",
    "BuildCur": "6.2.4.21105",
    "RecordCountPrev": 14105,
    "RecordCountCur": 14105,
    "MatchCount": 14105,
    "MatchCountPercent": 100.0
  },
  {
    "BuildPrev": "6.2.4.21105",
    "BuildCur": "6.2.4.21160",
    "RecordCountPrev": 14105,
    "RecordCountCur": 14105,
    "MatchCount": 14105,
    "MatchCountPercent": 100.0
  },
  {
    "BuildPrev": "6.2.4.21160",
    "BuildCur": "6.2.4.21210",
    "RecordCountPrev": 14105,
    "RecordCountCur": 14105,
    "MatchCount": 14105,
    "MatchCountPercent": 100.0
  },
  {
    "BuildPrev": "6.2.4.21210",
    "BuildCur": "6.2.4.21220",
    "RecordCountPrev": 14105,
    "RecordCountCur": 14105,
    "MatchCount": 14105,
    "MatchCountPercent": 100.0
  },
  {
    "BuildPrev": "6.2.4.21220",
    "BuildCur": "6.2.4.21253",
    "RecordCountPrev": 14105,
    "RecordCountCur": 14105,
    "MatchCount": 14105,
    "MatchCountPercent": 100.0
  },
  {
    "BuildPrev": "6.2.4.21253",
    "BuildCur": "6.2.4.21274",
    "RecordCountPrev": 14105,
    "RecordCountCur": 14105,
    "MatchCount": 14105,
    "MatchCountPercent": 100.0
  },
  {
    "BuildPrev": "6.2.4.21274",
    "BuildCur": "6.2.4.21315",
    "RecordCountPrev": 14105,
    "RecordCountCur": 14105,
    "MatchCount": 14105,
    "MatchCountPercent": 100.0
  },
  {
    "BuildPrev": "6.2.4.21315",
    "BuildCur": "6.2.4.21336",
    "RecordCountPrev": 14105,
    "RecordCountCur": 14105,
    "MatchCount": 14105,
    "MatchCountPercent": 100.0
  },
  {
    "BuildPrev": "6.2.4.21336",
    "BuildCur": "6.2.4.21355",
    "RecordCountPrev": 14105,
    "RecordCountCur": 14105,
    "MatchCount": 14105,
    "MatchCountPercent": 100.0
  },
  {
    "BuildPrev": "6.2.4.21355",
    "BuildCur": "6.2.4.21676",
    "RecordCountPrev": 14105,
    "RecordCountCur": 14105,
    "MatchCount": 14105,
    "MatchCountPercent": 100.0
  },
  {
    "BuildPrev": "6.2.4.21676",
    "BuildCur": "6.2.4.21742",
    "RecordCountPrev": 14105,
    "RecordCountCur": 14105,
    "MatchCount": 14105,
    "MatchCountPercent": 100.0
  }
]