[
  {
    "BuildPrev": "4.0.0.11927",
    "BuildCur": "4.0.0.12025",
    "RecordCountPrev": 332,
    "RecordCountCur": 344,
    "MatchCount": 252,
    "MatchCountPercent": 75.9036
  },
  {
    "BuildPrev": "4.0.0.12025",
    "BuildCur": "4.0.0.12065",
    "RecordCountPrev": 344,
    "RecordCountCur": 348,
    "MatchCount": 343,
    "MatchCountPercent": 99.7093
  },
  {
    "BuildPrev": "4.0.0.12065",
    "BuildCur": "4.0.0.12122",
    "RecordCountPrev": 348,
    "RecordCountCur": 351,
    "MatchCount": 342,
    "MatchCountPercent": 98.2759
  },
  {
    "BuildPrev": "4.0.0.12122",
    "BuildCur": "4.0.0.12164",
    "RecordCountPrev": 351,
    "RecordCountCur": 351,
    "MatchCount": 346,
    "MatchCountPercent": 98.5755
  },
  {
    "BuildPrev": "4.0.0.12164",
    "BuildCur": "4.0.0.12232",
    "RecordCountPrev": 351,
    "RecordCountCur": 357,
    "MatchCount": 0,
    "MatchCountPercent": 0.0
  },
  {
    "BuildPrev": "4.0.0.12232",
    "BuildCur": "4.0.0.12266",
    "RecordCountPrev": 357,
    "RecordCountCur": 363,
    "MatchCount": 340,
    "MatchCountPercent": 95.2381
  },
  {
    "BuildPrev": "4.0.0.12266",
    "BuildCur": "4.0.0.12319",
    "RecordCountPrev": 363,
    "RecordCountCur": 370,
    "MatchCount": 347,
    "MatchCountPercent": 95.5923
  },
  {
    "BuildPrev": "4.0.0.12319",
    "BuildCur": "4.0.0.12911",
    "RecordCountPrev": 370,
    "RecordCountCur": 466,
    "MatchCount": 271,
    "MatchCountPercent": 73.2432
  },
  {
    "BuildPrev": "4.0.0.12911",
    "BuildCur": "4.0.1.13164",
    "RecordCountPrev": 466,
    "RecordCountCur": 466,
    "MatchCount": 466,
    "MatchCountPercent": 100.0
  },
  {
    "BuildPrev": "4.0.1.13164",
    "BuildCur": "",
    "RecordCountPrev": 466,
    "RecordCountCur": 466,
    "MatchCount": 466,
    "MatchCountPercent": 100.0
  },
  {
    "BuildPrev": "",
    "BuildCur": "4.0.3.13287",
    "RecordCountPrev": 466,
    "RecordCountCur": 466,
    "MatchCount": 466,
    "MatchCountPercent": 100.0
  },
  {
    "BuildPrev": "4.0.3.13287",
    "BuildCur": "",
    "RecordCountPrev": 466,
    "RecordCountCur": 466,
    "MatchCount": 466,
    "MatchCountPercent": 100.0
  },
  {
    "BuildPrev": "",
    "BuildCur": "4.0.6.13596",
    "RecordCountPrev": 466,
    "RecordCountCur": 466,
    "MatchCount": 466,
    "MatchCountPercent": 100.0
  },
  {
    "BuildPrev": "4.0.6.13596",
    "BuildCur": "",
    "RecordCountPrev": 466,
    "RecordCountCur": 492,
    "MatchCount": 305,
    "MatchCountPercent": 65.4507
  },
  {
    "BuildPrev": "",
    "BuildCur": "4.1.0.13914",
    "RecordCountPrev": 492,
    "RecordCountCur": 500,
    "MatchCount": 453,
    "MatchCountPercent": 92.0732
  },
  {
    "BuildPrev": "4.1.0.13914",
    "BuildCur": "",
    "RecordCountPrev": 500,
    "RecordCountCur": 500,
    "MatchCount": 500,
    "MatchCountPercent": 100.0
  },
  {
    "BuildPrev": "",
    "BuildCur": "4.2.0.14333",
    "RecordCountPrev": 500,
    "RecordCountCur": 502,
    "MatchCount": 465,
    "MatchCountPercent": 93.0
  },
  {
    "BuildPrev": "4.2.0.14333",
    "BuildCur": "",
    "RecordCountPrev": 502,
    "RecordCountCur": 466,
    "MatchCount": 271,
    "MatchCountPercent": 53.9841
  },
  {
    "BuildPrev": "",
    "BuildCur": "4.2.2.14545",
    "RecordCountPrev": 466,
    "RecordCountCur": 478,
    "MatchCount": 246,
    "MatchCountPercent": 52.7897
  },
  {
    "BuildPrev": "4.2.2.14545",
    "BuildCur": "4.3.0.15005",
    "RecordCountPrev": 478,
    "RecordCountCur": 478,
    "MatchCount": 478,
    "MatchCountPercent": 100.0
  },
  {
    "BuildPrev": "4.3.0.15005",
    "BuildCur": "",
    "RecordCountPrev": 478,
    "RecordCountCur": 478,
    "MatchCount": 478,
    "MatchCountPercent": 100.0
  },
  {
    "BuildPrev": "",
    "BuildCur": "4.3.2.15211",
    "RecordCountPrev": 478,
    "RecordCountCur": 474,
    "MatchCount": 445,
    "MatchCountPercent": 93.0962
  },
  {
    "BuildPrev": "4.3.2.15211",
    "BuildCur": "4.3.3.15354",
    "RecordCountPrev": 474,
    "RecordCountCur": 474,
    "MatchCount": 474,
    "MatchCountPercent": 100.0
  },
  {
    "BuildPrev": "4.3.3.15354",
    "BuildCur": "4.3.4.15595",
    "RecordCountPrev": 474,
    "RecordCountCur": 474,
    "MatchCount": 474,
    "MatchCountPercent": 100.0
  },
  {
    "BuildPrev": "4.3.4.15595",
    "BuildCur": "5.0.1.15464",
    "RecordCountPrev": 474,
    "RecordCountCur": 849,
    "MatchCount": 0,
    "MatchCountPercent": 0.0
  },
  {
    "BuildPrev": "5.0.1.15464",
    "BuildCur": "5.0.1.15508",
    "RecordCountPrev": 849,
    "RecordCountCur": 860,
    "MatchCount": 844,
    "MatchCountPercent": 99.4111
  },
  {
    "BuildPrev": "5.0.1.15508",
    "BuildCur": "5.0.1.15544",
    "RecordCountPrev": 860,
    "RecordCountCur": 872,
    "MatchCount": 856,
    "MatchCountPercent": 99.5349
  },
  {
    "BuildPrev": "5.0.1.15544",
    "BuildCur": "5.0.1.15589",
    "RecordCountPrev": 872,
    "RecordCountCur": 897,
    "MatchCount": 870,
    "MatchCountPercent": 99.7707
  },
  {
    "BuildPrev": "5.0.1.15589",
    "BuildCur": "5.0.1.15640",
    "RecordCountPrev": 897,
    "RecordCountCur": 849,
    "MatchCount": 840,
    "MatchCountPercent": 93.6455
  },
  {
    "BuildPrev": "5.0.1.15640",
    "BuildCur": "5.0.1.15650",
    "RecordCountPrev": 849,
    "RecordCountCur": 938,
    "MatchCount": 830,
    "MatchCountPercent": 97.7621
  },
  {
    "BuildPrev": "5.0.1.15650",
    "BuildCur": "5.0.1.15657",
    "RecordCountPrev": 938,
    "RecordCountCur": 947,
    "MatchCount": 936,
    "MatchCountPercent": 99.7868
  },
  {
    "BuildPrev": "5.0.1.15657",
    "BuildCur": "5.0.1.15662",
    "RecordCountPrev": 947,
    "RecordCountCur": 849,
    "MatchCount": 829,
    "MatchCountPercent": 87.5396
  },
  {
    "BuildPrev": "5.0.1.15662",
    "BuildCur": "5.0.1.15668",
    "RecordCountPrev": 849,
    "RecordCountCur": 932,
    "MatchCount": 791,
    "MatchCountPercent": 93.1684
  },
  {
    "BuildPrev": "5.0.1.15668",
    "BuildCur": "5.0.1.15677",
    "RecordCountPrev": 932,
    "RecordCountCur": 955,
    "MatchCount": 929,
    "MatchCountPercent": 99.6781
  },
  {
    "BuildPrev": "5.0.1.15677",
    "BuildCur": "5.0.1.15689",
    "RecordCountPrev": 955,
    "RecordCountCur": 973,
    "MatchCount": 955,
    "MatchCountPercent": 100.0
  },
  {
    "BuildPrev": "5.0.1.15689",
    "BuildCur": "5.0.1.15699",
    "RecordCountPrev": 973,
    "RecordCountCur": 1018,
    "MatchCount": 971,
    "MatchCountPercent": 99.7945
  },
  {
    "BuildPrev": "5.0.1.15699",
    "BuildCur": "5.0.1.15726",
    "RecordCountPrev": 1018,
    "RecordCountCur": 1031,
    "MatchCount": 1015,
    "MatchCountPercent": 99.7053
  },
  {
    "BuildPrev": "5.0.1.15726",
    "BuildCur": "5.0.1.15739",
    "RecordCountPrev": 1031,
    "RecordCountCur": 1049,
    "MatchCount": 1031,
    "MatchCountPercent": 100.0
  },
  {
    "BuildPrev": "5.0.1.15739",
    "BuildCur": "5.0.1.15752",
    "RecordCountPrev": 1049,
    "RecordCountCur": 1052,
    "MatchCount": 998,
    "MatchCountPercent": 95.1382
  },
  {
    "BuildPrev": "5.0.1.15752",
    "BuildCur": "5.0.1.15762",
    "RecordCountPrev": 1052,
    "RecordCountCur": 1055,
    "MatchCount": 1050,
    "MatchCountPercent": 99.8099
  },
  {
    "BuildPrev": "5.0.1.15762",
    "BuildCur": "5.0.1.15781",
    "RecordCountPrev": 1055,
    "RecordCountCur": 1071,
    "MatchCount": 1052,
    "MatchCountPercent": 99.7156
  },
  {
    "BuildPrev": "5.0.1.15781",
    "BuildCur": "5.0.1.15799",
    "RecordCountPrev": 1071,
    "RecordCountCur": 1081,
    "MatchCount": 1068,
    "MatchCountPercent": 99.7199
  },
  {
    "BuildPrev": "5.0.1.15799",
    "BuildCur": "5.0.4.15890",
    "RecordCountPrev": 1081,
    "RecordCountCur": 1092,
    "MatchCount": 1072,
    "MatchCountPercent": 99.1674
  },
  {
    "BuildPrev": "5.0.4.15890",
    "BuildCur": "5.0.4.16016",
    "RecordCountPrev": 1092,
    "RecordCountCur": 1305,
    "MatchCount": 1085,
    "MatchCountPercent": 99.359
  },
  {
    "BuildPrev": "5.0.4.16016",
    "BuildCur": "5.0.5.16048",
    "RecordCountPrev": 1305,
    "RecordCountCur": 1305,
    "MatchCount": 1305,
    "MatchCountPercent": 100.0
  },
  {
    "BuildPrev": "5.0.5.16048",
    "BuildCur": "5.0.5.16057",
    "RecordCountPrev": 1305,
    "RecordCountCur": 1305,
    "MatchCount": 1305,
    "MatchCountPercent": 100.0
  },
  {
    "BuildPrev": "5.0.5.16057",
    "BuildCur": "5.1.0.16309",
    "RecordCountPrev": 1305,
    "RecordCountCur": 1350,
    "MatchCount": 1300,
    "MatchCountPercent": 99.6169
  },
  {
    "BuildPrev": "5.1.0.16309",
    "BuildCur": "",
    "RecordCountPrev": 1350,
    "RecordCountCur": 1350,
    "MatchCount": 1350,
    "MatchCountPercent": 100.0
  },
  {
    "BuildPrev": "",
    "BuildCur": "5.2.0.16516",
    "RecordCountPrev": 1350,
    "RecordCountCur": 1405,
    "MatchCount": 1346,
    "MatchCountPercent": 99.7037
  },
  {
    "BuildPrev": "5.2.0.16516",
    "BuildCur": "5.2.0.16650",
    "RecordCountPrev": 1405,
    "RecordCountCur": 1411,
    "MatchCount": 1403,
    "MatchCountPercent": 99.8577
  },
  {
    "BuildPrev": "5.2.0.16650",
    "BuildCur": "5.3.0.16844",
    "RecordCountPrev": 1411,
    "RecordCountCur": 1428,
    "MatchCount": 1407,
    "MatchCountPercent": 99.7165
  },
  {
    "BuildPrev": "5.3.0.16844",
    "BuildCur": "5.3.0.16965",
    "RecordCountPrev": 1428,
    "RecordCountCur": 1428,
    "MatchCount": 1427,
    "MatchCountPercent": 99.93
  },
  {
    "BuildPrev": "5.3.0.16965",
    "BuildCur": "5.3.0.17116",
    "RecordCountPrev": 1428,
    "RecordCountCur": 1428,
    "MatchCount": 1427,
    "MatchCountPercent": 99.93
  },
  {
    "BuildPrev": "5.3.0.17116",
    "BuildCur": "5.4.0.17266",
    "RecordCountPrev": 1428,
    "RecordCountCur": 4307,
    "MatchCount": 1286,
    "MatchCountPercent": 90.056
  },
  {
    "BuildPrev": "5.4.0.17266",
    "BuildCur": "5.4.0.17325",
    "RecordCountPrev": 4307,
    "RecordCountCur": 4313,
    "MatchCount": 4302,
    "MatchCountPercent": 99.8839
  },
  {
    "BuildPrev": "5.4.0.17325",
    "BuildCur": "5.4.0.17345",
    "RecordCountPrev": 4313,
    "RecordCountCur": 4314,
    "MatchCount": 4313,
    "MatchCountPercent": 100.0
  },
  {
    "BuildPrev": "5.4.0.17345",
    "BuildCur": "5.4.1.17520",
    "RecordCountPrev": 4314,
    "RecordCountCur": 4314,
    "MatchCount": 4314,
    "MatchCountPercent": 100.0
  },
  {
    "BuildPrev": "5.4.1.17520",
    "BuildCur": "5.4.1.17538",
    "RecordCountPrev": 4314,
    "RecordCountCur": 4314,
    "MatchCount": 4314,
    "MatchCountPercent": 100.0
  },
  {
    "BuildPrev": "5.4.1.17538",
    "BuildCur": "5.4.2.17645",
    "RecordCountPrev": 4314,
    "RecordCountCur": 4314,
    "MatchCount": 4310,
    "MatchCountPercent": 99.9073
  },
  {
    "BuildPrev": "5.4.2.17645",
    "BuildCur": "5.4.2.17688",
    "RecordCountPrev": 4314,
    "RecordCountCur": 4314,
    "MatchCount": 4314,
    "MatchCountPercent": 100.0
  },
  {
    "BuildPrev": "5.4.2.17688",
    "BuildCur": "5.4.7.17898",
    "RecordCountPrev": 4314,
    "RecordCountCur": 4316,
    "MatchCount": 4312,
    "MatchCountPercent": 99.9536
  },
  {
    "BuildPrev": "5.4.7.17898",
    "BuildCur": "5.4.8.18273",
    "RecordCountPrev": 4316,
    "RecordCountCur": 4316,
    "MatchCount": 4316,
    "MatchCountPercent": 100.0
  },
  {
    "BuildPrev": "5.4.8.18273",
    "BuildCur": "6.0.1.18125",
    "RecordCountPrev": 4316,
    "RecordCountCur": 4281,
    "MatchCount": 4133,
    "MatchCountPercent": 95.76
  },
  {
    "BuildPrev": "6.0.1.18125",
    "BuildCur": "6.0.1.18156",
    "RecordCountPrev": 4281,
    "RecordCountCur": 4299,
    "MatchCount": 4280,
    "MatchCountPercent": 99.9766
  },
  {
    "BuildPrev": "6.0.1.18156",
    "BuildCur": "6.0.1.18164",
    "RecordCountPrev": 4299,
    "RecordCountCur": 4296,
    "MatchCount": 4295,
    "MatchCountPercent": 99.907
  },
  {
    "BuildPrev": "6.0.1.18164",
    "BuildCur": "6.0.1.18179",
    "RecordCountPrev": 4296,
    "RecordCountCur": 4297,
    "MatchCount": 4296,
    "MatchCountPercent": 100.0
  },
  {
    "BuildPrev": "6.0.1.18179",
    "BuildCur": "6.0.1.18297",
    "RecordCountPrev": 4297,
    "RecordCountCur": 4051,
    "MatchCount": 4035,
    "MatchCountPercent": 93.9027
  },
  {
    "BuildPrev": "6.0.1.18297",
    "BuildCur": "6.0.1.18322",
    "RecordCountPrev": 4051,
    "RecordCountCur": 4056,
    "MatchCount": 4051,
    "MatchCountPercent": 100.0
  },
  {
    "BuildPrev": "6.0.1.18322",
    "BuildCur": "6.0.1.18379",
    "RecordCountPrev": 4056,
    "RecordCountCur": 4065,
    "MatchCount": 4047,
    "MatchCountPercent": 99.7781
  },
  {
    "BuildPrev": "6.0.1.18379",
    "BuildCur": "6.0.1.18443",
    "RecordCountPrev": 4065,
    "RecordCountCur": 4069,
    "MatchCount": 4063,
    "MatchCountPercent": 99.9508
  },
  {
    "BuildPrev": "6.0.1.18443",
    "BuildCur": "6.0.1.18471",
    "RecordCountPrev": 4069,
    "RecordCountCur": 4066,
    "MatchCount": 4066,
    "MatchCountPercent": 99.9263
  },
  {
    "BuildPrev": "6.0.1.18471",
    "BuildCur": "6.0.1.18505",
    "RecordCountPrev": 4066,
    "RecordCountCur": 4072,
    "MatchCount": 4064,
    "MatchCountPercent": 99.9508
  },
  {
    "BuildPrev": "6.0.1.18505",
    "BuildCur": "6.0.1.18522",
    "RecordCountPrev": 4072,
    "RecordCountCur": 4071,
    "MatchCount": 4068,
    "MatchCountPercent": 99.9018
  },
  {
    "BuildPrev": "6.0.1.18522",
    "BuildCur": "6.0.1.18537",
    "RecordCountPrev": 4071,
    "RecordCountCur": 4074,
    "MatchCount": 4070,
    "MatchCountPercent": 99.9754
  },
  {
    "BuildPrev": "6.0.1.18537",
    "BuildCur": "6.0.1.18566",
    "RecordCountPrev": 4074,
    "RecordCountCur": 4088,
    "MatchCount": 4071,
    "MatchCountPercent": 99.9264
  },
  {
    "BuildPrev": "6.0.1.18566",
    "BuildCur": "6.0.1.18594",
    "RecordCountPrev": 4088,
    "RecordCountCur": 4082,
    "MatchCount": 4078,
    "MatchCountPercent": 99.7554
  },
  {
    "BuildPrev": "6.0.1.18594",
    "BuildCur": "6.0.1.18645",
    "RecordCountPrev": 4082,
    "RecordCountCur": 4082,
    "MatchCount": 4082,
    "MatchCountPercent": 100.0
  },
  {
    "BuildPrev": "6.0.1.18645",
    "BuildCur": "6.0.1.18663",
    "RecordCountPrev": 4082,
    "RecordCountCur": 4093,
    "MatchCount": 4056,
    "MatchCountPercent": 99.3631
  },
  {
    "BuildPrev": "6.0.1.18663",
    "BuildCur": "6.0.1.18685",
    "RecordCountPrev": 4093,
    "RecordCountCur": 4093,
    "MatchCount": 4093,
    "MatchCountPercent": 100.0
  },
  {
    "BuildPrev": "6.0.1.18685",
    "BuildCur": "6.0.1.18689",
    "RecordCountPrev": 4093,
    "RecordCountCur": 4094,
    "MatchCount": 4087,
    "MatchCountPercent": 99.8534
  },
  {
    "BuildPrev": "6.0.1.18689",
    "BuildCur": "6.0.1.18716",
    "RecordCountPrev": 4094,
    "RecordCountCur": 4102,
    "MatchCount": 4092,
    "MatchCountPercent": 99.9512
  },
  {
    "BuildPrev": "6.0.1.18716",
    "BuildCur": "6.0.1.18738",
    "RecordCountPrev": 4102,
    "RecordCountCur": 4115,
    "MatchCount": 4083,
    "MatchCountPercent": 99.5368
  },
  {
    "BuildPrev": "6.0.1.18738",
    "BuildCur": "6.0.2.18764",
    "RecordCountPrev": 4115,
    "RecordCountCur": 4157,
    "MatchCount": 4105,
    "MatchCountPercent": 99.757
  },
  {
    "BuildPrev": "6.0.2.18764",
    "BuildCur": "6.0.1.18803",
    "RecordCountPrev": 4157,
    "RecordCountCur": 4158,
    "MatchCount": 4154,
    "MatchCountPercent": 99.9278
  },
  {
    "BuildPrev": "6.0.1.18803",
    "BuildCur": "6.0.2.18816",
    "RecordCountPrev": 4158,
    "RecordCountCur": 4161,
    "MatchCount": 4134,
    "MatchCountPercent": 99.4228
  },
  {
    "BuildPrev": "6.0.2.18816",
    "BuildCur": "6.0.2.18833",
    "RecordCountPrev": 4161,
    "RecordCountCur": 4161,
    "MatchCount": 4161,
    "MatchCountPercent": 100.0
  },
  {
    "BuildPrev": "6.0.2.18833",
    "BuildCur": "6.0.2.18837",
    "RecordCountPrev": 4161,
    "RecordCountCur": 4158,
    "MatchCount": 4157,
    "MatchCountPercent": 99.9039
  },
  {
    "BuildPrev": "6.0.2.18837",
    "BuildCur": "6.0.2.18838",
    "RecordCountPrev": 4158,
    "RecordCountCur": 4158,
    "MatchCount": 4158,
    "MatchCountPercent": 100.0
  },
  {
    "BuildPrev": "6.0.2.18838",
    "BuildCur": "6.0.2.18848",
    "RecordCountPrev": 4158,
    "RecordCountCur": 4158,
    "MatchCount": 4158,
    "MatchCountPercent": 100.0
  },
  {
    "BuildPrev": "6.0.2.18848",
    "BuildCur": "6.0.2.18850",
    "RecordCountPrev": 4158,
    "RecordCountCur": 4158,
    "MatchCount": 4156,
    "MatchCountPercent": 99.9519
  },
  {
    "BuildPrev": "6.0.2.18850",
    "BuildCur": "6.0.2.18865",
    "RecordCountPrev": 4158,
    "RecordCountCur": 4158,
    "MatchCount": 4158,
    "MatchCountPercent": 100.0
  },
  {
    "BuildPrev": "6.0.2.18865",
    "BuildCur": "6.0.2.18888",
    "RecordCountPrev": 4158,
    "RecordCountCur": 4155,
    "MatchCount": 3953,
    "MatchCountPercent": 95.0697
  },
  {
    "BuildPrev": "6.0.2.18888",
    "BuildCur": "6.0.2.18898",
    "RecordCountPrev": 4155,
    "RecordCountCur": 4152,
    "MatchCount": 4042,
    "MatchCountPercent": 97.2804
  },
  {
    "BuildPrev": "6.0.2.18898",
    "BuildCur": "6.0.2.18909",
    "RecordCountPrev": 4152,
    "RecordCountCur": 4151,
    "MatchCount": 3912,
    "MatchCountPercent": 94.2197
  },
  {
    "BuildPrev": "6.0.2.18909",
    "BuildCur": "6.0.2.18912",
    "RecordCountPrev": 4151,
    "RecordCountCur": 4152,
    "MatchCount": 3912,
    "MatchCountPercent": 94.2424
  },
  {
    "BuildPrev": "6.0.2.18912",
    "BuildCur": "6.0.2.18922",
    "RecordCountPrev": 4152,
    "RecordCountCur": 4151,
    "MatchCount": 3912,
    "MatchCountPercent": 94.2197
  },
  {
    "BuildPrev": "6.0.2.18922",
    "BuildCur": "6.0.2.18927",
    "RecordCountPrev": 4151,
    "RecordCountCur": 4152,
    "MatchCount": 4151,
    "MatchCountPercent": 100.0
  },
  {
    "BuildPrev": "6.0.2.18927",
    "BuildCur": "6.0.2.18934",
    "RecordCountPrev": 4152,
    "RecordCountCur": 4152,
    "MatchCount": 4152,
    "MatchCountPercent": 100.0
  },
  {
    "BuildPrev": "6.0.2.18934",
    "BuildCur": "6.0.2.18935",
    "RecordCountPrev": 4152,
    "RecordCountCur": 4152,
    "MatchCount": 4152,
    "MatchCountPercent": 100.0
  },
  {
    "BuildPrev": "6.0.2.18935",
    "BuildCur": "6.0.2.18950",
    "RecordCountPrev": 4152,
    "RecordCountCur": 4156,
    "MatchCount": 4152,
    "MatchCountPercent": 100.0
  },
  {
    "BuildPrev": "6.0.2.18950",
    "BuildCur": "6.0.2.18965",
    "RecordCountPrev": 4156,
    "RecordCountCur": 4156,
    "MatchCount": 4156,
    "MatchCountPercent": 100.0
  },
  {
    "BuildPrev": "6.0.2.18965",
    "BuildCur": "6.0.2.18967",
    "RecordCountPrev": 4156,
    "RecordCountCur": 4156,
    "MatchCount": 4154,
    "MatchCountPercent": 99.9519
  },
  {
    "BuildPrev": "6.0.2.18967",
    "BuildCur": "6.0.2.18973",
    "RecordCountPrev": 4156,
    "RecordCountCur": 4156,
    "MatchCount": 4156,
    "MatchCountPercent": 100.0
  },
  {
    "BuildPrev": "6.0.2.18973",
    "BuildCur": "6.0.2.18982",
    "RecordCountPrev": 4156,
    "RecordCountCur": 4156,
    "MatchCount": 4156,
    "MatchCountPercent": 100.0
  },
  {
    "BuildPrev": "6.0.2.18982",
    "BuildCur": "6.0.2.18983",
    "RecordCountPrev": 4156,
    "RecordCountCur": 4156,
    "MatchCount": 4156,
    "MatchCountPercent": 100.0
  },
  {
    "BuildPrev": "6.0.2.18983",
    "BuildCur": "6.0.2.18986",
    "RecordCountPrev": 4156,
    "RecordCountCur": 4156,
    "MatchCount": 4156,
    "MatchCountPercent": 100.0
  },
  {
    "BuildPrev": "6.0.2.18986",
    "BuildCur": "6.0.2.18988",
    "RecordCountPrev": 4156,
    "RecordCountCur": 4156,
    "MatchCount": 4156,
    "MatchCountPercent": 100.0
  },
  {
    "BuildPrev": "6.0.2.18988",
    "BuildCur": "6.0.2.18989",
    "RecordCountPrev": 4156,
    "RecordCountCur": 4156,
    "MatchCount": 4156,
    "MatchCountPercent": 100.0
  },
  {
    "BuildPrev": "6.0.2.18989",
    "BuildCur": "6.0.2.18996",
    "RecordCountPrev": 4156,
    "RecordCountCur": 4157,
    "MatchCount": 4156,
    "MatchCountPercent": 100.0
  },
  {
    "BuildPrev": "6.0.2.18996",
    "BuildCur": "6.0.2.19000",
    "RecordCountPrev": 4157,
    "RecordCountCur": 4157,
    "MatchCount": 4157,
    "MatchCountPercent": 100.0
  },
  {
    "BuildPrev": "6.0.2.19000",
    "BuildCur": "6.0.2.19005",
    "RecordCountPrev": 4157,
    "RecordCountCur": 4157,
    "MatchCount": 4157,
    "MatchCountPercent": 100.0
  },
  {
    "BuildPrev": "6.0.2.19005",
    "BuildCur": "6.0.2.19041",
    "RecordCountPrev": 4157,
    "RecordCountCur": 4161,
    "MatchCount": 4102,
    "MatchCountPercent": 98.6769
  },
  {
    "BuildPrev": "6.0.2.19041",
    "BuildCur": "6.0.3.19057",
    "RecordCountPrev": 4161,
    "RecordCountCur": 4165,
    "MatchCount": 4159,
    "MatchCountPercent": 99.9519
  },
  {
    "BuildPrev": "6.0.3.19057",
    "BuildCur": "6.0.3.19078",
    "RecordCountPrev": 4165,
    "RecordCountCur": 4165,
    "MatchCount": 4165,
    "MatchCountPercent": 100.0
  },
  {
    "BuildPrev": "6.0.3.19078",
    "BuildCur": "6.0.3.19085",
    "RecordCountPrev": 4165,
    "RecordCountCur": 4165,
    "MatchCount": 4165,
    "MatchCountPercent": 100.0
  },
  {
    "BuildPrev": "6.0.3.19085",
    "BuildCur": "6.0.3.19175",
    "RecordCountPrev": 4165,
    "RecordCountCur": 4165,
    "MatchCount": 4165,
    "MatchCountPercent": 100.0
  },
  {
    "BuildPrev": "6.0.3.19175",
    "BuildCur": "6.0.3.19200",
    "RecordCountPrev": 4165,
    "RecordCountCur": 4165,
    "MatchCount": 4165,
    "MatchCountPercent": 100.0
  },
  {
    "BuildPrev": "6.0.3.19200",
    "BuildCur": "6.0.3.19342",
    "RecordCountPrev": 4165,
    "RecordCountCur": 4165,
    "MatchCount": 4165,
    "MatchCountPercent": 100.0
  },
  {
    "BuildPrev": "6.0.3.19342",
    "BuildCur": "6.1.0.19445",
    "RecordCountPrev": 4165,
    "RecordCountCur": 4176,
    "MatchCount": 4162,
    "MatchCountPercent": 99.928
  },
  {
    "BuildPrev": "6.1.0.19445",
    "BuildCur": "6.1.0.19480",
    "RecordCountPrev": 4176,
    "RecordCountCur": 4177,
    "MatchCount": 4176,
    "MatchCountPercent": 100.0
  },
  {
    "BuildPrev": "6.1.0.19480",
    "BuildCur": "6.1.0.19508",
    "RecordCountPrev": 4177,
    "RecordCountCur": 4179,
    "MatchCount": 4177,
    "MatchCountPercent": 100.0
  },
  {
    "BuildPrev": "6.1.0.19508",
    "BuildCur": "6.1.0.19533",
    "RecordCountPrev": 4179,
    "RecordCountCur": 4189,
    "MatchCount": 4179,
    "MatchCountPercent": 100.0
  },
  {
    "BuildPrev": "6.1.0.19533",
    "BuildCur": "6.1.0.19551",
    "RecordCountPrev": 4189,
    "RecordCountCur": 4190,
    "MatchCount": 4189,
    "MatchCountPercent": 100.0
  },
  {
    "BuildPrev": "6.1.0.19551",
    "BuildCur": "6.1.0.19567",
    "RecordCountPrev": 4190,
    "RecordCountCur": 4183,
    "MatchCount": 4183,
    "MatchCountPercent": 99.8329
  },
  {
    "BuildPrev": "6.1.0.19567",
    "BuildCur": "6.1.0.19592",
    "RecordCountPrev": 4183,
    "RecordCountCur": 4189,
    "MatchCount": 4181,
    "MatchCountPercent": 99.9522
  },
  {
    "BuildPrev": "6.1.0.19592",
    "BuildCur": "6.1.0.19611",
    "RecordCountPrev": 4189,
    "RecordCountCur": 4189,
    "MatchCount": 4189,
    "MatchCountPercent": 100.0
  },
  {
    "BuildPrev": "6.1.0.19611",
    "BuildCur": "6.1.0.19622",
    "RecordCountPrev": 4189,
    "RecordCountCur": 4189,
    "MatchCount": 4189,
    "MatchCountPercent": 100.0
  },
  {
    "BuildPrev": "6.1.0.19622",
    "BuildCur": "6.1.0.19634",
    "RecordCountPrev": 4189,
    "RecordCountCur": 4189,
    "MatchCount": 4189,
    "MatchCountPercent": 100.0
  },
  {
    "BuildPrev": "6.1.0.19634",
    "BuildCur": "6.1.0.19702",
    "RecordCountPrev": 4189,
    "RecordCountCur": 4189,
    "MatchCount": 4189,
    "MatchCountPercent": 100.0
  },
  {
    "BuildPrev": "6.1.0.19702",
    "BuildCur": "6.1.2.19711",
    "RecordCountPrev": 4189,
    "RecordCountCur": 4189,
    "MatchCount": 4189,
    "MatchCountPercent": 100.0
  },
  {
    "BuildPrev": "6.1.2.19711",
    "BuildCur": "6.1.2.19728",
    "RecordCountPrev": 4189,
    "RecordCountCur": 4189,
    "MatchCount": 4189,
    "MatchCountPercent": 100.0
  },
  {
    "BuildPrev": "6.1.2.19728",
    "BuildCur": "6.1.2.19750",
    "RecordCountPrev": 4189,
    "RecordCountCur": 4189,
    "MatchCount": 4189,
    "MatchCountPercent": 100.0
  },
  {
    "BuildPrev": "6.1.2.19750",
    "BuildCur": "6.1.2.19769",
    "RecordCountPrev": 4189,
    "RecordCountCur": 4189,
    "MatchCount": 4189,
    "MatchCountPercent": 100.0
  },
  {
    "BuildPrev": "6.1.2.19769",
    "BuildCur": "6.1.2.19783",
    "RecordCountPrev": 4189,
    "RecordCountCur": 4189,
    "MatchCount": 4189,
    "MatchCountPercent": 100.0
  },
  {
    "BuildPrev": "6.1.2.19783",
    "BuildCur": "6.1.2.19793",
    "RecordCountPrev": 4189,
    "RecordCountCur": 4189,
    "MatchCount": 4189,
    "MatchCountPercent": 100.0
  },
  {
    "BuildPrev": "6.1.2.19793",
    "BuildCur": "6.1.2.19802",
    "RecordCountPrev": 4189,
    "RecordCountCur": 4189,
    "MatchCount": 4189,
    "MatchCountPercent": 100.0
  },
  {
    "BuildPrev": "6.1.2.19802",
    "BuildCur": "6.1.2.19831",
    "RecordCountPrev": 4189,
    "RecordCountCur": 4189,
    "MatchCount": 4189,
    "MatchCountPercent": 100.0
  },
  {
    "BuildPrev": "6.1.2.19831",
    "BuildCur": "6.1.2.19854",
    "RecordCountPrev": 4189,
    "RecordCountCur": 4189,
    "MatchCount": 4189,
    "MatchCountPercent": 100.0
  },
  {
    "BuildPrev": "6.1.2.19854",
    "BuildCur": "6.1.2.19865",
    "RecordCountPrev": 4189,
    "RecordCountCur": 4189,
    "MatchCount": 4189,
    "MatchCountPercent": 100.0
  },
  {
    "BuildPrev": "6.1.2.19865",
    "BuildCur": "6.2.0.19890",
    "RecordCountPrev": 4189,
    "RecordCountCur": 4248,
    "MatchCount": 4189,
    "MatchCountPercent": 100.0
  },
  {
    "BuildPrev": "6.2.0.19890",
    "BuildCur": "6.2.0.19906",
    "RecordCountPrev": 4248,
    "RecordCountCur": 4258,
    "MatchCount": 4248,
    "MatchCountPercent": 100.0
  },
  {
    "BuildPrev": "6.2.0.19906",
    "BuildCur": "6.2.0.19934",
    "RecordCountPrev": 4258,
    "RecordCountCur": 4258,
    "MatchCount": 4258,
    "MatchCountPercent": 100.0
  },
  {
    "BuildPrev": "6.2.0.19934",
    "BuildCur": "6.2.0.19953",
    "RecordCountPrev": 4258,
    "RecordCountCur": 4260,
    "MatchCount": 4258,
    "MatchCountPercent": 100.0
  },
  {
    "BuildPrev": "6.2.0.19953",
    "BuildCur": "6.2.0.19973",
    "RecordCountPrev": 4260,
    "RecordCountCur": 4298,
    "MatchCount": 4258,
    "MatchCountPercent": 99.9531
  },
  {
    "BuildPrev": "6.2.0.19973",
    "BuildCur": "6.2.0.20008",
    "RecordCountPrev": 4298,
    "RecordCountCur": 4306,
    "MatchCount": 4298,
    "MatchCountPercent": 100.0
  },
  {
    "BuildPrev": "6.2.0.20008",
    "BuildCur": "6.2.0.20033",
    "RecordCountPrev": 4306,
    "RecordCountCur": 4315,
    "MatchCount": 4306,
    "MatchCountPercent": 100.0
  },
  {
    "BuildPrev": "6.2.0.20033",
    "BuildCur": "6.2.0.20051",
    "RecordCountPrev": 4315,
    "RecordCountCur": 4315,
    "MatchCount": 4315,
    "MatchCountPercent": 100.0
  },
  {
    "BuildPrev": "6.2.0.20051",
    "BuildCur": "6.2.0.20061",
    "RecordCountPrev": 4315,
    "RecordCountCur": 4323,
    "MatchCount": 4314,
    "MatchCountPercent": 99.9768
  },
  {
    "BuildPrev": "6.2.0.20061",
    "BuildCur": "6.2.0.20076",
    "RecordCountPrev": 4323,
    "RecordCountCur": 4323,
    "MatchCount": 4321,
    "MatchCountPercent": 99.9537
  },
  {
    "BuildPrev": "6.2.0.20076",
    "BuildCur": "6.2.0.20104",
    "RecordCountPrev": 4323,
    "RecordCountCur": 4323,
    "MatchCount": 4323,
    "MatchCountPercent": 100.0
  },
  {
    "BuildPrev": "6.2.0.20104",
    "BuildCur": "6.2.0.20111",
    "RecordCountPrev": 4323,
    "RecordCountCur": 4323,
    "MatchCount": 4323,
    "MatchCountPercent": 100.0
  },
  {
    "BuildPrev": "6.2.0.20111",
    "BuildCur": "6.2.0.20141",
    "RecordCountPrev": 4323,
    "RecordCountCur": 4324,
    "MatchCount": 4323,
    "MatchCountPercent": 100.0
  },
  {
    "BuildPrev": "6.2.0.20141",
    "BuildCur": "6.2.0.20157",
    "RecordCountPrev": 4324,
    "RecordCountCur": 4324,
    "MatchCount": 4324,
    "MatchCountPercent": 100.0
  },
  {
    "BuildPrev": "6.2.0.20157",
    "BuildCur": "6.2.0.20173",
    "RecordCountPrev": 4324,
    "RecordCountCur": 4324,
    "MatchCount": 4324,
    "MatchCountPercent": 100.0
  },
  {
    "BuildPrev": "6.2.0.20173",
    "BuildCur": "6.2.0.20182",
    "RecordCountPrev": 4324,
    "RecordCountCur": 4324,
    "MatchCount": 4324,
    "MatchCountPercent": 100.0
  },
  {
    "BuildPrev": "6.2.0.20182",
    "BuildCur": "6.2.0.20201",
    "RecordCountPrev": 4324,
    "RecordCountCur": 4324,
    "MatchCount": 4324,
    "MatchCountPercent": 100.0
  },
  {
    "BuildPrev": "6.2.0.20201",
    "BuildCur": "6.2.0.20216",
    "RecordCountPrev": 4324,
    "RecordCountCur": 4324,
    "MatchCount": 4324,
    "MatchCountPercent": 100.0
  },
  {
    "BuildPrev": "6.2.0.20216",
    "BuildCur": "6.2.0.20253",
    "RecordCountPrev": 4324,
    "RecordCountCur": 4324,
    "MatchCount": 4324,
    "MatchCountPercent": 100.0
  },
  {
    "BuildPrev": "6.2.0.20253",
    "BuildCur": "6.2.1.20271",
    "RecordCountPrev": 4324,
    "RecordCountCur": 4321,
    "MatchCount": 4321,
    "MatchCountPercent": 99.9306
  },
  {
    "BuildPrev": "6.2.1.20271",
    "BuildCur": "6.2.0.20318",
    "RecordCountPrev": 4321,
    "RecordCountCur": 4324,
    "MatchCount": 4321,
    "MatchCountPercent": 100.0
  },
  {
    "BuildPrev": "6.2.0.20318",
    "BuildCur": "6.2.1.20328",
    "RecordCountPrev": 4324,
    "RecordCountCur": 4321,
    "MatchCount": 4321,
    "MatchCountPercent": 99.9306
  },
  {
    "BuildPrev": "6.2.1.20328",
    "BuildCur": "6.2.0.20338",
    "RecordCountPrev": 4321,
    "RecordCountCur": 4324,
    "MatchCount": 4321,
    "MatchCountPercent": 100.0
  },
  {
    "BuildPrev": "6.2.0.20338",
    "BuildCur": "6.2.1.20363",
    "RecordCountPrev": 4324,
    "RecordCountCur": 4321,
    "MatchCount": 4321,
    "MatchCountPercent": 99.9306
  },
  {
    "BuildPrev": "6.2.1.20363",
    "BuildCur": "6.2.2.20395",
    "RecordCountPrev": 4321,
    "RecordCountCur": 4333,
    "MatchCount": 4321,
    "MatchCountPercent": 100.0
  },
  {
    "BuildPrev": "6.2.2.20395",
    "BuildCur": "6.2.2.20426",
    "RecordCountPrev": 4333,
    "RecordCountCur": 4335,
    "MatchCount": 4331,
    "MatchCountPercent": 99.9538
  },
  {
    "BuildPrev": "6.2.2.20426",
    "BuildCur": "6.2.2.20438",
    "RecordCountPrev": 4335,
    "RecordCountCur": 4335,
    "MatchCount": 4334,
    "MatchCountPercent": 99.9769
  },
  {
    "BuildPrev": "6.2.2.20438",
    "BuildCur": "6.2.2.20444",
    "RecordCountPrev": 4335,
    "RecordCountCur": 4335,
    "MatchCount": 4334,
    "MatchCountPercent": 99.9769
  },
  {
    "BuildPrev": "6.2.2.20444",
    "BuildCur": "6.2.2.20490",
    "RecordCountPrev": 4335,
    "RecordCountCur": 4335,
    "MatchCount": 4335,
    "MatchCountPercent": 100.0
  },
  {
    "BuildPrev": "6.2.2.20490",
    "BuildCur": "6.2.2.20574",
    "RecordCountPrev": 4335,
    "RecordCountCur": 4335,
    "MatchCount": 4335,
    "MatchCountPercent": 100.0
  },
  {
    "BuildPrev": "6.2.2.20574",
    "BuildCur": "6.2.3.20601",
    "RecordCountPrev": 4335,
    "RecordCountCur": 4341,
    "MatchCount": 4335,
    "MatchCountPercent": 100.0
  },
  {
    "BuildPrev": "6.2.3.20601",
    "BuildCur": "6.2.3.20655",
    "RecordCountPrev": 4341,
    "RecordCountCur": 4341,
    "MatchCount": 4341,
    "MatchCountPercent": 100.0
  },
  {
    "BuildPrev": "6.2.3.20655",
    "BuildCur": "6.2.3.20691",
    "RecordCountPrev": 4341,
    "RecordCountCur": 4341,
    "MatchCount": 4341,
    "MatchCountPercent": 100.0
  },
  {
    "BuildPrev": "6.2.3.20691",
    "BuildCur": "6.2.3.20716",
    "RecordCountPrev": 4341,
    "RecordCountCur": 4341,
    "MatchCount": 4341,
    "MatchCountPercent": 100.0
  },
  {
    "BuildPrev": "6.2.3.20716",
    "BuildCur": "6.2.3.20726",
    "RecordCountPrev": 4341,
    "RecordCountCur": 4341,
    "MatchCount": 4341,
    "MatchCountPercent": 100.0
  },
  {
    "BuildPrev": "6.2.3.20726",
    "BuildCur": "6.2.4.21028",
    "RecordCountPrev": 4341,
    "RecordCountCur": 4341,
    "MatchCount": 4340,
    "MatchCountPercent": 99.977
  },
  {
    "BuildPrev": "6.2.4.21028",
    "BuildCur": "6.2.4.21047",
    "RecordCountPrev": 4341,
    "RecordCountCur": 4341,
    "MatchCount": 4341,
    "MatchCountPercent": 100.0
  },
  {
    "BuildPrev": "6.2.4.21047",
    "BuildCur": "6.2.4.21105",
    "RecordCountPrev": 4341,
    "RecordCountCur": 4341,
    "MatchCount": 4341,
    "MatchCountPercent": 100.0
  },
  {
    "BuildPrev": "6.2.4.21105",
    "BuildCur": "6.2.4.21160",
    "RecordCountPrev": 4341,
    "RecordCountCur": 4341,
    "MatchCount": 4341,
    "MatchCountPercent": 100.0
  },
  {
    "BuildPrev": "6.2.4.21160",
    "BuildCur": "6.2.4.21210",
    "RecordCountPrev": 4341,
    "RecordCountCur": 4341,
    "MatchCount": 4341,
    "MatchCountPercent": 100.0
  },
  {
    "BuildPrev": "6.2.4.21210",
    "BuildCur": "6.2.4.21220",
    "RecordCountPrev": 4341,
    "RecordCountCur": 4341,
    "MatchCount": 4341,
    "MatchCountPercent": 100.0
  },
  {
    "BuildPrev": "6.2.4.21220",
    "BuildCur": "6.2.4.21253",
    "RecordCountPrev": 4341,
    "RecordCountCur": 4341,
    "MatchCount": 4341,
    "MatchCountPercent": 100.0
  },
  {
    "BuildPrev": "6.2.4.21253",
    "BuildCur": "6.2.4.21274",
    "RecordCountPrev": 4341,
    "RecordCountCur": 4341,
    "MatchCount": 4341,
    "MatchCountPercent": 100.0
  },
  {
    "BuildPrev": "6.2.4.21274",
    "BuildCur": "6.2.4.21315",
    "RecordCountPrev": 4341,
    "RecordCountCur": 4341,
    "MatchCount": 4341,
    "MatchCountPercent": 100.0
  },
  {
    "BuildPrev": "6.2.4.21315",
    "BuildCur": "6.2.4.21336",
    "RecordCountPrev": 4341,
    "RecordCountCur": 4341,
    "MatchCount": 4341,
    "MatchCountPercent": 100.0
  },
  {
    "BuildPrev": "6.2.4.21336",
    "BuildCur": "6.2.4.21355",
    "RecordCountPrev": 4341,
    "RecordCountCur": 4341,
    "MatchCount": 4341,
    "MatchCountPercent": 100.0
  },
  {
    "BuildPrev": "6.2.4.21355",
    "BuildCur": "6.2.4.21676",
    "RecordCountPrev": 4341,
    "RecordCountCur": 4341,
    "MatchCount": 4341,
    "MatchCountPercent": 100.0
  },
  {
    "BuildPrev": "6.2.4.21676",
    "BuildCur": "6.2.4.21742",
    "RecordCountPrev": 4341,
    "RecordCountCur": 4341,
    "MatchCount": 4341,
    "MatchCountPercent": 100.0
  }
]