[
  {
    "BuildPrev": "0.5.3.3368",
    "BuildCur": "0.5.5.3494",
    "RecordCountPrev": 449,
    "RecordCountCur": 481,
    "MatchCount": 0,
    "MatchCountPercent": 0.0
  },
  {
    "BuildPrev": "0.5.5.3494",
    "BuildCur": "0.6.0.3592",
    "RecordCountPrev": 481,
    "RecordCountCur": 505,
    "MatchCount": 7,
    "MatchCountPercent": 1.4553
  },
  {
    "BuildPrev": "0.6.0.3592",
    "BuildCur": "0.7.0.3694",
    "RecordCountPrev": 505,
    "RecordCountCur": 575,
    "MatchCount": 0,
    "MatchCountPercent": 0.0
  },
  {
    "BuildPrev": "0.7.0.3694",
    "BuildCur": "0.7.1.3702",
    "RecordCountPrev": 575,
    "RecordCountCur": 575,
    "MatchCount": 575,
    "MatchCountPercent": 100.0
  },
  {
    "BuildPrev": "0.7.1.3702",
    "BuildCur": "0.7.6.3712",
    "RecordCountPrev": 575,
    "RecordCountCur": 575,
    "MatchCount": 575,
    "MatchCountPercent": 100.0
  },
  {
    "BuildPrev": "0.7.6.3712",
    "BuildCur": "0.8.0.3734",
    "RecordCountPrev": 575,
    "RecordCountCur": 617,
    "MatchCount": 0,
    "MatchCountPercent": 0.0
  },
  {
    "BuildPrev": "0.8.0.3734",
    "BuildCur": "0.9.0.3807",
    "RecordCountPrev": 617,
    "RecordCountCur": 646,
    "MatchCount": 0,
    "MatchCountPercent": 0.0
  },
  {
    "BuildPrev": "0.9.0.3807",
    "BuildCur": "0.9.1.3810",
    "RecordCountPrev": 646,
    "RecordCountCur": 646,
    "MatchCount": 646,
    "MatchCountPercent": 100.0
  },
  {
    "BuildPrev": "0.9.1.3810",
    "BuildCur": "0.10.0.3892",
    "RecordCountPrev": 646,
    "RecordCountCur": 718,
    "MatchCount": 0,
    "MatchCountPercent": 0.0
  },
  {
    "BuildPrev": "0.10.0.3892",
    "BuildCur": "0.11.0.3925",
    "RecordCountPrev": 718,
    "RecordCountCur": 736,
    "MatchCount": 0,
    "MatchCountPercent": 0.0
  },
  {
    "BuildPrev": "0.11.0.3925",
    "BuildCur": "0.12.0.3988",
    "RecordCountPrev": 736,
    "RecordCountCur": 748,
    "MatchCount": 0,
    "MatchCountPercent": 0.0
  },
  {
    "BuildPrev": "0.12.0.3988",
    "BuildCur": "1.0.0.3980",
    "RecordCountPrev": 748,
    "RecordCountCur": 748,
    "MatchCount": 748,
    "MatchCountPercent": 100.0
  },
  {
    "BuildPrev": "1.0.0.3980",
    "BuildCur": "1.1.2.4125",
    "RecordCountPrev": 748,
    "RecordCountCur": 785,
    "MatchCount": 0,
    "MatchCountPercent": 0.0
  },
  {
    "BuildPrev": "1.1.2.4125",
    "BuildCur": "1.2.0.4147",
    "RecordCountPrev": 785,
    "RecordCountCur": 794,
    "MatchCount": 0,
    "MatchCountPercent": 0.0
  },
  {
    "BuildPrev": "1.2.0.4147",
    "BuildCur": "1.2.2.4196",
    "RecordCountPrev": 794,
    "RecordCountCur": 794,
    "MatchCount": 794,
    "MatchCountPercent": 100.0
  },
  {
    "BuildPrev": "1.2.2.4196",
    "BuildCur": "1.2.3.4211",
    "RecordCountPrev": 794,
    "RecordCountCur": 794,
    "MatchCount": 794,
    "MatchCountPercent": 100.0
  },
  {
    "BuildPrev": "1.2.3.4211",
    "BuildCur": "1.2.4.4222",
    "RecordCountPrev": 794,
    "RecordCountCur": 794,
    "MatchCount": 794,
    "MatchCountPercent": 100.0
  },
  {
    "BuildPrev": "1.2.4.4222",
    "BuildCur": "1.3.0.4284",
    "RecordCountPrev": 794,
    "RecordCountCur": 812,
    "MatchCount": 3,
    "MatchCountPercent": 0.3778
  },
  {
    "BuildPrev": "1.3.0.4284",
    "BuildCur": "1.4.0.4341",
    "RecordCountPrev": 812,
    "RecordCountCur": 826,
    "MatchCount": 48,
    "MatchCountPercent": 5.9113
  },
  {
    "BuildPrev": "1.4.0.4341",
    "BuildCur": "1.4.1.4364",
    "RecordCountPrev": 826,
    "RecordCountCur": 826,
    "MatchCount": 826,
    "MatchCountPercent": 100.0
  },
  {
    "BuildPrev": "1.4.1.4364",
    "BuildCur": "1.4.2.4375",
    "RecordCountPrev": 826,
    "RecordCountCur": 826,
    "MatchCount": 826,
    "MatchCountPercent": 100.0
  },
  {
    "BuildPrev": "1.4.2.4375",
    "BuildCur": "1.5.0.4442",
    "RecordCountPrev": 826,
    "RecordCountCur": 835,
    "MatchCount": 57,
    "MatchCountPercent": 6.9007
  },
  {
    "BuildPrev": "1.5.0.4442",
    "BuildCur": "1.5.1.4449",
    "RecordCountPrev": 835,
    "RecordCountCur": 835,
    "MatchCount": 835,
    "MatchCountPercent": 100.0
  },
  {
    "BuildPrev": "1.5.1.4449",
    "BuildCur": "1.6.0.4500",
    "RecordCountPrev": 835,
    "RecordCountCur": 840,
    "MatchCount": 34,
    "MatchCountPercent": 4.0719
  },
  {
    "BuildPrev": "1.6.0.4500",
    "BuildCur": "1.6.1.4544",
    "RecordCountPrev": 840,
    "RecordCountCur": 840,
    "MatchCount": 85,
    "MatchCountPercent": 10.1191
  },
  {
    "BuildPrev": "1.6.1.4544",
    "BuildCur": "1.7.0.4671",
    "RecordCountPrev": 840,
    "RecordCountCur": 863,
    "MatchCount": 156,
    "MatchCountPercent": 18.5714
  },
  {
    "BuildPrev": "1.7.0.4671",
    "BuildCur": "1.7.1.4695",
    "RecordCountPrev": 863,
    "RecordCountCur": 863,
    "MatchCount": 863,
    "MatchCountPercent": 100.0
  },
  {
    "BuildPrev": "1.7.1.4695",
    "BuildCur": "1.8.0.4714",
    "RecordCountPrev": 863,
    "RecordCountCur": 863,
    "MatchCount": 863,
    "MatchCountPercent": 100.0
  },
  {
    "BuildPrev": "1.8.0.4714",
    "BuildCur": "1.8.0.4735",
    "RecordCountPrev": 863,
    "RecordCountCur": 879,
    "MatchCount": 0,
    "MatchCountPercent": 0.0
  },
  {
    "BuildPrev": "1.8.0.4735",
    "BuildCur": "1.8.1.4769",
    "RecordCountPrev": 879,
    "RecordCountCur": 879,
    "MatchCount": 879,
    "MatchCountPercent": 100.0
  },
  {
    "BuildPrev": "1.8.1.4769",
    "BuildCur": "1.8.4.4878",
    "RecordCountPrev": 879,
    "RecordCountCur": 887,
    "MatchCount": 772,
    "MatchCountPercent": 87.8271
  },
  {
    "BuildPrev": "1.8.4.4878",
    "BuildCur": "1.9.0.4937",
    "RecordCountPrev": 887,
    "RecordCountCur": 936,
    "MatchCount": 0,
    "MatchCountPercent": 0.0
  },
  {
    "BuildPrev": "1.9.0.4937",
    "BuildCur": "1.9.1.4983",
    "RecordCountPrev": 936,
    "RecordCountCur": 936,
    "MatchCount": 936,
    "MatchCountPercent": 100.0
  },
  {
    "BuildPrev": "1.9.1.4983",
    "BuildCur": "1.9.2.4996",
    "RecordCountPrev": 936,
    "RecordCountCur": 936,
    "MatchCount": 936,
    "MatchCountPercent": 100.0
  },
  {
    "BuildPrev": "1.9.2.4996",
    "BuildCur": "1.9.3.5059",
    "RecordCountPrev": 936,
    "RecordCountCur": 957,
    "MatchCount": 936,
    "MatchCountPercent": 100.0
  },
  {
    "BuildPrev": "1.9.3.5059",
    "BuildCur": "1.9.4.5086",
    "RecordCountPrev": 957,
    "RecordCountCur": 957,
    "MatchCount": 957,
    "MatchCountPercent": 100.0
  },
  {
    "BuildPrev": "1.9.4.5086",
    "BuildCur": "1.10.0.5195",
    "RecordCountPrev": 957,
    "RecordCountCur": 983,
    "MatchCount": 922,
    "MatchCountPercent": 96.3427
  },
  {
    "BuildPrev": "1.10.0.5195",
    "BuildCur": "1.10.1.5230",
    "RecordCountPrev": 983,
    "RecordCountCur": 983,
    "MatchCount": 983,
    "MatchCountPercent": 100.0
  },
  {
    "BuildPrev": "1.10.1.5230",
    "BuildCur": "1.10.2.5302",
    "RecordCountPrev": 983,
    "RecordCountCur": 983,
    "MatchCount": 983,
    "MatchCountPercent": 100.0
  },
  {
    "BuildPrev": "1.10.2.5302",
    "BuildCur": "1.11.0.5344",
    "RecordCountPrev": 983,
    "RecordCountCur": 1021,
    "MatchCount": 983,
    "MatchCountPercent": 100.0
  },
  {
    "BuildPrev": "1.11.0.5344",
    "BuildCur": "1.11.0.5428",
    "RecordCountPrev": 1021,
    "RecordCountCur": 1024,
    "MatchCount": 1021,
    "MatchCountPercent": 100.0
  },
  {
    "BuildPrev": "1.11.0.5428",
    "BuildCur": "1.11.1.5462",
    "RecordCountPrev": 1024,
    "RecordCountCur": 1024,
    "MatchCount": 1024,
    "MatchCountPercent": 100.0
  },
  {
    "BuildPrev": "1.11.1.5462",
    "BuildCur": "1.11.2.5464",
    "RecordCountPrev": 1024,
    "RecordCountCur": 1024,
    "MatchCount": 1024,
    "MatchCountPercent": 100.0
  },
  {
    "BuildPrev": "1.11.2.5464",
    "BuildCur": "1.12.0.5595",
    "RecordCountPrev": 1024,
    "RecordCountCur": 1033,
    "MatchCount": 1024,
    "MatchCountPercent": 100.0
  },
  {
    "BuildPrev": "1.12.0.5595",
    "BuildCur": "1.12.1.5875",
    "RecordCountPrev": 1033,
    "RecordCountCur": 1033,
    "MatchCount": 1033,
    "MatchCountPercent": 100.0
  },
  {
    "BuildPrev": "1.12.1.5875",
    "BuildCur": "1.12.2.6005",
    "RecordCountPrev": 1033,
    "RecordCountCur": 1033,
    "MatchCount": 1033,
    "MatchCountPercent": 100.0
  },
  {
    "BuildPrev": "1.12.2.6005",
    "BuildCur": "2.0.0.5610",
    "RecordCountPrev": 1033,
    "RecordCountCur": 1185,
    "MatchCount": 884,
    "MatchCountPercent": 85.576
  },
  {
    "BuildPrev": "2.0.0.5610",
    "BuildCur": "2.0.0.5665",
    "RecordCountPrev": 1185,
    "RecordCountCur": 1227,
    "MatchCount": 1185,
    "MatchCountPercent": 100.0
  },
  {
    "BuildPrev": "2.0.0.5665",
    "BuildCur": "2.0.0.5666",
    "RecordCountPrev": 1227,
    "RecordCountCur": 1227,
    "MatchCount": 1227,
    "MatchCountPercent": 100.0
  },
  {
    "BuildPrev": "2.0.0.5666",
    "BuildCur": "2.0.0.5991",
    "RecordCountPrev": 1227,
    "RecordCountCur": 936,
    "MatchCount": 884,
    "MatchCountPercent": 72.0456
  },
  {
    "BuildPrev": "2.0.0.5991",
    "BuildCur": "2.0.0.6080",
    "RecordCountPrev": 936,
    "RecordCountCur": 1416,
    "MatchCount": 884,
    "MatchCountPercent": 94.4444
  },
  {
    "BuildPrev": "2.0.0.6080",
    "BuildCur": "2.0.3.6299",
    "RecordCountPrev": 1416,
    "RecordCountCur": 1533,
    "MatchCount": 1396,
    "MatchCountPercent": 98.5876
  },
  {
    "BuildPrev": "2.0.3.6299",
    "BuildCur": "2.0.5.6320",
    "RecordCountPrev": 1533,
    "RecordCountCur": 1533,
    "MatchCount": 1533,
    "MatchCountPercent": 100.0
  },
  {
    "BuildPrev": "2.0.5.6320",
    "BuildCur": "2.0.6.6337",
    "RecordCountPrev": 1533,
    "RecordCountCur": 1533,
    "MatchCount": 1533,
    "MatchCountPercent": 100.0
  },
  {
    "BuildPrev": "2.0.6.6337",
    "BuildCur": "2.1.0.6692",
    "RecordCountPrev": 1533,
    "RecordCountCur": 1600,
    "MatchCount": 1533,
    "MatchCountPercent": 100.0
  },
  {
    "BuildPrev": "2.1.0.6692",
    "BuildCur": "2.1.0.6729",
    "RecordCountPrev": 1600,
    "RecordCountCur": 1600,
    "MatchCount": 1600,
    "MatchCountPercent": 100.0
  },
  {
    "BuildPrev": "2.1.0.6729",
    "BuildCur": "2.1.1.6739",
    "RecordCountPrev": 1600,
    "RecordCountCur": 1600,
    "MatchCount": 1600,
    "MatchCountPercent": 100.0
  },
  {
    "BuildPrev": "2.1.1.6739",
    "BuildCur": "2.1.2.6803",
    "RecordCountPrev": 1600,
    "RecordCountCur": 1603,
    "MatchCount": 1600,
    "MatchCountPercent": 100.0
  },
  {
    "BuildPrev": "2.1.2.6803",
    "BuildCur": "2.1.3.6898",
    "RecordCountPrev": 1603,
    "RecordCountCur": 1605,
    "MatchCount": 1603,
    "MatchCountPercent": 100.0
  },
  {
    "BuildPrev": "2.1.3.6898",
    "BuildCur": "2.2.0.7272",
    "RecordCountPrev": 1605,
    "RecordCountCur": 1610,
    "MatchCount": 1603,
    "MatchCountPercent": 99.8754
  },
  {
    "BuildPrev": "2.2.0.7272",
    "BuildCur": "2.3.0.7561",
    "RecordCountPrev": 1610,
    "RecordCountCur": 1644,
    "MatchCount": 1600,
    "MatchCountPercent": 99.3789
  },
  {
    "BuildPrev": "2.3.0.7561",
    "BuildCur": "2.3.2.7741",
    "RecordCountPrev": 1644,
    "RecordCountCur": 1644,
    "MatchCount": 1644,
    "MatchCountPercent": 100.0
  },
  {
    "BuildPrev": "2.3.2.7741",
    "BuildCur": "2.3.3.7799",
    "RecordCountPrev": 1644,
    "RecordCountCur": 1644,
    "MatchCount": 1644,
    "MatchCountPercent": 100.0
  },
  {
    "BuildPrev": "2.3.3.7799",
    "BuildCur": "2.4.0.8089",
    "RecordCountPrev": 1644,
    "RecordCountCur": 1690,
    "MatchCount": 1630,
    "MatchCountPercent": 99.1484
  },
  {
    "BuildPrev": "2.4.0.8089",
    "BuildCur": "2.4.1.8125",
    "RecordCountPrev": 1690,
    "RecordCountCur": 1690,
    "MatchCount": 1690,
    "MatchCountPercent": 100.0
  },
  {
    "BuildPrev": "2.4.1.8125",
    "BuildCur": "2.4.2.8278",
    "RecordCountPrev": 1690,
    "RecordCountCur": 1699,
    "MatchCount": 1690,
    "MatchCountPercent": 100.0
  },
  {
    "BuildPrev": "2.4.2.8278",
    "BuildCur": "2.4.3.8606",
    "RecordCountPrev": 1699,
    "RecordCountCur": 1712,
    "MatchCount": 1695,
    "MatchCountPercent": 99.7646
  },
  {
    "BuildPrev": "2.4.3.8606",
    "BuildCur": "3.0.1.8303",
    "RecordCountPrev": 1712,
    "RecordCountCur": 1803,
    "MatchCount": 1605,
    "MatchCountPercent": 93.75
  },
  {
    "BuildPrev": "3.0.1.8303",
    "BuildCur": "3.0.1.8334",
    "RecordCountPrev": 1803,
    "RecordCountCur": 1809,
    "MatchCount": 1803,
    "MatchCountPercent": 100.0
  },
  {
    "BuildPrev": "3.0.1.8334",
    "BuildCur": "3.0.1.8391",
    "RecordCountPrev": 1809,
    "RecordCountCur": 1827,
    "MatchCount": 1809,
    "MatchCountPercent": 100.0
  },
  {
    "BuildPrev": "3.0.1.8391",
    "BuildCur": "3.0.1.8471",
    "RecordCountPrev": 1827,
    "RecordCountCur": 1839,
    "MatchCount": 1827,
    "MatchCountPercent": 100.0
  },
  {
    "BuildPrev": "3.0.1.8471",
    "BuildCur": "3.0.1.8622",
    "RecordCountPrev": 1839,
    "RecordCountCur": 2118,
    "MatchCount": 1839,
    "MatchCountPercent": 100.0
  },
  {
    "BuildPrev": "3.0.1.8622",
    "BuildCur": "3.0.1.8634",
    "RecordCountPrev": 2118,
    "RecordCountCur": 2125,
    "MatchCount": 2118,
    "MatchCountPercent": 100.0
  },
  {
    "BuildPrev": "3.0.1.8634",
    "BuildCur": "3.0.1.8681",
    "RecordCountPrev": 2125,
    "RecordCountCur": 2198,
    "MatchCount": 2125,
    "MatchCountPercent": 100.0
  },
  {
    "BuildPrev": "3.0.1.8681",
    "BuildCur": "3.0.1.8714",
    "RecordCountPrev": 2198,
    "RecordCountCur": 2201,
    "MatchCount": 2198,
    "MatchCountPercent": 100.0
  },
  {
    "BuildPrev": "3.0.1.8714",
    "BuildCur": "3.0.1.8770",
    "RecordCountPrev": 2201,
    "RecordCountCur": 2230,
    "MatchCount": 2201,
    "MatchCountPercent": 100.0
  },
  {
    "BuildPrev": "3.0.1.8770",
    "BuildCur": "3.0.1.8788",
    "RecordCountPrev": 2230,
    "RecordCountCur": 2249,
    "MatchCount": 2230,
    "MatchCountPercent": 100.0
  },
  {
    "BuildPrev": "3.0.1.8788",
    "BuildCur": "3.0.1.8820",
    "RecordCountPrev": 2249,
    "RecordCountCur": 2281,
    "MatchCount": 2249,
    "MatchCountPercent": 100.0
  },
  {
    "BuildPrev": "3.0.1.8820",
    "BuildCur": "3.0.1.8874",
    "RecordCountPrev": 2281,
    "RecordCountCur": 2281,
    "MatchCount": 2281,
    "MatchCountPercent": 100.0
  },
  {
    "BuildPrev": "3.0.1.8874",
    "BuildCur": "3.0.1.8885",
    "RecordCountPrev": 2281,
    "RecordCountCur": 2308,
    "MatchCount": 2281,
    "MatchCountPercent": 100.0
  },
  {
    "BuildPrev": "3.0.1.8885",
    "BuildCur": "3.0.2.9056",
    "RecordCountPrev": 2308,
    "RecordCountCur": 2796,
    "MatchCount": 1,
    "MatchCountPercent": 0.0433
  },
  {
    "BuildPrev": "3.0.2.9056",
    "BuildCur": "3.0.3.9183",
    "RecordCountPrev": 2796,
    "RecordCountCur": 2799,
    "MatchCount": 2796,
    "MatchCountPercent": 100.0
  },
  {
    "BuildPrev": "3.0.3.9183",
    "BuildCur": "3.0.8.9464",
    "RecordCountPrev": 2799,
    "RecordCountCur": 2810,
    "MatchCount": 2799,
    "MatchCountPercent": 100.0
  },
  {
    "BuildPrev": "3.0.8.9464",
    "BuildCur": "3.0.8.9506",
    "RecordCountPrev": 2810,
    "RecordCountCur": 2810,
    "MatchCount": 2810,
    "MatchCountPercent": 100.0
  },
  {
    "BuildPrev": "3.0.8.9506",
    "BuildCur": "3.0.9.9551",
    "RecordCountPrev": 2810,
    "RecordCountCur": 2810,
    "MatchCount": 2810,
    "MatchCountPercent": 100.0
  },
  {
    "BuildPrev": "3.0.9.9551",
    "BuildCur": "3.1.0.9767",
    "RecordCountPrev": 2810,
    "RecordCountCur": 3037,
    "MatchCount": 2770,
    "MatchCountPercent": 98.5765
  },
  {
    "BuildPrev": "3.1.0.9767",
    "BuildCur": "3.1.1.9806",
    "RecordCountPrev": 3037,
    "RecordCountCur": 3037,
    "MatchCount": 3037,
    "MatchCountPercent": 100.0
  },
  {
    "BuildPrev": "3.1.1.9806",
    "BuildCur": "3.1.1.9835",
    "RecordCountPrev": 3037,
    "RecordCountCur": 3037,
    "MatchCount": 3037,
    "MatchCountPercent": 100.0
  },
  {
    "BuildPrev": "3.1.1.9835",
    "BuildCur": "3.1.2.9901",
    "RecordCountPrev": 3037,
    "RecordCountCur": 3042,
    "MatchCount": 3037,
    "MatchCountPercent": 100.0
  },
  {
    "BuildPrev": "3.1.2.9901",
    "BuildCur": "3.1.3.9947",
    "RecordCountPrev": 3042,
    "RecordCountCur": 3042,
    "MatchCount": 3042,
    "MatchCountPercent": 100.0
  },
  {
    "BuildPrev": "3.1.3.9947",
    "BuildCur": "3.2.0.10192",
    "RecordCountPrev": 3042,
    "RecordCountCur": 3105,
    "MatchCount": 3036,
    "MatchCountPercent": 99.8028
  },
  {
    "BuildPrev": "3.2.0.10192",
    "BuildCur": "3.2.0.10314",
    "RecordCountPrev": 3105,
    "RecordCountCur": 3105,
    "MatchCount": 3105,
    "MatchCountPercent": 100.0
  },
  {
    "BuildPrev": "3.2.0.10314",
    "BuildCur": "3.2.2.10482",
    "RecordCountPrev": 3105,
    "RecordCountCur": 3119,
    "MatchCount": 3105,
    "MatchCountPercent": 100.0
  },
  {
    "BuildPrev": "3.2.2.10482",
    "BuildCur": "3.2.2.10505",
    "RecordCountPrev": 3119,
    "RecordCountCur": 3119,
    "MatchCount": 3119,
    "MatchCountPercent": 100.0
  },
  {
    "BuildPrev": "3.2.2.10505",
    "BuildCur": "3.3.0.10958",
    "RecordCountPrev": 3119,
    "RecordCountCur": 3196,
    "MatchCount": 3103,
    "MatchCountPercent": 99.487
  },
  {
    "BuildPrev": "3.3.0.10958",
    "BuildCur": "3.3.0.11159",
    "RecordCountPrev": 3196,
    "RecordCountCur": 3196,
    "MatchCount": 3196,
    "MatchCountPercent": 100.0
  },
  {
    "BuildPrev": "3.3.0.11159",
    "BuildCur": "3.3.2.11403",
    "RecordCountPrev": 3196,
    "RecordCountCur": 3196,
    "MatchCount": 3196,
    "MatchCountPercent": 100.0
  },
  {
    "BuildPrev": "3.3.2.11403",
    "BuildCur": "3.3.3.11685",
    "RecordCountPrev": 3196,
    "RecordCountCur": 3221,
    "MatchCount": 3196,
    "MatchCountPercent": 100.0
  },
  {
    "BuildPrev": "3.3.3.11685",
    "BuildCur": "3.3.3.11723",
    "RecordCountPrev": 3221,
    "RecordCountCur": 3221,
    "MatchCount": 3221,
    "MatchCountPercent": 100.0
  },
  {
    "BuildPrev": "3.3.3.11723",
    "BuildCur": "3.3.5.12213",
    "RecordCountPrev": 3221,
    "RecordCountCur": 3226,
    "MatchCount": 3221,
    "MatchCountPercent": 100.0
  },
  {
    "BuildPrev": "3.3.5.12213",
    "BuildCur": "3.3.5.12340",
    "RecordCountPrev": 3226,
    "RecordCountCur": 3226,
    "MatchCount": 3226,
    "MatchCountPercent": 100.0
  },
  {
    "BuildPrev": "3.3.5.12340",
    "BuildCur": "4.0.0.11927",
    "RecordCountPrev": 3226,
    "RecordCountCur": 3449,
    "MatchCount": 2843,
    "MatchCountPercent": 88.1277
  },
  {
    "BuildPrev": "4.0.0.11927",
    "BuildCur": "4.0.0.12025",
    "RecordCountPrev": 3449,
    "RecordCountCur": 3476,
    "MatchCount": 3449,
    "MatchCountPercent": 100.0
  },
  {
    "BuildPrev": "4.0.0.12025",
    "BuildCur": "4.0.0.12065",
    "RecordCountPrev": 3476,
    "RecordCountCur": 3484,
    "MatchCount": 3476,
    "MatchCountPercent": 100.0
  },
  {
    "BuildPrev": "4.0.0.12065",
    "BuildCur": "4.0.0.12122",
    "RecordCountPrev": 3484,
    "RecordCountCur": 3500,
    "MatchCount": 3484,
    "MatchCountPercent": 100.0
  },
  {
    "BuildPrev": "4.0.0.12122",
    "BuildCur": "4.0.0.12164",
    "RecordCountPrev": 3500,
    "RecordCountCur": 3507,
    "MatchCount": 3500,
    "MatchCountPercent": 100.0
  },
  {
    "BuildPrev": "4.0.0.12164",
    "BuildCur": "4.0.0.12232",
    "RecordCountPrev": 3507,
    "RecordCountCur": 3534,
    "MatchCount": 3507,
    "MatchCountPercent": 100.0
  },
  {
    "BuildPrev": "4.0.0.12232",
    "BuildCur": "4.0.0.12266",
    "RecordCountPrev": 3534,
    "RecordCountCur": 3540,
    "MatchCount": 3534,
    "MatchCountPercent": 100.0
  },
  {
    "BuildPrev": "4.0.0.12266",
    "BuildCur": "4.0.0.12319",
    "RecordCountPrev": 3540,
    "RecordCountCur": 3571,
    "MatchCount": 3540,
    "MatchCountPercent": 100.0
  },
  {
    "BuildPrev": "4.0.0.12319",
    "BuildCur": "4.0.0.12911",
    "RecordCountPrev": 3571,
    "RecordCountCur": 3876,
    "MatchCount": 3571,
    "MatchCountPercent": 100.0
  },
  {
    "BuildPrev": "4.0.0.12911",
    "BuildCur": "4.0.1.13164",
    "RecordCountPrev": 3876,
    "RecordCountCur": 3876,
    "MatchCount": 3876,
    "MatchCountPercent": 100.0
  },
  {
    "BuildPrev": "4.0.1.13164",
    "BuildCur": "",
    "RecordCountPrev": 3876,
    "RecordCountCur": 3876,
    "MatchCount": 3876,
    "MatchCountPercent": 100.0
  },
  {
    "BuildPrev": "",
    "BuildCur": "4.0.3.13287",
    "RecordCountPrev": 3876,
    "RecordCountCur": 3876,
    "MatchCount": 3876,
    "MatchCountPercent": 100.0
  },
  {
    "BuildPrev": "4.0.3.13287",
    "BuildCur": "",
    "RecordCountPrev": 3876,
    "RecordCountCur": 3876,
    "MatchCount": 3876,
    "MatchCountPercent": 100.0
  },
  {
    "BuildPrev": "",
    "BuildCur": "4.0.6.13596",
    "RecordCountPrev": 3876,
    "RecordCountCur": 3876,
    "MatchCount": 3876,
    "MatchCountPercent": 100.0
  },
  {
    "BuildPrev": "4.0.6.13596",
    "BuildCur": "",
    "RecordCountPrev": 3876,
    "RecordCountCur": 4341,
    "MatchCount": 2909,
    "MatchCountPercent": 75.0516
  },
  {
    "BuildPrev": "",
    "BuildCur": "4.1.0.13914",
    "RecordCountPrev": 4341,
    "RecordCountCur": 4420,
    "MatchCount": 4326,
    "MatchCountPercent": 99.6545
  },
  {
    "BuildPrev": "4.1.0.13914",
    "BuildCur": "",
    "RecordCountPrev": 4420,
    "RecordCountCur": 4420,
    "MatchCount": 4420,
    "MatchCountPercent": 100.0
  },
  {
    "BuildPrev": "",
    "BuildCur": "4.2.0.14333",
    "RecordCountPrev": 4420,
    "RecordCountCur": 4513,
    "MatchCount": 4396,
    "MatchCountPercent": 99.457
  },
  {
    "BuildPrev": "4.2.0.14333",
    "BuildCur": "",
    "RecordCountPrev": 4513,
    "RecordCountCur": 3876,
    "MatchCount": 2909,
    "MatchCountPercent": 64.4582
  },
  {
    "BuildPrev": "",
    "BuildCur": "4.2.2.14545",
    "RecordCountPrev": 3876,
    "RecordCountCur": 4514,
    "MatchCount": 2909,
    "MatchCountPercent": 75.0516
  },
  {
    "BuildPrev": "4.2.2.14545",
    "BuildCur": "4.3.0.15005",
    "RecordCountPrev": 4514,
    "RecordCountCur": 4514,
    "MatchCount": 4514,
    "MatchCountPercent": 100.0
  },
  {
    "BuildPrev": "4.3.0.15005",
    "BuildCur": "",
    "RecordCountPrev": 4514,
    "RecordCountCur": 4514,
    "MatchCount": 4514,
    "MatchCountPercent": 100.0
  },
  {
    "BuildPrev": "",
    "BuildCur": "4.3.2.15211",
    "RecordCountPrev": 4514,
    "RecordCountCur": 4634,
    "MatchCount": 4508,
    "MatchCountPercent": 99.8671
  },
  {
    "BuildPrev": "4.3.2.15211",
    "BuildCur": "4.3.3.15354",
    "RecordCountPrev": 4634,
    "RecordCountCur": 4634,
    "MatchCount": 4634,
    "MatchCountPercent": 100.0
  },
  {
    "BuildPrev": "4.3.3.15354",
    "BuildCur": "4.3.4.15595",
    "RecordCountPrev": 4634,
    "RecordCountCur": 4634,
    "MatchCount": 4634,
    "MatchCountPercent": 100.0
  },
  {
    "BuildPrev": "4.3.4.15595",
    "BuildCur": "5.0.1.15464",
    "RecordCountPrev": 4634,
    "RecordCountCur": 5016,
    "MatchCount": 4399,
    "MatchCountPercent": 94.9288
  },
  {
    "BuildPrev": "5.0.1.15464",
    "BuildCur": "5.0.1.15508",
    "RecordCountPrev": 5016,
    "RecordCountCur": 5035,
    "MatchCount": 5016,
    "MatchCountPercent": 100.0
  },
  {
    "BuildPrev": "5.0.1.15508",
    "BuildCur": "5.0.1.15544",
    "RecordCountPrev": 5035,
    "RecordCountCur": 5061,
    "MatchCount": 5035,
    "MatchCountPercent": 100.0
  },
  {
    "BuildPrev": "5.0.1.15544",
    "BuildCur": "5.0.1.15589",
    "RecordCountPrev": 5061,
    "RecordCountCur": 5088,
    "MatchCount": 5061,
    "MatchCountPercent": 100.0
  },
  {
    "BuildPrev": "5.0.1.15589",
    "BuildCur": "5.0.1.15640",
    "RecordCountPrev": 5088,
    "RecordCountCur": 5016,
    "MatchCount": 5016,
    "MatchCountPercent": 98.5849
  },
  {
    "BuildPrev": "5.0.1.15640",
    "BuildCur": "5.0.1.15650",
    "RecordCountPrev": 5016,
    "RecordCountCur": 5167,
    "MatchCount": 5016,
    "MatchCountPercent": 100.0
  },
  {
    "BuildPrev": "5.0.1.15650",
    "BuildCur": "5.0.1.15657",
    "RecordCountPrev": 5167,
    "RecordCountCur": 5183,
    "MatchCount": 5167,
    "MatchCountPercent": 100.0
  },
  {
    "BuildPrev": "5.0.1.15657",
    "BuildCur": "5.0.1.15662",
    "RecordCountPrev": 5183,
    "RecordCountCur": 5016,
    "MatchCount": 5016,
    "MatchCountPercent": 96.7779
  },
  {
    "BuildPrev": "5.0.1.15662",
    "BuildCur": "5.0.1.15668",
    "RecordCountPrev": 5016,
    "RecordCountCur": 5233,
    "MatchCount": 5016,
    "MatchCountPercent": 100.0
  },
  {
    "BuildPrev": "5.0.1.15668",
    "BuildCur": "5.0.1.15677",
    "RecordCountPrev": 5233,
    "RecordCountCur": 5256,
    "MatchCount": 5233,
    "MatchCountPercent": 100.0
  },
  {
    "BuildPrev": "5.0.1.15677",
    "BuildCur": "5.0.1.15689",
    "RecordCountPrev": 5256,
    "RecordCountCur": 5277,
    "MatchCount": 5256,
    "MatchCountPercent": 100.0
  },
  {
    "BuildPrev": "5.0.1.15689",
    "BuildCur": "5.0.1.15699",
    "RecordCountPrev": 5277,
    "RecordCountCur": 5301,
    "MatchCount": 5277,
    "MatchCountPercent": 100.0
  },
  {
    "BuildPrev": "5.0.1.15699",
    "BuildCur": "5.0.1.15726",
    "RecordCountPrev": 5301,
    "RecordCountCur": 5310,
    "MatchCount": 5301,
    "MatchCountPercent": 100.0
  },
  {
    "BuildPrev": "5.0.1.15726",
    "BuildCur": "5.0.1.15739",
    "RecordCountPrev": 5310,
    "RecordCountCur": 5325,
    "MatchCount": 5310,
    "MatchCountPercent": 100.0
  },
  {
    "BuildPrev": "5.0.1.15739",
    "BuildCur": "5.0.1.15752",
    "RecordCountPrev": 5325,
    "RecordCountCur": 5351,
    "MatchCount": 5325,
    "MatchCountPercent": 100.0
  },
  {
    "BuildPrev": "5.0.1.15752",
    "BuildCur": "5.0.1.15762",
    "RecordCountPrev": 5351,
    "RecordCountCur": 5365,
    "MatchCount": 5351,
    "MatchCountPercent": 100.0
  },
  {
    "BuildPrev": "5.0.1.15762",
    "BuildCur": "5.0.1.15781",
    "RecordCountPrev": 5365,
    "RecordCountCur": 5393,
    "MatchCount": 5365,
    "MatchCountPercent": 100.0
  },
  {
    "BuildPrev": "5.0.1.15781",
    "BuildCur": "5.0.1.15799",
    "RecordCountPrev": 5393,
    "RecordCountCur": 5444,
    "MatchCount": 5393,
    "MatchCountPercent": 100.0
  },
  {
    "BuildPrev": "5.0.1.15799",
    "BuildCur": "5.0.4.15890",
    "RecordCountPrev": 5444,
    "RecordCountCur": 5588,
    "MatchCount": 5444,
    "MatchCountPercent": 100.0
  },
  {
    "BuildPrev": "5.0.4.15890",
    "BuildCur": "5.0.4.16016",
    "RecordCountPrev": 5588,
    "RecordCountCur": 5730,
    "MatchCount": 5588,
    "MatchCountPercent": 100.0
  },
  {
    "BuildPrev": "5.0.4.16016",
    "BuildCur": "5.0.5.16048",
    "RecordCountPrev": 5730,
    "RecordCountCur": 5730,
    "MatchCount": 5730,
    "MatchCountPercent": 100.0
  },
  {
    "BuildPrev": "5.0.5.16048",
    "BuildCur": "5.0.5.16057",
    "RecordCountPrev": 5730,
    "RecordCountCur": 5730,
    "MatchCount": 5730,
    "MatchCountPercent": 100.0
  },
  {
    "BuildPrev": "5.0.5.16057",
    "BuildCur": "5.1.0.16309",
    "RecordCountPrev": 5730,
    "RecordCountCur": 5833,
    "MatchCount": 5730,
    "MatchCountPercent": 100.0
  },
  {
    "BuildPrev": "5.1.0.16309",
    "BuildCur": "",
    "RecordCountPrev": 5833,
    "RecordCountCur": 5833,
    "MatchCount": 5833,
    "MatchCountPercent": 100.0
  },
  {
    "BuildPrev": "",
    "BuildCur": "5.2.0.16516",
    "RecordCountPrev": 5833,
    "RecordCountCur": 6032,
    "MatchCount": 5802,
    "MatchCountPercent": 99.4685
  },
  {
    "BuildPrev": "5.2.0.16516",
    "BuildCur": "5.2.0.16650",
    "RecordCountPrev": 6032,
    "RecordCountCur": 6090,
    "MatchCount": 6032,
    "MatchCountPercent": 100.0
  },
  {
    "BuildPrev": "5.2.0.16650",
    "BuildCur": "5.3.0.16844",
    "RecordCountPrev": 6090,
    "RecordCountCur": 6416,
    "MatchCount": 6076,
    "MatchCountPercent": 99.7701
  },
  {
    "BuildPrev": "5.3.0.16844",
    "BuildCur": "5.3.0.16965",
    "RecordCountPrev": 6416,
    "RecordCountCur": 6419,
    "MatchCount": 6416,
    "MatchCountPercent": 100.0
  },
  {
    "BuildPrev": "5.3.0.16965",
    "BuildCur": "5.3.0.17116",
    "RecordCountPrev": 6419,
    "RecordCountCur": 6419,
    "MatchCount": 6419,
    "MatchCountPercent": 100.0
  },
  {
    "BuildPrev": "5.3.0.17116",
    "BuildCur": "5.4.0.17266",
    "RecordCountPrev": 6419,
    "RecordCountCur": 6970,
    "MatchCount": 6270,
    "MatchCountPercent": 97.6788
  },
  {
    "BuildPrev": "5.4.0.17266",
    "BuildCur": "5.4.0.17325",
    "RecordCountPrev": 6970,
    "RecordCountCur": 6984,
    "MatchCount": 6970,
    "MatchCountPercent": 100.0
  },
  {
    "BuildPrev": "5.4.0.17325",
    "BuildCur": "5.4.0.17345",
    "RecordCountPrev": 6984,
    "RecordCountCur": 6986,
    "MatchCount": 6984,
    "MatchCountPercent": 100.0
  },
  {
    "BuildPrev": "5.4.0.17345",
    "BuildCur": "5.4.1.17520",
    "RecordCountPrev": 6986,
    "RecordCountCur": 6988,
    "MatchCount": 6986,
    "MatchCountPercent": 100.0
  },
  {
    "BuildPrev": "5.4.1.17520",
    "BuildCur": "5.4.1.17538",
    "RecordCountPrev": 6988,
    "RecordCountCur": 6988,
    "MatchCount": 6988,
    "MatchCountPercent": 100.0
  },
  {
    "BuildPrev": "5.4.1.17538",
    "BuildCur": "5.4.2.17645",
    "RecordCountPrev": 6988,
    "RecordCountCur": 6992,
    "MatchCount": 6988,
    "MatchCountPercent": 100.0
  },
  {
    "BuildPrev": "5.4.2.17645",
    "BuildCur": "5.4.2.17688",
    "RecordCountPrev": 6992,
    "RecordCountCur": 6992,
    "MatchCount": 6992,
    "MatchCountPercent": 100.0
  },
  {
    "BuildPrev": "5.4.2.17688",
    "BuildCur": "5.4.7.17898",
    "RecordCountPrev": 6992,
    "RecordCountCur": 6994,
    "MatchCount": 6992,
    "MatchCountPercent": 100.0
  },
  {
    "BuildPrev": "5.4.7.17898",
    "BuildCur": "5.4.8.18273",
    "RecordCountPrev": 6994,
    "RecordCountCur": 6997,
    "MatchCount": 6994,
    "MatchCountPercent": 100.0
  },
  {
    "BuildPrev": "5.4.8.18273",
    "BuildCur": "6.0.1.18125",
    "RecordCountPrev": 6997,
    "RecordCountCur": 7844,
    "MatchCount": 6760,
    "MatchCountPercent": 96.6128
  },
  {
    "BuildPrev": "6.0.1.18125",
    "BuildCur": "6.0.1.18156",
    "RecordCountPrev": 7844,
    "RecordCountCur": 7878,
    "MatchCount": 7844,
    "MatchCountPercent": 100.0
  },
  {
    "BuildPrev": "6.0.1.18156",
    "BuildCur": "6.0.1.18164",
    "RecordCountPrev": 7878,
    "RecordCountCur": 7895,
    "MatchCount": 7878,
    "MatchCountPercent": 100.0
  },
  {
    "BuildPrev": "6.0.1.18164",
    "BuildCur": "6.0.1.18179",
    "RecordCountPrev": 7895,
    "RecordCountCur": 7914,
    "MatchCount": 7895,
    "MatchCountPercent": 100.0
  },
  {
    "BuildPrev": "6.0.1.18179",
    "BuildCur": "6.0.1.18297",
    "RecordCountPrev": 7914,
    "RecordCountCur": 7981,
    "MatchCount": 3517,
    "MatchCountPercent": 44.4402
  },
  {
    "BuildPrev": "6.0.1.18297",
    "BuildCur": "6.0.1.18322",
    "RecordCountPrev": 7981,
    "RecordCountCur": 7983,
    "MatchCount": 7981,
    "MatchCountPercent": 100.0
  },
  {
    "BuildPrev": "6.0.1.18322",
    "BuildCur": "6.0.1.18379",
    "RecordCountPrev": 7983,
    "RecordCountCur": 8035,
    "MatchCount": 7913,
    "MatchCountPercent": 99.1231
  },
  {
    "BuildPrev": "6.0.1.18379",
    "BuildCur": "6.0.1.18443",
    "RecordCountPrev": 8035,
    "RecordCountCur": 8062,
    "MatchCount": 7672,
    "MatchCountPercent": 95.4823
  },
  {
    "BuildPrev": "6.0.1.18443",
    "BuildCur": "6.0.1.18471",
    "RecordCountPrev": 8062,
    "RecordCountCur": 8076,
    "MatchCount": 7642,
    "MatchCountPercent": 94.7904
  },
  {
    "BuildPrev": "6.0.1.18471",
    "BuildCur": "6.0.1.18505",
    "RecordCountPrev": 8076,
    "RecordCountCur": 8091,
    "MatchCount": 4583,
    "MatchCountPercent": 56.7484
  },
  {
    "BuildPrev": "6.0.1.18505",
    "BuildCur": "6.0.1.18522",
    "RecordCountPrev": 8091,
    "RecordCountCur": 8116,
    "MatchCount": 8091,
    "MatchCountPercent": 100.0
  },
  {
    "BuildPrev": "6.0.1.18522",
    "BuildCur": "6.0.1.18537",
    "RecordCountPrev": 8116,
    "RecordCountCur": 8130,
    "MatchCount": 4587,
    "MatchCountPercent": 56.518
  },
  {
    "BuildPrev": "6.0.1.18537",
    "BuildCur": "6.0.1.18566",
    "RecordCountPrev": 8130,
    "RecordCountCur": 8187,
    "MatchCount": 7040,
    "MatchCountPercent": 86.5929
  },
  {
    "BuildPrev": "6.0.1.18566",
    "BuildCur": "6.0.1.18594",
    "RecordCountPrev": 8187,
    "RecordCountCur": 8316,
    "MatchCount": 5517,
    "MatchCountPercent": 67.3873
  },
  {
    "BuildPrev": "6.0.1.18594",
    "BuildCur": "6.0.1.18645",
    "RecordCountPrev": 8316,
    "RecordCountCur": 8316,
    "MatchCount": 8316,
    "MatchCountPercent": 100.0
  },
  {
    "BuildPrev": "6.0.1.18645",
    "BuildCur": "6.0.1.18663",
    "RecordCountPrev": 8316,
    "RecordCountCur": 8395,
    "MatchCount": 3789,
    "MatchCountPercent": 45.5628
  },
  {
    "BuildPrev": "6.0.1.18663",
    "BuildCur": "6.0.1.18685",
    "RecordCountPrev": 8395,
    "RecordCountCur": 8395,
    "MatchCount": 8395,
    "MatchCountPercent": 100.0
  },
  {
    "BuildPrev": "6.0.1.18685",
    "BuildCur": "6.0.1.18689",
    "RecordCountPrev": 8395,
    "RecordCountCur": 8452,
    "MatchCount": 8395,
    "MatchCountPercent": 100.0
  },
  {
    "BuildPrev": "6.0.1.18689",
    "BuildCur": "6.0.1.18716",
    "RecordCountPrev": 8452,
    "RecordCountCur": 8471,
    "MatchCount": 4622,
    "MatchCountPercent": 54.6853
  },
  {
    "BuildPrev": "6.0.1.18716",
    "BuildCur": "6.0.1.18738",
    "RecordCountPrev": 8471,
    "RecordCountCur": 8529,
    "MatchCount": 4588,
    "MatchCountPercent": 54.1613
  },
  {
    "BuildPrev": "6.0.1.18738",
    "BuildCur": "6.0.2.18764",
    "RecordCountPrev": 8529,
    "RecordCountCur": 8544,
    "MatchCount": 8529,
    "MatchCountPercent": 100.0
  },
  {
    "BuildPrev": "6.0.2.18764",
    "BuildCur": "6.0.1.18803",
    "RecordCountPrev": 8544,
    "RecordCountCur": 8542,
    "MatchCount": 8542,
    "MatchCountPercent": 99.9766
  },
  {
    "BuildPrev": "6.0.1.18803",
    "BuildCur": "6.0.2.18816",
    "RecordCountPrev": 8542,
    "RecordCountCur": 8562,
    "MatchCount": 8542,
    "MatchCountPercent": 100.0
  },
  {
    "BuildPrev": "6.0.2.18816",
    "BuildCur": "6.0.2.18833",
    "RecordCountPrev": 8562,
    "RecordCountCur": 8562,
    "MatchCount": 8562,
    "MatchCountPercent": 100.0
  },
  {
    "BuildPrev": "6.0.2.18833",
    "BuildCur": "6.0.2.18837",
    "RecordCountPrev": 8562,
    "RecordCountCur": 8545,
    "MatchCount": 46,
    "MatchCountPercent": 0.5373
  },
  {
    "BuildPrev": "6.0.2.18837",
    "BuildCur": "6.0.2.18838",
    "RecordCountPrev": 8545,
    "RecordCountCur": 8545,
    "MatchCount": 8545,
    "MatchCountPercent": 100.0
  },
  {
    "BuildPrev": "6.0.2.18838",
    "BuildCur": "6.0.2.18848",
    "RecordCountPrev": 8545,
    "RecordCountCur": 8545,
    "MatchCount": 8545,
    "MatchCountPercent": 100.0
  },
  {
    "BuildPrev": "6.0.2.18848",
    "BuildCur": "6.0.2.18850",
    "RecordCountPrev": 8545,
    "RecordCountCur": 8548,
    "MatchCount": 8545,
    "MatchCountPercent": 100.0
  },
  {
    "BuildPrev": "6.0.2.18850",
    "BuildCur": "6.0.2.18865",
    "RecordCountPrev": 8548,
    "RecordCountCur": 8548,
    "MatchCount": 8548,
    "MatchCountPercent": 100.0
  },
  {
    "BuildPrev": "6.0.2.18865",
    "BuildCur": "6.0.2.18888",
    "RecordCountPrev": 8548,
    "RecordCountCur": 8559,
    "MatchCount": 4578,
    "MatchCountPercent": 53.5564
  },
  {
    "BuildPrev": "6.0.2.18888",
    "BuildCur": "6.0.2.18898",
    "RecordCountPrev": 8559,
    "RecordCountCur": 8559,
    "MatchCount": 8188,
    "MatchCountPercent": 95.6654
  },
  {
    "BuildPrev": "6.0.2.18898",
    "BuildCur": "6.0.2.18909",
    "RecordCountPrev": 8559,
    "RecordCountCur": 8561,
    "MatchCount": 8559,
    "MatchCountPercent": 100.0
  },
  {
    "BuildPrev": "6.0.2.18909",
    "BuildCur": "6.0.2.18912",
    "RecordCountPrev": 8561,
    "RecordCountCur": 8559,
    "MatchCount": 8559,
    "MatchCountPercent": 99.9766
  },
  {
    "BuildPrev": "6.0.2.18912",
    "BuildCur": "6.0.2.18922",
    "RecordCountPrev": 8559,
    "RecordCountCur": 8561,
    "MatchCount": 8559,
    "MatchCountPercent": 100.0
  },
  {
    "BuildPrev": "6.0.2.18922",
    "BuildCur": "6.0.2.18927",
    "RecordCountPrev": 8561,
    "RecordCountCur": 8561,
    "MatchCount": 8561,
    "MatchCountPercent": 100.0
  },
  {
    "BuildPrev": "6.0.2.18927",
    "BuildCur": "6.0.2.18934",
    "RecordCountPrev": 8561,
    "RecordCountCur": 8561,
    "MatchCount": 8561,
    "MatchCountPercent": 100.0
  },
  {
    "BuildPrev": "6.0.2.18934",
    "BuildCur": "6.0.2.18935",
    "RecordCountPrev": 8561,
    "RecordCountCur": 8561,
    "MatchCount": 8561,
    "MatchCountPercent": 100.0
  },
  {
    "BuildPrev": "6.0.2.18935",
    "BuildCur": "6.0.2.18950",
    "RecordCountPrev": 8561,
    "RecordCountCur": 8561,
    "MatchCount": 8561,
    "MatchCountPercent": 100.0
  },
  {
    "BuildPrev": "6.0.2.18950",
    "BuildCur": "6.0.2.18965",
    "RecordCountPrev": 8561,
    "RecordCountCur": 8561,
    "MatchCount": 8561,
    "MatchCountPercent": 100.0
  },
  {
    "BuildPrev": "6.0.2.18965",
    "BuildCur": "6.0.2.18967",
    "RecordCountPrev": 8561,
    "RecordCountCur": 8561,
    "MatchCount": 8561,
    "MatchCountPercent": 100.0
  },
  {
    "BuildPrev": "6.0.2.18967",
    "BuildCur": "6.0.2.18973",
    "RecordCountPrev": 8561,
    "RecordCountCur": 8561,
    "MatchCount": 8561,
    "MatchCountPercent": 100.0
  },
  {
    "BuildPrev": "6.0.2.18973",
    "BuildCur": "6.0.2.18982",
    "RecordCountPrev": 8561,
    "RecordCountCur": 8561,
    "MatchCount": 8561,
    "MatchCountPercent": 100.0
  },
  {
    "BuildPrev": "6.0.2.18982",
    "BuildCur": "6.0.2.18983",
    "RecordCountPrev": 8561,
    "RecordCountCur": 8561,
    "MatchCount": 8561,
    "MatchCountPercent": 100.0
  },
  {
    "BuildPrev": "6.0.2.18983",
    "BuildCur": "6.0.2.18986",
    "RecordCountPrev": 8561,
    "RecordCountCur": 8561,
    "MatchCount": 8561,
    "MatchCountPercent": 100.0
  },
  {
    "BuildPrev": "6.0.2.18986",
    "BuildCur": "6.0.2.18988",
    "RecordCountPrev": 8561,
    "RecordCountCur": 8561,
    "MatchCount": 8561,
    "MatchCountPercent": 100.0
  },
  {
    "BuildPrev": "6.0.2.18988",
    "BuildCur": "6.0.2.18989",
    "RecordCountPrev": 8561,
    "RecordCountCur": 8561,
    "MatchCount": 8561,
    "MatchCountPercent": 100.0
  },
  {
    "BuildPrev": "6.0.2.18989",
    "BuildCur": "6.0.2.18996",
    "RecordCountPrev": 8561,
    "RecordCountCur": 8561,
    "MatchCount": 8561,
    "MatchCountPercent": 100.0
  },
  {
    "BuildPrev": "6.0.2.18996",
    "BuildCur": "6.0.2.19000",
    "RecordCountPrev": 8561,
    "RecordCountCur": 8561,
    "MatchCount": 8561,
    "MatchCountPercent": 100.0
  },
  {
    "BuildPrev": "6.0.2.19000",
    "BuildCur": "6.0.2.19005",
    "RecordCountPrev": 8561,
    "RecordCountCur": 8561,
    "MatchCount": 8561,
    "MatchCountPercent": 100.0
  },
  {
    "BuildPrev": "6.0.2.19005",
    "BuildCur": "6.0.2.19041",
    "RecordCountPrev": 8561,
    "RecordCountCur": 8561,
    "MatchCount": 8561,
    "MatchCountPercent": 100.0
  },
  {
    "BuildPrev": "6.0.2.19041",
    "BuildCur": "6.0.3.19057",
    "RecordCountPrev": 8561,
    "RecordCountCur": 8561,
    "MatchCount": 8561,
    "MatchCountPercent": 100.0
  },
  {
    "BuildPrev": "6.0.3.19057",
    "BuildCur": "6.0.3.19078",
    "RecordCountPrev": 8561,
    "RecordCountCur": 8561,
    "MatchCount": 8561,
    "MatchCountPercent": 100.0
  },
  {
    "BuildPrev": "6.0.3.19078",
    "BuildCur": "6.0.3.19085",
    "RecordCountPrev": 8561,
    "RecordCountCur": 8561,
    "MatchCount": 8561,
    "MatchCountPercent": 100.0
  },
  {
    "BuildPrev": "6.0.3.19085",
    "BuildCur": "6.0.3.19175",
    "RecordCountPrev": 8561,
    "RecordCountCur": 8561,
    "MatchCount": 8561,
    "MatchCountPercent": 100.0
  },
  {
    "BuildPrev": "6.0.3.19175",
    "BuildCur": "6.0.3.19200",
    "RecordCountPrev": 8561,
    "RecordCountCur": 8561,
    "MatchCount": 8561,
    "MatchCountPercent": 100.0
  },
  {
    "BuildPrev": "6.0.3.19200",
    "BuildCur": "6.0.3.19342",
    "RecordCountPrev": 8561,
    "RecordCountCur": 8561,
    "MatchCount": 8561,
    "MatchCountPercent": 100.0
  },
  {
    "BuildPrev": "6.0.3.19342",
    "BuildCur": "6.1.0.19445",
    "RecordCountPrev": 8561,
    "RecordCountCur": 8584,
    "MatchCount": 5038,
    "MatchCountPercent": 58.8483
  },
  {
    "BuildPrev": "6.1.0.19445",
    "BuildCur": "6.1.0.19480",
    "RecordCountPrev": 8584,
    "RecordCountCur": 8585,
    "MatchCount": 8584,
    "MatchCountPercent": 100.0
  },
  {
    "BuildPrev": "6.1.0.19480",
    "BuildCur": "6.1.0.19508",
    "RecordCountPrev": 8585,
    "RecordCountCur": 8591,
    "MatchCount": 8585,
    "MatchCountPercent": 100.0
  },
  {
    "BuildPrev": "6.1.0.19508",
    "BuildCur": "6.1.0.19533",
    "RecordCountPrev": 8591,
    "RecordCountCur": 8596,
    "MatchCount": 3731,
    "MatchCountPercent": 43.4292
  },
  {
    "BuildPrev": "6.1.0.19533",
    "BuildCur": "6.1.0.19551",
    "RecordCountPrev": 8596,
    "RecordCountCur": 8596,
    "MatchCount": 8596,
    "MatchCountPercent": 100.0
  },
  {
    "BuildPrev": "6.1.0.19551",
    "BuildCur": "6.1.0.19567",
    "RecordCountPrev": 8596,
    "RecordCountCur": 8598,
    "MatchCount": 8596,
    "MatchCountPercent": 100.0
  },
  {
    "BuildPrev": "6.1.0.19567",
    "BuildCur": "6.1.0.19592",
    "RecordCountPrev": 8598,
    "RecordCountCur": 8599,
    "MatchCount": 8598,
    "MatchCountPercent": 100.0
  },
  {
    "BuildPrev": "6.1.0.19592",
    "BuildCur": "6.1.0.19611",
    "RecordCountPrev": 8599,
    "RecordCountCur": 8599,
    "MatchCount": 8599,
    "MatchCountPercent": 100.0
  },
  {
    "BuildPrev": "6.1.0.19611",
    "BuildCur": "6.1.0.19622",
    "RecordCountPrev": 8599,
    "RecordCountCur": 8599,
    "MatchCount": 8599,
    "MatchCountPercent": 100.0
  },
  {
    "BuildPrev": "6.1.0.19622",
    "BuildCur": "6.1.0.19634",
    "RecordCountPrev": 8599,
    "RecordCountCur": 8599,
    "MatchCount": 8599,
    "MatchCountPercent": 100.0
  },
  {
    "BuildPrev": "6.1.0.19634",
    "BuildCur": "6.1.0.19702",
    "RecordCountPrev": 8599,
    "RecordCountCur": 8599,
    "MatchCount": 8599,
    "MatchCountPercent": 100.0
  },
  {
    "BuildPrev": "6.1.0.19702",
    "BuildCur": "6.1.2.19711",
    "RecordCountPrev": 8599,
    "RecordCountCur": 8599,
    "MatchCount": 8599,
    "MatchCountPercent": 100.0
  },
  {
    "BuildPrev": "6.1.2.19711",
    "BuildCur": "6.1.2.19728",
    "RecordCountPrev": 8599,
    "RecordCountCur": 8599,
    "MatchCount": 8599,
    "MatchCountPercent": 100.0
  },
  {
    "BuildPrev": "6.1.2.19728",
    "BuildCur": "6.1.2.19750",
    "RecordCountPrev": 8599,
    "RecordCountCur": 8599,
    "MatchCount": 8599,
    "MatchCountPercent": 100.0
  },
  {
    "BuildPrev": "6.1.2.19750",
    "BuildCur": "6.1.2.19769",
    "RecordCountPrev": 8599,
    "RecordCountCur": 8599,
    "MatchCount": 8599,
    "MatchCountPercent": 100.0
  },
  {
    "BuildPrev": "6.1.2.19769",
    "BuildCur": "6.1.2.19783",
    "RecordCountPrev": 8599,
    "RecordCountCur": 8599,
    "MatchCount": 8599,
    "MatchCountPercent": 100.0
  },
  {
    "BuildPrev": "6.1.2.19783",
    "BuildCur": "6.1.2.19793",
    "RecordCountPrev": 8599,
    "RecordCountCur": 8599,
    "MatchCount": 8599,
    "MatchCountPercent": 100.0
  },
  {
    "BuildPrev": "6.1.2.19793",
    "BuildCur": "6.1.2.19802",
    "RecordCountPrev": 8599,
    "RecordCountCur": 8599,
    "MatchCount": 8599,
    "MatchCountPercent": 100.0
  },
  {
    "BuildPrev": "6.1.2.19802",
    "BuildCur": "6.1.2.19831",
    "RecordCountPrev": 8599,
    "RecordCountCur": 8599,
    "MatchCount": 8599,
    "MatchCountPercent": 100.0
  },
  {
    "BuildPrev": "6.1.2.19831",
    "BuildCur": "6.1.2.19854",
    "RecordCountPrev": 8599,
    "RecordCountCur": 8599,
    "MatchCount": 8599,
    "MatchCountPercent": 100.0
  },
  {
    "BuildPrev": "6.1.2.19854",
    "BuildCur": "6.1.2.19865",
    "RecordCountPrev": 8599,
    "RecordCountCur": 8599,
    "MatchCount": 8599,
    "MatchCountPercent": 100.0
  },
  {
    "BuildPrev": "6.1.2.19865",
    "BuildCur": "6.2.0.19890",
    "RecordCountPrev": 8599,
    "RecordCountCur": 8687,
    "MatchCount": 6274,
    "MatchCountPercent": 72.962
  },
  {
    "BuildPrev": "6.2.0.19890",
    "BuildCur": "6.2.0.19906",
    "RecordCountPrev": 8687,
    "RecordCountCur": 8689,
    "MatchCount": 8687,
    "MatchCountPercent": 100.0
  },
  {
    "BuildPrev": "6.2.0.19906",
    "BuildCur": "6.2.0.19934",
    "RecordCountPrev": 8689,
    "RecordCountCur": 8695,
    "MatchCount": 8572,
    "MatchCountPercent": 98.6535
  },
  {
    "BuildPrev": "6.2.0.19934",
    "BuildCur": "6.2.0.19953",
    "RecordCountPrev": 8695,
    "RecordCountCur": 8701,
    "MatchCount": 8695,
    "MatchCountPercent": 100.0
  },
  {
    "BuildPrev": "6.2.0.19953",
    "BuildCur": "6.2.0.19973",
    "RecordCountPrev": 8701,
    "RecordCountCur": 8712,
    "MatchCount": 8701,
    "MatchCountPercent": 100.0
  },
  {
    "BuildPrev": "6.2.0.19973",
    "BuildCur": "6.2.0.20008",
    "RecordCountPrev": 8712,
    "RecordCountCur": 8722,
    "MatchCount": 7517,
    "MatchCountPercent": 86.2833
  },
  {
    "BuildPrev": "6.2.0.20008",
    "BuildCur": "6.2.0.20033",
    "RecordCountPrev": 8722,
    "RecordCountCur": 8727,
    "MatchCount": 8722,
    "MatchCountPercent": 100.0
  },
  {
    "BuildPrev": "6.2.0.20033",
    "BuildCur": "6.2.0.20051",
    "RecordCountPrev": 8727,
    "RecordCountCur": 8727,
    "MatchCount": 8727,
    "MatchCountPercent": 100.0
  },
  {
    "BuildPrev": "6.2.0.20051",
    "BuildCur": "6.2.0.20061",
    "RecordCountPrev": 8727,
    "RecordCountCur": 8762,
    "MatchCount": 8727,
    "MatchCountPercent": 100.0
  },
  {
    "BuildPrev": "6.2.0.20061",
    "BuildCur": "6.2.0.20076",
    "RecordCountPrev": 8762,
    "RecordCountCur": 8766,
    "MatchCount": 8762,
    "MatchCountPercent": 100.0
  },
  {
    "BuildPrev": "6.2.0.20076",
    "BuildCur": "6.2.0.20104",
    "RecordCountPrev": 8766,
    "RecordCountCur": 8766,
    "MatchCount": 8766,
    "MatchCountPercent": 100.0
  },
  {
    "BuildPrev": "6.2.0.20104",
    "BuildCur": "6.2.0.20111",
    "RecordCountPrev": 8766,
    "RecordCountCur": 8766,
    "MatchCount": 8766,
    "MatchCountPercent": 100.0
  },
  {
    "BuildPrev": "6.2.0.20111",
    "BuildCur": "6.2.0.20141",
    "RecordCountPrev": 8766,
    "RecordCountCur": 8766,
    "MatchCount": 8766,
    "MatchCountPercent": 100.0
  },
  {
    "BuildPrev": "6.2.0.20141",
    "BuildCur": "6.2.0.20157",
    "RecordCountPrev": 8766,
    "RecordCountCur": 8766,
    "MatchCount": 8766,
    "MatchCountPercent": 100.0
  },
  {
    "BuildPrev": "6.2.0.20157",
    "BuildCur": "6.2.0.20173",
    "RecordCountPrev": 8766,
    "RecordCountCur": 8766,
    "MatchCount": 8766,
    "MatchCountPercent": 100.0
  },
  {
    "BuildPrev": "6.2.0.20173",
    "BuildCur": "6.2.0.20182",
    "RecordCountPrev": 8766,
    "RecordCountCur": 8766,
    "MatchCount": 8766,
    "MatchCountPercent": 100.0
  },
  {
    "BuildPrev": "6.2.0.20182",
    "BuildCur": "6.2.0.20201",
    "RecordCountPrev": 8766,
    "RecordCountCur": 8766,
    "MatchCount": 8766,
    "MatchCountPercent": 100.0
  },
  {
    "BuildPrev": "6.2.0.20201",
    "BuildCur": "6.2.0.20216",
    "RecordCountPrev": 8766,
    "RecordCountCur": 8766,
    "MatchCount": 8766,
    "MatchCountPercent": 100.0
  },
  {
    "BuildPrev": "6.2.0.20216",
    "BuildCur": "6.2.0.20253",
    "RecordCountPrev": 8766,
    "RecordCountCur": 8766,
    "MatchCount": 8766,
    "MatchCountPercent": 100.0
  },
  {
    "BuildPrev": "6.2.0.20253",
    "BuildCur": "6.2.1.20271",
    "RecordCountPrev": 8766,
    "RecordCountCur": 8767,
    "MatchCount": 8766,
    "MatchCountPercent": 100.0
  },
  {
    "BuildPrev": "6.2.1.20271",
    "BuildCur": "6.2.0.20318",
    "RecordCountPrev": 8767,
    "RecordCountCur": 8766,
    "MatchCount": 8766,
    "MatchCountPercent": 99.9886
  },
  {
    "BuildPrev": "6.2.0.20318",
    "BuildCur": "6.2.1.20328",
    "RecordCountPrev": 8766,
    "RecordCountCur": 8768,
    "MatchCount": 8766,
    "MatchCountPercent": 100.0
  },
  {
    "BuildPrev": "6.2.1.20328",
    "BuildCur": "6.2.0.20338",
    "RecordCountPrev": 8768,
    "RecordCountCur": 8766,
    "MatchCount": 8766,
    "MatchCountPercent": 99.9772
  },
  {
    "BuildPrev": "6.2.0.20338",
    "BuildCur": "6.2.1.20363",
    "RecordCountPrev": 8766,
    "RecordCountCur": 8768,
    "MatchCount": 8766,
    "MatchCountPercent": 100.0
  },
  {
    "BuildPrev": "6.2.1.20363",
    "BuildCur": "6.2.2.20395",
    "RecordCountPrev": 8768,
    "RecordCountCur": 8780,
    "MatchCount": 8622,
    "MatchCountPercent": 98.3349
  },
  {
    "BuildPrev": "6.2.2.20395",
    "BuildCur": "6.2.2.20426",
    "RecordCountPrev": 8780,
    "RecordCountCur": 8780,
    "MatchCount": 8780,
    "MatchCountPercent": 100.0
  },
  {
    "BuildPrev": "6.2.2.20426",
    "BuildCur": "6.2.2.20438",
    "RecordCountPrev": 8780,
    "RecordCountCur": 8780,
    "MatchCount": 8780,
    "MatchCountPercent": 100.0
  },
  {
    "BuildPrev": "6.2.2.20438",
    "BuildCur": "6.2.2.20444",
    "RecordCountPrev": 8780,
    "RecordCountCur": 8780,
    "MatchCount": 8780,
    "MatchCountPercent": 100.0
  },
  {
    "BuildPrev": "6.2.2.20444",
    "BuildCur": "6.2.2.20490",
    "RecordCountPrev": 8780,
    "RecordCountCur": 8780,
    "MatchCount": 8780,
    "MatchCountPercent": 100.0
  },
  {
    "BuildPrev": "6.2.2.20490",
    "BuildCur": "6.2.2.20574",
    "RecordCountPrev": 8780,
    "RecordCountCur": 8780,
    "MatchCount": 8780,
    "MatchCountPercent": 100.0
  },
  {
    "BuildPrev": "6.2.2.20574",
    "BuildCur": "6.2.3.20601",
    "RecordCountPrev": 8780,
    "RecordCountCur": 8786,
    "MatchCount": 8780,
    "MatchCountPercent": 100.0
  },
  {
    "BuildPrev": "6.2.3.20601",
    "BuildCur": "6.2.3.20655",
    "RecordCountPrev": 8786,
    "RecordCountCur": 8786,
    "MatchCount": 8786,
    "MatchCountPercent": 100.0
  },
  {
    "BuildPrev": "6.2.3.20655",
    "BuildCur": "6.2.3.20691",
    "RecordCountPrev": 8786,
    "RecordCountCur": 8786,
    "MatchCount": 8786,
    "MatchCountPercent": 100.0
  },
  {
    "BuildPrev": "6.2.3.20691",
    "BuildCur": "6.2.3.20716",
    "RecordCountPrev": 8786,
    "RecordCountCur": 8787,
    "MatchCount": 8786,
    "MatchCountPercent": 100.0
  },
  {
    "BuildPrev": "6.2.3.20716",
    "BuildCur": "6.2.3.20726",
    "RecordCountPrev": 8787,
    "RecordCountCur": 8787,
    "MatchCount": 8787,
    "MatchCountPercent": 100.0
  },
  {
    "BuildPrev": "6.2.3.20726",
    "BuildCur": "6.2.4.21028",
    "RecordCountPrev": 8787,
    "RecordCountCur": 8787,
    "MatchCount": 8787,
    "MatchCountPercent": 100.0
  },
  {
    "BuildPrev": "6.2.4.21028",
    "BuildCur": "6.2.4.21047",
    "RecordCountPrev": 8787,
    "RecordCountCur": 8787,
    "MatchCount": 8787,
    "MatchCountPercent": 100.0
  },
  {
    "BuildPrev": "6.2.4.21047",
    "BuildCur": "6.2.4.21105",
    "RecordCountPrev": 8787,
    "RecordCountCur": 8787,
    "MatchCount": 8787,
    "MatchCountPercent": 100.0
  },
  {
    "BuildPrev": "6.2.4.21105",
    "BuildCur": "6.2.4.21160",
    "RecordCountPrev": 8787,
    "RecordCountCur": 8787,
    "MatchCount": 8787,
    "MatchCountPercent": 100.0
  },
  {
    "BuildPrev": "6.2.4.21160",
    "BuildCur": "6.2.4.21210",
    "RecordCountPrev": 8787,
    "RecordCountCur": 8787,
    "MatchCount": 8787,
    "MatchCountPercent": 100.0
  },
  {
    "BuildPrev": "6.2.4.21210",
    "BuildCur": "6.2.4.21220",
    "RecordCountPrev": 8787,
    "RecordCountCur": 8787,
    "MatchCount": 8787,
    "MatchCountPercent": 100.0
  },
  {
    "BuildPrev": "6.2.4.21220",
    "BuildCur": "6.2.4.21253",
    "RecordCountPrev": 8787,
    "RecordCountCur": 8787,
    "MatchCount": 8787,
    "MatchCountPercent": 100.0
  },
  {
    "BuildPrev": "6.2.4.21253",
    "BuildCur": "6.2.4.21274",
    "RecordCountPrev": 8787,
    "RecordCountCur": 8787,
    "MatchCount": 8787,
    "MatchCountPercent": 100.0
  },
  {
    "BuildPrev": "6.2.4.21274",
    "BuildCur": "6.2.4.21315",
    "RecordCountPrev": 8787,
    "RecordCountCur": 8787,
    "MatchCount": 8787,
    "MatchCountPercent": 100.0
  },
  {
    "BuildPrev": "6.2.4.21315",
    "BuildCur": "6.2.4.21336",
    "RecordCountPrev": 8787,
    "RecordCountCur": 8787,
    "MatchCount": 8787,
    "MatchCountPercent": 100.0
  },
  {
    "BuildPrev": "6.2.4.21336",
    "BuildCur": "6.2.4.21355",
    "RecordCountPrev": 8787,
    "RecordCountCur": 8787,
    "MatchCount": 8787,
    "MatchCountPercent": 100.0
  },
  {
    "BuildPrev": "6.2.4.21355",
    "BuildCur": "6.2.4.21676",
    "RecordCountPrev": 8787,
    "RecordCountCur": 8789,
    "MatchCount": 8787,
    "MatchCountPercent": 100.0
  },
  {
    "BuildPrev": "6.2.4.21676",
    "BuildCur": "6.2.4.21742",
    "RecordCountPrev": 8789,
    "RecordCountCur": 8789,
    "MatchCount": 8789,
    "MatchCountPercent": 100.0
  }
]