[
  {
    "BuildPrev": "0.5.3.3368",
    "BuildCur": "0.5.5.3494",
    "RecordCountPrev": 89,
    "RecordCountCur": 99,
    "MatchCount": 0,
    "MatchCountPercent": 0.0
  },
  {
    "BuildPrev": "0.5.5.3494",
    "BuildCur": "0.6.0.3592",
    "RecordCountPrev": 99,
    "RecordCountCur": 104,
    "MatchCount": 1,
    "MatchCountPercent": 1.0101
  },
  {
    "BuildPrev": "0.6.0.3592",
    "BuildCur": "0.7.0.3694",
    "RecordCountPrev": 104,
    "RecordCountCur": 107,
    "MatchCount": 0,
    "MatchCountPercent": 0.0
  },
  {
    "BuildPrev": "0.7.0.3694",
    "BuildCur": "0.7.1.3702",
    "RecordCountPrev": 107,
    "RecordCountCur": 107,
    "MatchCount": 107,
    "MatchCountPercent": 100.0
  },
  {
    "BuildPrev": "0.7.1.3702",
    "BuildCur": "0.7.6.3712",
    "RecordCountPrev": 107,
    "RecordCountCur": 107,
    "MatchCount": 107,
    "MatchCountPercent": 100.0
  },
  {
    "BuildPrev": "0.7.6.3712",
    "BuildCur": "0.8.0.3734",
    "RecordCountPrev": 107,
    "RecordCountCur": 118,
    "MatchCount": 0,
    "MatchCountPercent": 0.0
  },
  {
    "BuildPrev": "0.8.0.3734",
    "BuildCur": "0.9.0.3807",
    "RecordCountPrev": 118,
    "RecordCountCur": 131,
    "MatchCount": 0,
    "MatchCountPercent": 0.0
  },
  {
    "BuildPrev": "0.9.0.3807",
    "BuildCur": "0.9.1.3810",
    "RecordCountPrev": 131,
    "RecordCountCur": 131,
    "MatchCount": 131,
    "MatchCountPercent": 100.0
  },
  {
    "BuildPrev": "0.9.1.3810",
    "BuildCur": "0.10.0.3892",
    "RecordCountPrev": 131,
    "RecordCountCur": 139,
    "MatchCount": 5,
    "MatchCountPercent": 3.8168
  },
  {
    "BuildPrev": "0.10.0.3892",
    "BuildCur": "0.11.0.3925",
    "RecordCountPrev": 139,
    "RecordCountCur": 143,
    "MatchCount": 24,
    "MatchCountPercent": 17.2662
  },
  {
    "BuildPrev": "0.11.0.3925",
    "BuildCur": "0.12.0.3988",
    "RecordCountPrev": 143,
    "RecordCountCur": 149,
    "MatchCount": 0,
    "MatchCountPercent": 0.0
  },
  {
    "BuildPrev": "0.12.0.3988",
    "BuildCur": "1.0.0.3980",
    "RecordCountPrev": 149,
    "RecordCountCur": 149,
    "MatchCount": 149,
    "MatchCountPercent": 100.0
  },
  {
    "BuildPrev": "1.0.0.3980",
    "BuildCur": "1.1.2.4125",
    "RecordCountPrev": 149,
    "RecordCountCur": 158,
    "MatchCount": 0,
    "MatchCountPercent": 0.0
  },
  {
    "BuildPrev": "1.1.2.4125",
    "BuildCur": "1.2.0.4147",
    "RecordCountPrev": 158,
    "RecordCountCur": 158,
    "MatchCount": 158,
    "MatchCountPercent": 100.0
  },
  {
    "BuildPrev": "1.2.0.4147",
    "BuildCur": "1.2.2.4196",
    "RecordCountPrev": 158,
    "RecordCountCur": 158,
    "MatchCount": 158,
    "MatchCountPercent": 100.0
  },
  {
    "BuildPrev": "1.2.2.4196",
    "BuildCur": "1.2.3.4211",
    "RecordCountPrev": 158,
    "RecordCountCur": 158,
    "MatchCount": 158,
    "MatchCountPercent": 100.0
  },
  {
    "BuildPrev": "1.2.3.4211",
    "BuildCur": "1.2.4.4222",
    "RecordCountPrev": 158,
    "RecordCountCur": 158,
    "MatchCount": 158,
    "MatchCountPercent": 100.0
  },
  {
    "BuildPrev": "1.2.4.4222",
    "BuildCur": "1.3.0.4284",
    "RecordCountPrev": 158,
    "RecordCountCur": 159,
    "MatchCount": 77,
    "MatchCountPercent": 48.7342
  },
  {
    "BuildPrev": "1.3.0.4284",
    "BuildCur": "1.4.0.4341",
    "RecordCountPrev": 159,
    "RecordCountCur": 160,
    "MatchCount": 0,
    "MatchCountPercent": 0.0
  },
  {
    "BuildPrev": "1.4.0.4341",
    "BuildCur": "1.4.1.4364",
    "RecordCountPrev": 160,
    "RecordCountCur": 160,
    "MatchCount": 160,
    "MatchCountPercent": 100.0
  },
  {
    "BuildPrev": "1.4.1.4364",
    "BuildCur": "1.4.2.4375",
    "RecordCountPrev": 160,
    "RecordCountCur": 160,
    "MatchCount": 160,
    "MatchCountPercent": 100.0
  },
  {
    "BuildPrev": "1.4.2.4375",
    "BuildCur": "1.5.0.4442",
    "RecordCountPrev": 160,
    "RecordCountCur": 158,
    "MatchCount": 0,
    "MatchCountPercent": 0.0
  },
  {
    "BuildPrev": "1.5.0.4442",
    "BuildCur": "1.5.1.4449",
    "RecordCountPrev": 158,
    "RecordCountCur": 158,
    "MatchCount": 158,
    "MatchCountPercent": 100.0
  },
  {
    "BuildPrev": "1.5.1.4449",
    "BuildCur": "1.6.0.4500",
    "RecordCountPrev": 158,
    "RecordCountCur": 158,
    "MatchCount": 158,
    "MatchCountPercent": 100.0
  },
  {
    "BuildPrev": "1.6.0.4500",
    "BuildCur": "1.6.1.4544",
    "RecordCountPrev": 158,
    "RecordCountCur": 158,
    "MatchCount": 158,
    "MatchCountPercent": 100.0
  },
  {
    "BuildPrev": "1.6.1.4544",
    "BuildCur": "1.7.0.4671",
    "RecordCountPrev": 158,
    "RecordCountCur": 158,
    "MatchCount": 158,
    "MatchCountPercent": 100.0
  },
  {
    "BuildPrev": "1.7.0.4671",
    "BuildCur": "1.7.1.4695",
    "RecordCountPrev": 158,
    "RecordCountCur": 158,
    "MatchCount": 158,
    "MatchCountPercent": 100.0
  },
  {
    "BuildPrev": "1.7.1.4695",
    "BuildCur": "1.8.0.4714",
    "RecordCountPrev": 158,
    "RecordCountCur": 158,
    "MatchCount": 158,
    "MatchCountPercent": 100.0
  },
  {
    "BuildPrev": "1.8.0.4714",
    "BuildCur": "1.8.0.4735",
    "RecordCountPrev": 158,
    "RecordCountCur": 158,
    "MatchCount": 158,
    "MatchCountPercent": 100.0
  },
  {
    "BuildPrev": "1.8.0.4735",
    "BuildCur": "1.8.1.4769",
    "RecordCountPrev": 158,
    "RecordCountCur": 158,
    "MatchCount": 158,
    "MatchCountPercent": 100.0
  },
  {
    "BuildPrev": "1.8.1.4769",
    "BuildCur": "1.8.4.4878",
    "RecordCountPrev": 158,
    "RecordCountCur": 158,
    "MatchCount": 158,
    "MatchCountPercent": 100.0
  },
  {
    "BuildPrev": "1.8.4.4878",
    "BuildCur": "1.9.0.4937",
    "RecordCountPrev": 158,
    "RecordCountCur": 158,
    "MatchCount": 158,
    "MatchCountPercent": 100.0
  },
  {
    "BuildPrev": "1.9.0.4937",
    "BuildCur": "1.9.1.4983",
    "RecordCountPrev": 158,
    "RecordCountCur": 158,
    "MatchCount": 158,
    "MatchCountPercent": 100.0
  },
  {
    "BuildPrev": "1.9.1.4983",
    "BuildCur": "1.9.2.4996",
    "RecordCountPrev": 158,
    "RecordCountCur": 158,
    "MatchCount": 158,
    "MatchCountPercent": 100.0
  },
  {
    "BuildPrev": "1.9.2.4996",
    "BuildCur": "1.9.3.5059",
    "RecordCountPrev": 158,
    "RecordCountCur": 158,
    "MatchCount": 158,
    "MatchCountPercent": 100.0
  },
  {
    "BuildPrev": "1.9.3.5059",
    "BuildCur": "1.9.4.5086",
    "RecordCountPrev": 158,
    "RecordCountCur": 158,
    "MatchCount": 158,
    "MatchCountPercent": 100.0
  },
  {
    "BuildPrev": "1.9.4.5086",
    "BuildCur": "1.10.0.5195",
    "RecordCountPrev": 158,
    "RecordCountCur": 158,
    "MatchCount": 158,
    "MatchCountPercent": 100.0
  },
  {
    "BuildPrev": "1.10.0.5195",
    "BuildCur": "1.10.1.5230",
    "RecordCountPrev": 158,
    "RecordCountCur": 158,
    "MatchCount": 158,
    "MatchCountPercent": 100.0
  },
  {
    "BuildPrev": "1.10.1.5230",
    "BuildCur": "1.10.2.5302",
    "RecordCountPrev": 158,
    "RecordCountCur": 158,
    "MatchCount": 158,
    "MatchCountPercent": 100.0
  },
  {
    "BuildPrev": "1.10.2.5302",
    "BuildCur": "1.11.0.5344",
    "RecordCountPrev": 158,
    "RecordCountCur": 158,
    "MatchCount": 158,
    "MatchCountPercent": 100.0
  },
  {
    "BuildPrev": "1.11.0.5344",
    "BuildCur": "1.11.0.5428",
    "RecordCountPrev": 158,
    "RecordCountCur": 158,
    "MatchCount": 158,
    "MatchCountPercent": 100.0
  },
  {
    "BuildPrev": "1.11.0.5428",
    "BuildCur": "1.11.1.5462",
    "RecordCountPrev": 158,
    "RecordCountCur": 158,
    "MatchCount": 158,
    "MatchCountPercent": 100.0
  },
  {
    "BuildPrev": "1.11.1.5462",
    "BuildCur": "1.11.2.5464",
    "RecordCountPrev": 158,
    "RecordCountCur": 158,
    "MatchCount": 158,
    "MatchCountPercent": 100.0
  },
  {
    "BuildPrev": "1.11.2.5464",
    "BuildCur": "1.12.0.5595",
    "RecordCountPrev": 158,
    "RecordCountCur": 158,
    "MatchCount": 158,
    "MatchCountPercent": 100.0
  },
  {
    "BuildPrev": "1.12.0.5595",
    "BuildCur": "1.12.1.5875",
    "RecordCountPrev": 158,
    "RecordCountCur": 158,
    "MatchCount": 158,
    "MatchCountPercent": 100.0
  },
  {
    "BuildPrev": "1.12.1.5875",
    "BuildCur": "1.12.2.6005",
    "RecordCountPrev": 158,
    "RecordCountCur": 158,
    "MatchCount": 158,
    "MatchCountPercent": 100.0
  },
  {
    "BuildPrev": "1.12.2.6005",
    "BuildCur": "2.0.0.5610",
    "RecordCountPrev": 158,
    "RecordCountCur": 158,
    "MatchCount": 158,
    "MatchCountPercent": 100.0
  },
  {
    "BuildPrev": "2.0.0.5610",
    "BuildCur": "2.0.0.5665",
    "RecordCountPrev": 158,
    "RecordCountCur": 158,
    "MatchCount": 158,
    "MatchCountPercent": 100.0
  },
  {
    "BuildPrev": "2.0.0.5665",
    "BuildCur": "2.0.0.5666",
    "RecordCountPrev": 158,
    "RecordCountCur": 158,
    "MatchCount": 158,
    "MatchCountPercent": 100.0
  }
]