[
  {
    "BuildPrev": "0.5.3.3368",
    "BuildCur": "0.5.5.3494",
    "RecordCountPrev": 49,
    "RecordCountCur": 55,
    "MatchCount": 49,
    "MatchCountPercent": 100.0
  },
  {
    "BuildPrev": "0.5.5.3494",
    "BuildCur": "0.6.0.3592",
    "RecordCountPrev": 55,
    "RecordCountCur": 55,
    "MatchCount": 54,
    "MatchCountPercent": 98.1818
  },
  {
    "BuildPrev": "0.6.0.3592",
    "BuildCur": "0.7.0.3694",
    "RecordCountPrev": 55,
    "RecordCountCur": 63,
    "MatchCount": 55,
    "MatchCountPercent": 100.0
  },
  {
    "BuildPrev": "0.7.0.3694",
    "BuildCur": "0.7.1.3702",
    "RecordCountPrev": 63,
    "RecordCountCur": 63,
    "MatchCount": 63,
    "MatchCountPercent": 100.0
  },
  {
    "BuildPrev": "0.7.1.3702",
    "BuildCur": "0.7.6.3712",
    "RecordCountPrev": 63,
    "RecordCountCur": 63,
    "MatchCount": 63,
    "MatchCountPercent": 100.0
  },
  {
    "BuildPrev": "0.7.6.3712",
    "BuildCur": "0.8.0.3734",
    "RecordCountPrev": 63,
    "RecordCountCur": 63,
    "MatchCount": 63,
    "MatchCountPercent": 100.0
  },
  {
    "BuildPrev": "0.8.0.3734",
    "BuildCur": "0.9.0.3807",
    "RecordCountPrev": 63,
    "RecordCountCur": 63,
    "MatchCount": 63,
    "MatchCountPercent": 100.0
  },
  {
    "BuildPrev": "0.9.0.3807",
    "BuildCur": "0.9.1.3810",
    "RecordCountPrev": 63,
    "RecordCountCur": 63,
    "MatchCount": 63,
    "MatchCountPercent": 100.0
  },
  {
    "BuildPrev": "0.9.1.3810",
    "BuildCur": "0.10.0.3892",
    "RecordCountPrev": 63,
    "RecordCountCur": 66,
    "MatchCount": 63,
    "MatchCountPercent": 100.0
  },
  {
    "BuildPrev": "0.10.0.3892",
    "BuildCur": "0.11.0.3925",
    "RecordCountPrev": 66,
    "RecordCountCur": 67,
    "MatchCount": 66,
    "MatchCountPercent": 100.0
  },
  {
    "BuildPrev": "0.11.0.3925",
    "BuildCur": "0.12.0.3988",
    "RecordCountPrev": 67,
    "RecordCountCur": 69,
    "MatchCount": 67,
    "MatchCountPercent": 100.0
  },
  {
    "BuildPrev": "0.12.0.3988",
    "BuildCur": "1.0.0.3980",
    "RecordCountPrev": 69,
    "RecordCountCur": 69,
    "MatchCount": 69,
    "MatchCountPercent": 100.0
  },
  {
    "BuildPrev": "1.0.0.3980",
    "BuildCur": "1.1.2.4125",
    "RecordCountPrev": 69,
    "RecordCountCur": 70,
    "MatchCount": 69,
    "MatchCountPercent": 100.0
  },
  {
    "BuildPrev": "1.1.2.4125",
    "BuildCur": "1.2.0.4147",
    "RecordCountPrev": 70,
    "RecordCountCur": 70,
    "MatchCount": 70,
    "MatchCountPercent": 100.0
  },
  {
    "BuildPrev": "1.2.0.4147",
    "BuildCur": "1.2.2.4196",
    "RecordCountPrev": 70,
    "RecordCountCur": 70,
    "MatchCount": 70,
    "MatchCountPercent": 100.0
  },
  {
    "BuildPrev": "1.2.2.4196",
    "BuildCur": "1.2.3.4211",
    "RecordCountPrev": 70,
    "RecordCountCur": 70,
    "MatchCount": 70,
    "MatchCountPercent": 100.0
  },
  {
    "BuildPrev": "1.2.3.4211",
    "BuildCur": "1.2.4.4222",
    "RecordCountPrev": 70,
    "RecordCountCur": 70,
    "MatchCount": 70,
    "MatchCountPercent": 100.0
  },
  {
    "BuildPrev": "1.2.4.4222",
    "BuildCur": "1.3.0.4284",
    "RecordCountPrev": 70,
    "RecordCountCur": 74,
    "MatchCount": 70,
    "MatchCountPercent": 100.0
  },
  {
    "BuildPrev": "1.3.0.4284",
    "BuildCur": "1.4.0.4341",
    "RecordCountPrev": 74,
    "RecordCountCur": 76,
    "MatchCount": 73,
    "MatchCountPercent": 98.6487
  },
  {
    "BuildPrev": "1.4.0.4341",
    "BuildCur": "1.4.1.4364",
    "RecordCountPrev": 76,
    "RecordCountCur": 76,
    "MatchCount": 76,
    "MatchCountPercent": 100.0
  },
  {
    "BuildPrev": "1.4.1.4364",
    "BuildCur": "1.4.2.4375",
    "RecordCountPrev": 76,
    "RecordCountCur": 76,
    "MatchCount": 76,
    "MatchCountPercent": 100.0
  },
  {
    "BuildPrev": "1.4.2.4375",
    "BuildCur": "1.5.0.4442",
    "RecordCountPrev": 76,
    "RecordCountCur": 76,
    "MatchCount": 76,
    "MatchCountPercent": 100.0
  },
  {
    "BuildPrev": "1.5.0.4442",
    "BuildCur": "1.5.1.4449",
    "RecordCountPrev": 76,
    "RecordCountCur": 76,
    "MatchCount": 76,
    "MatchCountPercent": 100.0
  },
  {
    "BuildPrev": "1.5.1.4449",
    "BuildCur": "1.6.0.4500",
    "RecordCountPrev": 76,
    "RecordCountCur": 77,
    "MatchCount": 76,
    "MatchCountPercent": 100.0
  },
  {
    "BuildPrev": "1.6.0.4500",
    "BuildCur": "1.6.1.4544",
    "RecordCountPrev": 77,
    "RecordCountCur": 77,
    "MatchCount": 77,
    "MatchCountPercent": 100.0
  },
  {
    "BuildPrev": "1.6.1.4544",
    "BuildCur": "1.7.0.4671",
    "RecordCountPrev": 77,
    "RecordCountCur": 79,
    "MatchCount": 77,
    "MatchCountPercent": 100.0
  },
  {
    "BuildPrev": "1.7.0.4671",
    "BuildCur": "1.7.1.4695",
    "RecordCountPrev": 79,
    "RecordCountCur": 79,
    "MatchCount": 79,
    "MatchCountPercent": 100.0
  },
  {
    "BuildPrev": "1.7.1.4695",
    "BuildCur": "1.8.0.4714",
    "RecordCountPrev": 79,
    "RecordCountCur": 79,
    "MatchCount": 79,
    "MatchCountPercent": 100.0
  },
  {
    "BuildPrev": "1.8.0.4714",
    "BuildCur": "1.8.0.4735",
    "RecordCountPrev": 79,
    "RecordCountCur": 79,
    "MatchCount": 79,
    "MatchCountPercent": 100.0
  },
  {
    "BuildPrev": "1.8.0.4735",
    "BuildCur": "1.8.1.4769",
    "RecordCountPrev": 79,
    "RecordCountCur": 79,
    "MatchCount": 79,
    "MatchCountPercent": 100.0
  },
  {
    "BuildPrev": "1.8.1.4769",
    "BuildCur": "1.8.4.4878",
    "RecordCountPrev": 79,
    "RecordCountCur": 79,
    "MatchCount": 79,
    "MatchCountPercent": 100.0
  },
  {
    "BuildPrev": "1.8.4.4878",
    "BuildCur": "1.9.0.4937",
    "RecordCountPrev": 79,
    "RecordCountCur": 80,
    "MatchCount": 79,
    "MatchCountPercent": 100.0
  },
  {
    "BuildPrev": "1.9.0.4937",
    "BuildCur": "1.9.1.4983",
    "RecordCountPrev": 80,
    "RecordCountCur": 80,
    "MatchCount": 80,
    "MatchCountPercent": 100.0
  },
  {
    "BuildPrev": "1.9.1.4983",
    "BuildCur": "1.9.2.4996",
    "RecordCountPrev": 80,
    "RecordCountCur": 80,
    "MatchCount": 80,
    "MatchCountPercent": 100.0
  },
  {
    "BuildPrev": "1.9.2.4996",
    "BuildCur": "1.9.3.5059",
    "RecordCountPrev": 80,
    "RecordCountCur": 80,
    "MatchCount": 80,
    "MatchCountPercent": 100.0
  },
  {
    "BuildPrev": "1.9.3.5059",
    "BuildCur": "1.9.4.5086",
    "RecordCountPrev": 80,
    "RecordCountCur": 80,
    "MatchCount": 80,
    "MatchCountPercent": 100.0
  },
  {
    "BuildPrev": "1.9.4.5086",
    "BuildCur": "1.10.0.5195",
    "RecordCountPrev": 80,
    "RecordCountCur": 80,
    "MatchCount": 80,
    "MatchCountPercent": 100.0
  },
  {
    "BuildPrev": "1.10.0.5195",
    "BuildCur": "1.10.1.5230",
    "RecordCountPrev": 80,
    "RecordCountCur": 80,
    "MatchCount": 80,
    "MatchCountPercent": 100.0
  },
  {
    "BuildPrev": "1.10.1.5230",
    "BuildCur": "1.10.2.5302",
    "RecordCountPrev": 80,
    "RecordCountCur": 80,
    "MatchCount": 80,
    "MatchCountPercent": 100.0
  },
  {
    "BuildPrev": "1.10.2.5302",
    "BuildCur": "1.11.0.5344",
    "RecordCountPrev": 80,
    "RecordCountCur": 80,
    "MatchCount": 78,
    "MatchCountPercent": 97.5
  },
  {
    "BuildPrev": "1.11.0.5344",
    "BuildCur": "1.11.0.5428",
    "RecordCountPrev": 80,
    "RecordCountCur": 81,
    "MatchCount": 80,
    "MatchCountPercent": 100.0
  },
  {
    "BuildPrev": "1.11.0.5428",
    "BuildCur": "1.11.1.5462",
    "RecordCountPrev": 81,
    "RecordCountCur": 81,
    "MatchCount": 81,
    "MatchCountPercent": 100.0
  },
  {
    "BuildPrev": "1.11.1.5462",
    "BuildCur": "1.11.2.5464",
    "RecordCountPrev": 81,
    "RecordCountCur": 81,
    "MatchCount": 81,
    "MatchCountPercent": 100.0
  },
  {
    "BuildPrev": "1.11.2.5464",
    "BuildCur": "1.12.0.5595",
    "RecordCountPrev": 81,
    "RecordCountCur": 82,
    "MatchCount": 81,
    "MatchCountPercent": 100.0
  },
  {
    "BuildPrev": "1.12.0.5595",
    "BuildCur": "1.12.1.5875",
    "RecordCountPrev": 82,
    "RecordCountCur": 82,
    "MatchCount": 82,
    "MatchCountPercent": 100.0
  },
  {
    "BuildPrev": "1.12.1.5875",
    "BuildCur": "1.12.2.6005",
    "RecordCountPrev": 82,
    "RecordCountCur": 82,
    "MatchCount": 82,
    "MatchCountPercent": 100.0
  },
  {
    "BuildPrev": "1.12.2.6005",
    "BuildCur": "2.0.0.5610",
    "RecordCountPrev": 82,
    "RecordCountCur": 85,
    "MatchCount": 71,
    "MatchCountPercent": 86.5854
  },
  {
    "BuildPrev": "2.0.0.5610",
    "BuildCur": "2.0.0.5665",
    "RecordCountPrev": 85,
    "RecordCountCur": 85,
    "MatchCount": 85,
    "MatchCountPercent": 100.0
  },
  {
    "BuildPrev": "2.0.0.5665",
    "BuildCur": "2.0.0.5666",
    "RecordCountPrev": 85,
    "RecordCountCur": 85,
    "MatchCount": 85,
    "MatchCountPercent": 100.0
  },
  {
    "BuildPrev": "2.0.0.5666",
    "BuildCur": "2.0.0.5991",
    "RecordCountPrev": 85,
    "RecordCountCur": 80,
    "MatchCount": 67,
    "MatchCountPercent": 78.8235
  },
  {
    "BuildPrev": "2.0.0.5991",
    "BuildCur": "2.0.0.6080",
    "RecordCountPrev": 80,
    "RecordCountCur": 85,
    "MatchCount": 67,
    "MatchCountPercent": 83.75
  },
  {
    "BuildPrev": "2.0.0.6080",
    "BuildCur": "2.0.3.6299",
    "RecordCountPrev": 85,
    "RecordCountCur": 94,
    "MatchCount": 85,
    "MatchCountPercent": 100.0
  },
  {
    "BuildPrev": "2.0.3.6299",
    "BuildCur": "2.0.5.6320",
    "RecordCountPrev": 94,
    "RecordCountCur": 94,
    "MatchCount": 94,
    "MatchCountPercent": 100.0
  },
  {
    "BuildPrev": "2.0.5.6320",
    "BuildCur": "2.0.6.6337",
    "RecordCountPrev": 94,
    "RecordCountCur": 94,
    "MatchCount": 94,
    "MatchCountPercent": 100.0
  },
  {
    "BuildPrev": "2.0.6.6337",
    "BuildCur": "2.1.0.6692",
    "RecordCountPrev": 94,
    "RecordCountCur": 105,
    "MatchCount": 94,
    "MatchCountPercent": 100.0
  },
  {
    "BuildPrev": "2.1.0.6692",
    "BuildCur": "2.1.0.6729",
    "RecordCountPrev": 105,
    "RecordCountCur": 105,
    "MatchCount": 105,
    "MatchCountPercent": 100.0
  },
  {
    "BuildPrev": "2.1.0.6729",
    "BuildCur": "2.1.1.6739",
    "RecordCountPrev": 105,
    "RecordCountCur": 105,
    "MatchCount": 105,
    "MatchCountPercent": 100.0
  },
  {
    "BuildPrev": "2.1.1.6739",
    "BuildCur": "2.1.2.6803",
    "RecordCountPrev": 105,
    "RecordCountCur": 105,
    "MatchCount": 105,
    "MatchCountPercent": 100.0
  },
  {
    "BuildPrev": "2.1.2.6803",
    "BuildCur": "2.1.3.6898",
    "RecordCountPrev": 105,
    "RecordCountCur": 105,
    "MatchCount": 105,
    "MatchCountPercent": 100.0
  },
  {
    "BuildPrev": "2.1.3.6898",
    "BuildCur": "2.2.0.7272",
    "RecordCountPrev": 105,
    "RecordCountCur": 105,
    "MatchCount": 105,
    "MatchCountPercent": 100.0
  },
  {
    "BuildPrev": "2.2.0.7272",
    "BuildCur": "2.3.0.7561",
    "RecordCountPrev": 105,
    "RecordCountCur": 107,
    "MatchCount": 105,
    "MatchCountPercent": 100.0
  },
  {
    "BuildPrev": "2.3.0.7561",
    "BuildCur": "2.3.2.7741",
    "RecordCountPrev": 107,
    "RecordCountCur": 107,
    "MatchCount": 107,
    "MatchCountPercent": 100.0
  },
  {
    "BuildPrev": "2.3.2.7741",
    "BuildCur": "2.3.3.7799",
    "RecordCountPrev": 107,
    "RecordCountCur": 107,
    "MatchCount": 107,
    "MatchCountPercent": 100.0
  },
  {
    "BuildPrev": "2.3.3.7799",
    "BuildCur": "2.4.0.8089",
    "RecordCountPrev": 107,
    "RecordCountCur": 107,
    "MatchCount": 107,
    "MatchCountPercent": 100.0
  },
  {
    "BuildPrev": "2.4.0.8089",
    "BuildCur": "2.4.1.8125",
    "RecordCountPrev": 107,
    "RecordCountCur": 107,
    "MatchCount": 107,
    "MatchCountPercent": 100.0
  },
  {
    "BuildPrev": "2.4.1.8125",
    "BuildCur": "2.4.2.8278",
    "RecordCountPrev": 107,
    "RecordCountCur": 107,
    "MatchCount": 107,
    "MatchCountPercent": 100.0
  },
  {
    "BuildPrev": "2.4.2.8278",
    "BuildCur": "2.4.3.8606",
    "RecordCountPrev": 107,
    "RecordCountCur": 108,
    "MatchCount": 107,
    "MatchCountPercent": 100.0
  },
  {
    "BuildPrev": "2.4.3.8606",
    "BuildCur": "3.0.1.8303",
    "RecordCountPrev": 108,
    "RecordCountCur": 110,
    "MatchCount": 106,
    "MatchCountPercent": 98.1482
  },
  {
    "BuildPrev": "3.0.1.8303",
    "BuildCur": "3.0.1.8334",
    "RecordCountPrev": 110,
    "RecordCountCur": 110,
    "MatchCount": 110,
    "MatchCountPercent": 100.0
  },
  {
    "BuildPrev": "3.0.1.8334",
    "BuildCur": "3.0.1.8391",
    "RecordCountPrev": 110,
    "RecordCountCur": 110,
    "MatchCount": 109,
    "MatchCountPercent": 99.0909
  },
  {
    "BuildPrev": "3.0.1.8391",
    "BuildCur": "3.0.1.8471",
    "RecordCountPrev": 110,
    "RecordCountCur": 111,
    "MatchCount": 110,
    "MatchCountPercent": 100.0
  },
  {
    "BuildPrev": "3.0.1.8471",
    "BuildCur": "3.0.1.8622",
    "RecordCountPrev": 111,
    "RecordCountCur": 111,
    "MatchCount": 111,
    "MatchCountPercent": 100.0
  },
  {
    "BuildPrev": "3.0.1.8622",
    "BuildCur": "3.0.1.8634",
    "RecordCountPrev": 111,
    "RecordCountCur": 111,
    "MatchCount": 111,
    "MatchCountPercent": 100.0
  },
  {
    "BuildPrev": "3.0.1.8634",
    "BuildCur": "3.0.1.8681",
    "RecordCountPrev": 111,
    "RecordCountCur": 111,
    "MatchCount": 111,
    "MatchCountPercent": 100.0
  },
  {
    "BuildPrev": "3.0.1.8681",
    "BuildCur": "3.0.1.8714",
    "RecordCountPrev": 111,
    "RecordCountCur": 111,
    "MatchCount": 111,
    "MatchCountPercent": 100.0
  },
  {
    "BuildPrev": "3.0.1.8714",
    "BuildCur": "3.0.1.8770",
    "RecordCountPrev": 111,
    "RecordCountCur": 111,
    "MatchCount": 111,
    "MatchCountPercent": 100.0
  },
  {
    "BuildPrev": "3.0.1.8770",
    "BuildCur": "3.0.1.8788",
    "RecordCountPrev": 111,
    "RecordCountCur": 111,
    "MatchCount": 111,
    "MatchCountPercent": 100.0
  },
  {
    "BuildPrev": "3.0.1.8788",
    "BuildCur": "3.0.1.8820",
    "RecordCountPrev": 111,
    "RecordCountCur": 112,
    "MatchCount": 111,
    "MatchCountPercent": 100.0
  },
  {
    "BuildPrev": "3.0.1.8820",
    "BuildCur": "3.0.1.8874",
    "RecordCountPrev": 112,
    "RecordCountCur": 112,
    "MatchCount": 112,
    "MatchCountPercent": 100.0
  },
  {
    "BuildPrev": "3.0.1.8874",
    "BuildCur": "3.0.1.8885",
    "RecordCountPrev": 112,
    "RecordCountCur": 113,
    "MatchCount": 111,
    "MatchCountPercent": 99.1071
  },
  {
    "BuildPrev": "3.0.1.8885",
    "BuildCur": "3.0.2.9056",
    "RecordCountPrev": 113,
    "RecordCountCur": 116,
    "MatchCount": 113,
    "MatchCountPercent": 100.0
  },
  {
    "BuildPrev": "3.0.2.9056",
    "BuildCur": "3.0.3.9183",
    "RecordCountPrev": 116,
    "RecordCountCur": 117,
    "MatchCount": 116,
    "MatchCountPercent": 100.0
  },
  {
    "BuildPrev": "3.0.3.9183",
    "BuildCur": "3.0.8.9464",
    "RecordCountPrev": 117,
    "RecordCountCur": 117,
    "MatchCount": 116,
    "MatchCountPercent": 99.1453
  },
  {
    "BuildPrev": "3.0.8.9464",
    "BuildCur": "3.0.8.9506",
    "RecordCountPrev": 117,
    "RecordCountCur": 117,
    "MatchCount": 117,
    "MatchCountPercent": 100.0
  },
  {
    "BuildPrev": "3.0.8.9506",
    "BuildCur": "3.0.9.9551",
    "RecordCountPrev": 117,
    "RecordCountCur": 117,
    "MatchCount": 117,
    "MatchCountPercent": 100.0
  },
  {
    "BuildPrev": "3.0.9.9551",
    "BuildCur": "3.1.0.9767",
    "RecordCountPrev": 117,
    "RecordCountCur": 122,
    "MatchCount": 117,
    "MatchCountPercent": 100.0
  },
  {
    "BuildPrev": "3.1.0.9767",
    "BuildCur": "3.1.1.9806",
    "RecordCountPrev": 122,
    "RecordCountCur": 122,
    "MatchCount": 122,
    "MatchCountPercent": 100.0
  },
  {
    "BuildPrev": "3.1.1.9806",
    "BuildCur": "3.1.1.9835",
    "RecordCountPrev": 122,
    "RecordCountCur": 122,
    "MatchCount": 122,
    "MatchCountPercent": 100.0
  },
  {
    "BuildPrev": "3.1.1.9835",
    "BuildCur": "3.1.2.9901",
    "RecordCountPrev": 122,
    "RecordCountCur": 122,
    "MatchCount": 122,
    "MatchCountPercent": 100.0
  },
  {
    "BuildPrev": "3.1.2.9901",
    "BuildCur": "3.1.3.9947",
    "RecordCountPrev": 122,
    "RecordCountCur": 122,
    "MatchCount": 122,
    "MatchCountPercent": 100.0
  },
  {
    "BuildPrev": "3.1.3.9947",
    "BuildCur": "3.2.0.10192",
    "RecordCountPrev": 122,
    "RecordCountCur": 125,
    "MatchCount": 122,
    "MatchCountPercent": 100.0
  },
  {
    "BuildPrev": "3.2.0.10192",
    "BuildCur": "3.2.0.10314",
    "RecordCountPrev": 125,
    "RecordCountCur": 125,
    "MatchCount": 125,
    "MatchCountPercent": 100.0
  },
  {
    "BuildPrev": "3.2.0.10314",
    "BuildCur": "3.2.2.10482",
    "RecordCountPrev": 125,
    "RecordCountCur": 125,
    "MatchCount": 125,
    "MatchCountPercent": 100.0
  },
  {
    "BuildPrev": "3.2.2.10482",
    "BuildCur": "3.2.2.10505",
    "RecordCountPrev": 125,
    "RecordCountCur": 125,
    "MatchCount": 125,
    "MatchCountPercent": 100.0
  },
  {
    "BuildPrev": "3.2.2.10505",
    "BuildCur": "3.3.0.10958",
    "RecordCountPrev": 125,
    "RecordCountCur": 127,
    "MatchCount": 125,
    "MatchCountPercent": 100.0
  },
  {
    "BuildPrev": "3.3.0.10958",
    "BuildCur": "3.3.0.11159",
    "RecordCountPrev": 127,
    "RecordCountCur": 127,
    "MatchCount": 127,
    "MatchCountPercent": 100.0
  },
  {
    "BuildPrev": "3.3.0.11159",
    "BuildCur": "3.3.2.11403",
    "RecordCountPrev": 127,
    "RecordCountCur": 129,
    "MatchCount": 127,
    "MatchCountPercent": 100.0
  },
  {
    "BuildPrev": "3.3.2.11403",
    "BuildCur": "3.3.3.11685",
    "RecordCountPrev": 129,
    "RecordCountCur": 129,
    "MatchCount": 129,
    "MatchCountPercent": 100.0
  },
  {
    "BuildPrev": "3.3.3.11685",
    "BuildCur": "3.3.3.11723",
    "RecordCountPrev": 129,
    "RecordCountCur": 129,
    "MatchCount": 129,
    "MatchCountPercent": 100.0
  },
  {
    "BuildPrev": "3.3.3.11723",
    "BuildCur": "3.3.5.12213",
    "RecordCountPrev": 129,
    "RecordCountCur": 130,
    "MatchCount": 129,
    "MatchCountPercent": 100.0
  },
  {
    "BuildPrev": "3.3.5.12213",
    "BuildCur": "3.3.5.12340",
    "RecordCountPrev": 130,
    "RecordCountCur": 130,
    "MatchCount": 130,
    "MatchCountPercent": 100.0
  },
  {
    "BuildPrev": "3.3.5.12340",
    "BuildCur": "4.0.0.11927",
    "RecordCountPrev": 130,
    "RecordCountCur": 134,
    "MatchCount": 129,
    "MatchCountPercent": 99.2308
  },
  {
    "BuildPrev": "4.0.0.11927",
    "BuildCur": "4.0.0.12025",
    "RecordCountPrev": 134,
    "RecordCountCur": 134,
    "MatchCount": 134,
    "MatchCountPercent": 100.0
  },
  {
    "BuildPrev": "4.0.0.12025",
    "BuildCur": "4.0.0.12065",
    "RecordCountPrev": 134,
    "RecordCountCur": 134,
    "MatchCount": 134,
    "MatchCountPercent": 100.0
  },
  {
    "BuildPrev": "4.0.0.12065",
    "BuildCur": "4.0.0.12122",
    "RecordCountPrev": 134,
    "RecordCountCur": 134,
    "MatchCount": 134,
    "MatchCountPercent": 100.0
  },
  {
    "BuildPrev": "4.0.0.12122",
    "BuildCur": "4.0.0.12164",
    "RecordCountPrev": 134,
    "RecordCountCur": 134,
    "MatchCount": 134,
    "MatchCountPercent": 100.0
  },
  {
    "BuildPrev": "4.0.0.12164",
    "BuildCur": "4.0.0.12232",
    "RecordCountPrev": 134,
    "RecordCountCur": 134,
    "MatchCount": 134,
    "MatchCountPercent": 100.0
  },
  {
    "BuildPrev": "4.0.0.12232",
    "BuildCur": "4.0.0.12266",
    "RecordCountPrev": 134,
    "RecordCountCur": 134,
    "MatchCount": 134,
    "MatchCountPercent": 100.0
  },
  {
    "BuildPrev": "4.0.0.12266",
    "BuildCur": "4.0.0.12319",
    "RecordCountPrev": 134,
    "RecordCountCur": 134,
    "MatchCount": 134,
    "MatchCountPercent": 100.0
  },
  {
    "BuildPrev": "4.0.0.12319",
    "BuildCur": "4.0.0.12911",
    "RecordCountPrev": 134,
    "RecordCountCur": 139,
    "MatchCount": 134,
    "MatchCountPercent": 100.0
  },
  {
    "BuildPrev": "4.0.0.12911",
    "BuildCur": "4.0.1.13164",
    "RecordCountPrev": 139,
    "RecordCountCur": 139,
    "MatchCount": 139,
    "MatchCountPercent": 100.0
  },
  {
    "BuildPrev": "4.0.1.13164",
    "BuildCur": "",
    "RecordCountPrev": 139,
    "RecordCountCur": 139,
    "MatchCount": 139,
    "MatchCountPercent": 100.0
  },
  {
    "BuildPrev": "",
    "BuildCur": "4.0.3.13287",
    "RecordCountPrev": 139,
    "RecordCountCur": 139,
    "MatchCount": 139,
    "MatchCountPercent": 100.0
  },
  {
    "BuildPrev": "4.0.3.13287",
    "BuildCur": "",
    "RecordCountPrev": 139,
    "RecordCountCur": 139,
    "MatchCount": 139,
    "MatchCountPercent": 100.0
  },
  {
    "BuildPrev": "",
    "BuildCur": "4.0.6.13596",
    "RecordCountPrev": 139,
    "RecordCountCur": 139,
    "MatchCount": 139,
    "MatchCountPercent": 100.0
  },
  {
    "BuildPrev": "4.0.6.13596",
    "BuildCur": "",
    "RecordCountPrev": 139,
    "RecordCountCur": 150,
    "MatchCount": 138,
    "MatchCountPercent": 99.2806
  },
  {
    "BuildPrev": "",
    "BuildCur": "4.1.0.13914",
    "RecordCountPrev": 150,
    "RecordCountCur": 151,
    "MatchCount": 150,
    "MatchCountPercent": 100.0
  },
  {
    "BuildPrev": "4.1.0.13914",
    "BuildCur": "",
    "RecordCountPrev": 151,
    "RecordCountCur": 151,
    "MatchCount": 151,
    "MatchCountPercent": 100.0
  },
  {
    "BuildPrev": "",
    "BuildCur": "4.2.0.14333",
    "RecordCountPrev": 151,
    "RecordCountCur": 154,
    "MatchCount": 151,
    "MatchCountPercent": 100.0
  },
  {
    "BuildPrev": "4.2.0.14333",
    "BuildCur": "",
    "RecordCountPrev": 154,
    "RecordCountCur": 139,
    "MatchCount": 138,
    "MatchCountPercent": 89.6104
  },
  {
    "BuildPrev": "",
    "BuildCur": "4.2.2.14545",
    "RecordCountPrev": 139,
    "RecordCountCur": 154,
    "MatchCount": 138,
    "MatchCountPercent": 99.2806
  },
  {
    "BuildPrev": "4.2.2.14545",
    "BuildCur": "4.3.0.15005",
    "RecordCountPrev": 154,
    "RecordCountCur": 154,
    "MatchCount": 154,
    "MatchCountPercent": 100.0
  },
  {
    "BuildPrev": "4.3.0.15005",
    "BuildCur": "",
    "RecordCountPrev": 154,
    "RecordCountCur": 154,
    "MatchCount": 154,
    "MatchCountPercent": 100.0
  },
  {
    "BuildPrev": "",
    "BuildCur": "4.3.2.15211",
    "RecordCountPrev": 154,
    "RecordCountCur": 155,
    "MatchCount": 154,
    "MatchCountPercent": 100.0
  },
  {
    "BuildPrev": "4.3.2.15211",
    "BuildCur": "4.3.3.15354",
    "RecordCountPrev": 155,
    "RecordCountCur": 155,
    "MatchCount": 155,
    "MatchCountPercent": 100.0
  },
  {
    "BuildPrev": "4.3.3.15354",
    "BuildCur": "4.3.4.15595",
    "RecordCountPrev": 155,
    "RecordCountCur": 155,
    "MatchCount": 155,
    "MatchCountPercent": 100.0
  },
  {
    "BuildPrev": "4.3.4.15595",
    "BuildCur": "5.0.1.15464",
    "RecordCountPrev": 155,
    "RecordCountCur": 167,
    "MatchCount": 155,
    "MatchCountPercent": 100.0
  },
  {
    "BuildPrev": "5.0.1.15464",
    "BuildCur": "5.0.1.15508",
    "RecordCountPrev": 167,
    "RecordCountCur": 167,
    "MatchCount": 167,
    "MatchCountPercent": 100.0
  },
  {
    "BuildPrev": "5.0.1.15508",
    "BuildCur": "5.0.1.15544",
    "RecordCountPrev": 167,
    "RecordCountCur": 167,
    "MatchCount": 167,
    "MatchCountPercent": 100.0
  },
  {
    "BuildPrev": "5.0.1.15544",
    "BuildCur": "5.0.1.15589",
    "RecordCountPrev": 167,
    "RecordCountCur": 169,
    "MatchCount": 167,
    "MatchCountPercent": 100.0
  },
  {
    "BuildPrev": "5.0.1.15589",
    "BuildCur": "5.0.1.15640",
    "RecordCountPrev": 169,
    "RecordCountCur": 167,
    "MatchCount": 167,
    "MatchCountPercent": 98.8166
  },
  {
    "BuildPrev": "5.0.1.15640",
    "BuildCur": "5.0.1.15650",
    "RecordCountPrev": 167,
    "RecordCountCur": 155,
    "MatchCount": 153,
    "MatchCountPercent": 91.6168
  },
  {
    "BuildPrev": "5.0.1.15650",
    "BuildCur": "5.0.1.15657",
    "RecordCountPrev": 155,
    "RecordCountCur": 156,
    "MatchCount": 155,
    "MatchCountPercent": 100.0
  },
  {
    "BuildPrev": "5.0.1.15657",
    "BuildCur": "5.0.1.15662",
    "RecordCountPrev": 156,
    "RecordCountCur": 167,
    "MatchCount": 153,
    "MatchCountPercent": 98.0769
  },
  {
    "BuildPrev": "5.0.1.15662",
    "BuildCur": "5.0.1.15668",
    "RecordCountPrev": 167,
    "RecordCountCur": 156,
    "MatchCount": 153,
    "MatchCountPercent": 91.6168
  },
  {
    "BuildPrev": "5.0.1.15668",
    "BuildCur": "5.0.1.15677",
    "RecordCountPrev": 156,
    "RecordCountCur": 156,
    "MatchCount": 156,
    "MatchCountPercent": 100.0
  },
  {
    "BuildPrev": "5.0.1.15677",
    "BuildCur": "5.0.1.15689",
    "RecordCountPrev": 156,
    "RecordCountCur": 158,
    "MatchCount": 156,
    "MatchCountPercent": 100.0
  },
  {
    "BuildPrev": "5.0.1.15689",
    "BuildCur": "5.0.1.15699",
    "RecordCountPrev": 158,
    "RecordCountCur": 158,
    "MatchCount": 158,
    "MatchCountPercent": 100.0
  },
  {
    "BuildPrev": "5.0.1.15699",
    "BuildCur": "5.0.1.15726",
    "RecordCountPrev": 158,
    "RecordCountCur": 159,
    "MatchCount": 158,
    "MatchCountPercent": 100.0
  },
  {
    "BuildPrev": "5.0.1.15726",
    "BuildCur": "5.0.1.15739",
    "RecordCountPrev": 159,
    "RecordCountCur": 160,
    "MatchCount": 159,
    "MatchCountPercent": 100.0
  },
  {
    "BuildPrev": "5.0.1.15739",
    "BuildCur": "5.0.1.15752",
    "RecordCountPrev": 160,
    "RecordCountCur": 160,
    "MatchCount": 160,
    "MatchCountPercent": 100.0
  },
  {
    "BuildPrev": "5.0.1.15752",
    "BuildCur": "5.0.1.15762",
    "RecordCountPrev": 160,
    "RecordCountCur": 161,
    "MatchCount": 160,
    "MatchCountPercent": 100.0
  },
  {
    "BuildPrev": "5.0.1.15762",
    "BuildCur": "5.0.1.15781",
    "RecordCountPrev": 161,
    "RecordCountCur": 161,
    "MatchCount": 161,
    "MatchCountPercent": 100.0
  },
  {
    "BuildPrev": "5.0.1.15781",
    "BuildCur": "5.0.1.15799",
    "RecordCountPrev": 161,
    "RecordCountCur": 162,
    "MatchCount": 161,
    "MatchCountPercent": 100.0
  },
  {
    "BuildPrev": "5.0.1.15799",
    "BuildCur": "5.0.4.15890",
    "RecordCountPrev": 162,
    "RecordCountCur": 163,
    "MatchCount": 162,
    "MatchCountPercent": 100.0
  },
  {
    "BuildPrev": "5.0.4.15890",
    "BuildCur": "5.0.4.16016",
    "RecordCountPrev": 163,
    "RecordCountCur": 165,
    "MatchCount": 163,
    "MatchCountPercent": 100.0
  },
  {
    "BuildPrev": "5.0.4.16016",
    "BuildCur": "5.0.5.16048",
    "RecordCountPrev": 165,
    "RecordCountCur": 165,
    "MatchCount": 164,
    "MatchCountPercent": 99.3939
  },
  {
    "BuildPrev": "5.0.5.16048",
    "BuildCur": "5.0.5.16057",
    "RecordCountPrev": 165,
    "RecordCountCur": 165,
    "MatchCount": 165,
    "MatchCountPercent": 100.0
  },
  {
    "BuildPrev": "5.0.5.16057",
    "BuildCur": "5.1.0.16309",
    "RecordCountPrev": 165,
    "RecordCountCur": 166,
    "MatchCount": 165,
    "MatchCountPercent": 100.0
  },
  {
    "BuildPrev": "5.1.0.16309",
    "BuildCur": "",
    "RecordCountPrev": 166,
    "RecordCountCur": 166,
    "MatchCount": 166,
    "MatchCountPercent": 100.0
  },
  {
    "BuildPrev": "",
    "BuildCur": "5.2.0.16516",
    "RecordCountPrev": 166,
    "RecordCountCur": 181,
    "MatchCount": 166,
    "MatchCountPercent": 100.0
  },
  {
    "BuildPrev": "5.2.0.16516",
    "BuildCur": "5.2.0.16650",
    "RecordCountPrev": 181,
    "RecordCountCur": 181,
    "MatchCount": 181,
    "MatchCountPercent": 100.0
  },
  {
    "BuildPrev": "5.2.0.16650",
    "BuildCur": "5.3.0.16844",
    "RecordCountPrev": 181,
    "RecordCountCur": 201,
    "MatchCount": 181,
    "MatchCountPercent": 100.0
  },
  {
    "BuildPrev": "5.3.0.16844",
    "BuildCur": "5.3.0.16965",
    "RecordCountPrev": 201,
    "RecordCountCur": 201,
    "MatchCount": 201,
    "MatchCountPercent": 100.0
  },
  {
    "BuildPrev": "5.3.0.16965",
    "BuildCur": "5.3.0.17116",
    "RecordCountPrev": 201,
    "RecordCountCur": 201,
    "MatchCount": 201,
    "MatchCountPercent": 100.0
  },
  {
    "BuildPrev": "5.3.0.17116",
    "BuildCur": "5.4.0.17266",
    "RecordCountPrev": 201,
    "RecordCountCur": 208,
    "MatchCount": 201,
    "MatchCountPercent": 100.0
  },
  {
    "BuildPrev": "5.4.0.17266",
    "BuildCur": "5.4.0.17325",
    "RecordCountPrev": 208,
    "RecordCountCur": 208,
    "MatchCount": 208,
    "MatchCountPercent": 100.0
  },
  {
    "BuildPrev": "5.4.0.17325",
    "BuildCur": "5.4.0.17345",
    "RecordCountPrev": 208,
    "RecordCountCur": 208,
    "MatchCount": 208,
    "MatchCountPercent": 100.0
  },
  {
    "BuildPrev": "5.4.0.17345",
    "BuildCur": "5.4.1.17520",
    "RecordCountPrev": 208,
    "RecordCountCur": 208,
    "MatchCount": 208,
    "MatchCountPercent": 100.0
  },
  {
    "BuildPrev": "5.4.1.17520",
    "BuildCur": "5.4.1.17538",
    "RecordCountPrev": 208,
    "RecordCountCur": 208,
    "MatchCount": 208,
    "MatchCountPercent": 100.0
  },
  {
    "BuildPrev": "5.4.1.17538",
    "BuildCur": "5.4.2.17645",
    "RecordCountPrev": 208,
    "RecordCountCur": 208,
    "MatchCount": 208,
    "MatchCountPercent": 100.0
  },
  {
    "BuildPrev": "5.4.2.17645",
    "BuildCur": "5.4.2.17688",
    "RecordCountPrev": 208,
    "RecordCountCur": 208,
    "MatchCount": 208,
    "MatchCountPercent": 100.0
  },
  {
    "BuildPrev": "5.4.2.17688",
    "BuildCur": "5.4.7.17898",
    "RecordCountPrev": 208,
    "RecordCountCur": 208,
    "MatchCount": 208,
    "MatchCountPercent": 100.0
  },
  {
    "BuildPrev": "5.4.7.17898",
    "BuildCur": "5.4.8.18273",
    "RecordCountPrev": 208,
    "RecordCountCur": 208,
    "MatchCount": 208,
    "MatchCountPercent": 100.0
  },
  {
    "BuildPrev": "5.4.8.18273",
    "BuildCur": "6.0.1.18125",
    "RecordCountPrev": 208,
    "RecordCountCur": 215,
    "MatchCount": 208,
    "MatchCountPercent": 100.0
  },
  {
    "BuildPrev": "6.0.1.18125",
    "BuildCur": "6.0.1.18156",
    "RecordCountPrev": 215,
    "RecordCountCur": 215,
    "MatchCount": 215,
    "MatchCountPercent": 100.0
  },
  {
    "BuildPrev": "6.0.1.18156",
    "BuildCur": "6.0.1.18164",
    "RecordCountPrev": 215,
    "RecordCountCur": 215,
    "MatchCount": 215,
    "MatchCountPercent": 100.0
  },
  {
    "BuildPrev": "6.0.1.18164",
    "BuildCur": "6.0.1.18179",
    "RecordCountPrev": 215,
    "RecordCountCur": 215,
    "MatchCount": 215,
    "MatchCountPercent": 100.0
  },
  {
    "BuildPrev": "6.0.1.18179",
    "BuildCur": "6.0.1.18297",
    "RecordCountPrev": 215,
    "RecordCountCur": 215,
    "MatchCount": 215,
    "MatchCountPercent": 100.0
  },
  {
    "BuildPrev": "6.0.1.18297",
    "BuildCur": "6.0.1.18322",
    "RecordCountPrev": 215,
    "RecordCountCur": 215,
    "MatchCount": 215,
    "MatchCountPercent": 100.0
  },
  {
    "BuildPrev": "6.0.1.18322",
    "BuildCur": "6.0.1.18379",
    "RecordCountPrev": 215,
    "RecordCountCur": 215,
    "MatchCount": 215,
    "MatchCountPercent": 100.0
  },
  {
    "BuildPrev": "6.0.1.18379",
    "BuildCur": "6.0.1.18443",
    "RecordCountPrev": 215,
    "RecordCountCur": 215,
    "MatchCount": 215,
    "MatchCountPercent": 100.0
  },
  {
    "BuildPrev": "6.0.1.18443",
    "BuildCur": "6.0.1.18471",
    "RecordCountPrev": 215,
    "RecordCountCur": 216,
    "MatchCount": 215,
    "MatchCountPercent": 100.0
  },
  {
    "BuildPrev": "6.0.1.18471",
    "BuildCur": "6.0.1.18505",
    "RecordCountPrev": 216,
    "RecordCountCur": 216,
    "MatchCount": 216,
    "MatchCountPercent": 100.0
  },
  {
    "BuildPrev": "6.0.1.18505",
    "BuildCur": "6.0.1.18522",
    "RecordCountPrev": 216,
    "RecordCountCur": 217,
    "MatchCount": 216,
    "MatchCountPercent": 100.0
  },
  {
    "BuildPrev": "6.0.1.18522",
    "BuildCur": "6.0.1.18537",
    "RecordCountPrev": 217,
    "RecordCountCur": 217,
    "MatchCount": 217,
    "MatchCountPercent": 100.0
  },
  {
    "BuildPrev": "6.0.1.18537",
    "BuildCur": "6.0.1.18566",
    "RecordCountPrev": 217,
    "RecordCountCur": 217,
    "MatchCount": 217,
    "MatchCountPercent": 100.0
  },
  {
    "BuildPrev": "6.0.1.18566",
    "BuildCur": "6.0.1.18594",
    "RecordCountPrev": 217,
    "RecordCountCur": 218,
    "MatchCount": 217,
    "MatchCountPercent": 100.0
  },
  {
    "BuildPrev": "6.0.1.18594",
    "BuildCur": "6.0.1.18645",
    "RecordCountPrev": 218,
    "RecordCountCur": 218,
    "MatchCount": 218,
    "MatchCountPercent": 100.0
  },
  {
    "BuildPrev": "6.0.1.18645",
    "BuildCur": "6.0.1.18663",
    "RecordCountPrev": 218,
    "RecordCountCur": 219,
    "MatchCount": 218,
    "MatchCountPercent": 100.0
  },
  {
    "BuildPrev": "6.0.1.18663",
    "BuildCur": "6.0.1.18685",
    "RecordCountPrev": 219,
    "RecordCountCur": 219,
    "MatchCount": 219,
    "MatchCountPercent": 100.0
  },
  {
    "BuildPrev": "6.0.1.18685",
    "BuildCur": "6.0.1.18689",
    "RecordCountPrev": 219,
    "RecordCountCur": 219,
    "MatchCount": 219,
    "MatchCountPercent": 100.0
  },
  {
    "BuildPrev": "6.0.1.18689",
    "BuildCur": "6.0.1.18716",
    "RecordCountPrev": 219,
    "RecordCountCur": 219,
    "MatchCount": 219,
    "MatchCountPercent": 100.0
  },
  {
    "BuildPrev": "6.0.1.18716",
    "BuildCur": "6.0.1.18738",
    "RecordCountPrev": 219,
    "RecordCountCur": 219,
    "MatchCount": 219,
    "MatchCountPercent": 100.0
  },
  {
    "BuildPrev": "6.0.1.18738",
    "BuildCur": "6.0.2.18764",
    "RecordCountPrev": 219,
    "RecordCountCur": 219,
    "MatchCount": 219,
    "MatchCountPercent": 100.0
  },
  {
    "BuildPrev": "6.0.2.18764",
    "BuildCur": "6.0.1.18803",
    "RecordCountPrev": 219,
    "RecordCountCur": 219,
    "MatchCount": 219,
    "MatchCountPercent": 100.0
  },
  {
    "BuildPrev": "6.0.1.18803",
    "BuildCur": "6.0.2.18816",
    "RecordCountPrev": 219,
    "RecordCountCur": 219,
    "MatchCount": 218,
    "MatchCountPercent": 99.5434
  },
  {
    "BuildPrev": "6.0.2.18816",
    "BuildCur": "6.0.2.18833",
    "RecordCountPrev": 219,
    "RecordCountCur": 219,
    "MatchCount": 219,
    "MatchCountPercent": 100.0
  },
  {
    "BuildPrev": "6.0.2.18833",
    "BuildCur": "6.0.2.18837",
    "RecordCountPrev": 219,
    "RecordCountCur": 219,
    "MatchCount": 219,
    "MatchCountPercent": 100.0
  },
  {
    "BuildPrev": "6.0.2.18837",
    "BuildCur": "6.0.2.18838",
    "RecordCountPrev": 219,
    "RecordCountCur": 219,
    "MatchCount": 219,
    "MatchCountPercent": 100.0
  },
  {
    "BuildPrev": "6.0.2.18838",
    "BuildCur": "6.0.2.18848",
    "RecordCountPrev": 219,
    "RecordCountCur": 219,
    "MatchCount": 219,
    "MatchCountPercent": 100.0
  },
  {
    "BuildPrev": "6.0.2.18848",
    "BuildCur": "6.0.2.18850",
    "RecordCountPrev": 219,
    "RecordCountCur": 219,
    "MatchCount": 219,
    "MatchCountPercent": 100.0
  },
  {
    "BuildPrev": "6.0.2.18850",
    "BuildCur": "6.0.2.18865",
    "RecordCountPrev": 219,
    "RecordCountCur": 219,
    "MatchCount": 219,
    "MatchCountPercent": 100.0
  },
  {
    "BuildPrev": "6.0.2.18865",
    "BuildCur": "6.0.2.18888",
    "RecordCountPrev": 219,
    "RecordCountCur": 220,
    "MatchCount": 219,
    "MatchCountPercent": 100.0
  },
  {
    "BuildPrev": "6.0.2.18888",
    "BuildCur": "6.0.2.18898",
    "RecordCountPrev": 220,
    "RecordCountCur": 220,
    "MatchCount": 220,
    "MatchCountPercent": 100.0
  },
  {
    "BuildPrev": "6.0.2.18898",
    "BuildCur": "6.0.2.18909",
    "RecordCountPrev": 220,
    "RecordCountCur": 221,
    "MatchCount": 220,
    "MatchCountPercent": 100.0
  },
  {
    "BuildPrev": "6.0.2.18909",
    "BuildCur": "6.0.2.18912",
    "RecordCountPrev": 221,
    "RecordCountCur": 220,
    "MatchCount": 220,
    "MatchCountPercent": 99.5475
  },
  {
    "BuildPrev": "6.0.2.18912",
    "BuildCur": "6.0.2.18922",
    "RecordCountPrev": 220,
    "RecordCountCur": 221,
    "MatchCount": 220,
    "MatchCountPercent": 100.0
  },
  {
    "BuildPrev": "6.0.2.18922",
    "BuildCur": "6.0.2.18927",
    "RecordCountPrev": 221,
    "RecordCountCur": 221,
    "MatchCount": 221,
    "MatchCountPercent": 100.0
  },
  {
    "BuildPrev": "6.0.2.18927",
    "BuildCur": "6.0.2.18934",
    "RecordCountPrev": 221,
    "RecordCountCur": 221,
    "MatchCount": 221,
    "MatchCountPercent": 100.0
  },
  {
    "BuildPrev": "6.0.2.18934",
    "BuildCur": "6.0.2.18935",
    "RecordCountPrev": 221,
    "RecordCountCur": 221,
    "MatchCount": 221,
    "MatchCountPercent": 100.0
  },
  {
    "BuildPrev": "6.0.2.18935",
    "BuildCur": "6.0.2.18950",
    "RecordCountPrev": 221,
    "RecordCountCur": 221,
    "MatchCount": 221,
    "MatchCountPercent": 100.0
  },
  {
    "BuildPrev": "6.0.2.18950",
    "BuildCur": "6.0.2.18965",
    "RecordCountPrev": 221,
    "RecordCountCur": 221,
    "MatchCount": 221,
    "MatchCountPercent": 100.0
  },
  {
    "BuildPrev": "6.0.2.18965",
    "BuildCur": "6.0.2.18967",
    "RecordCountPrev": 221,
    "RecordCountCur": 221,
    "MatchCount": 221,
    "MatchCountPercent": 100.0
  },
  {
    "BuildPrev": "6.0.2.18967",
    "BuildCur": "6.0.2.18973",
    "RecordCountPrev": 221,
    "RecordCountCur": 221,
    "MatchCount": 221,
    "MatchCountPercent": 100.0
  },
  {
    "BuildPrev": "6.0.2.18973",
    "BuildCur": "6.0.2.18982",
    "RecordCountPrev": 221,
    "RecordCountCur": 221,
    "MatchCount": 221,
    "MatchCountPercent": 100.0
  },
  {
    "BuildPrev": "6.0.2.18982",
    "BuildCur": "6.0.2.18983",
    "RecordCountPrev": 221,
    "RecordCountCur": 221,
    "MatchCount": 221,
    "MatchCountPercent": 100.0
  },
  {
    "BuildPrev": "6.0.2.18983",
    "BuildCur": "6.0.2.18986",
    "RecordCountPrev": 221,
    "RecordCountCur": 221,
    "MatchCount": 221,
    "MatchCountPercent": 100.0
  },
  {
    "BuildPrev": "6.0.2.18986",
    "BuildCur": "6.0.2.18988",
    "RecordCountPrev": 221,
    "RecordCountCur": 221,
    "MatchCount": 221,
    "MatchCountPercent": 100.0
  },
  {
    "BuildPrev": "6.0.2.18988",
    "BuildCur": "6.0.2.18989",
    "RecordCountPrev": 221,
    "RecordCountCur": 221,
    "MatchCount": 221,
    "MatchCountPercent": 100.0
  },
  {
    "BuildPrev": "6.0.2.18989",
    "BuildCur": "6.0.2.18996",
    "RecordCountPrev": 221,
    "RecordCountCur": 221,
    "MatchCount": 221,
    "MatchCountPercent": 100.0
  },
  {
    "BuildPrev": "6.0.2.18996",
    "BuildCur": "6.0.2.19000",
    "RecordCountPrev": 221,
    "RecordCountCur": 221,
    "MatchCount": 221,
    "MatchCountPercent": 100.0
  },
  {
    "BuildPrev": "6.0.2.19000",
    "BuildCur": "6.0.2.19005",
    "RecordCountPrev": 221,
    "RecordCountCur": 221,
    "MatchCount": 221,
    "MatchCountPercent": 100.0
  },
  {
    "BuildPrev": "6.0.2.19005",
    "BuildCur": "6.0.2.19041",
    "RecordCountPrev": 221,
    "RecordCountCur": 221,
    "MatchCount": 221,
    "MatchCountPercent": 100.0
  },
  {
    "BuildPrev": "6.0.2.19041",
    "BuildCur": "6.0.3.19057",
    "RecordCountPrev": 221,
    "RecordCountCur": 221,
    "MatchCount": 221,
    "MatchCountPercent": 100.0
  },
  {
    "BuildPrev": "6.0.3.19057",
    "BuildCur": "6.0.3.19078",
    "RecordCountPrev": 221,
    "RecordCountCur": 221,
    "MatchCount": 221,
    "MatchCountPercent": 100.0
  },
  {
    "BuildPrev": "6.0.3.19078",
    "BuildCur": "6.0.3.19085",
    "RecordCountPrev": 221,
    "RecordCountCur": 221,
    "MatchCount": 221,
    "MatchCountPercent": 100.0
  },
  {
    "BuildPrev": "6.0.3.19085",
    "BuildCur": "6.0.3.19175",
    "RecordCountPrev": 221,
    "RecordCountCur": 221,
    "MatchCount": 221,
    "MatchCountPercent": 100.0
  },
  {
    "BuildPrev": "6.0.3.19175",
    "BuildCur": "6.0.3.19200",
    "RecordCountPrev": 221,
    "RecordCountCur": 221,
    "MatchCount": 221,
    "MatchCountPercent": 100.0
  },
  {
    "BuildPrev": "6.0.3.19200",
    "BuildCur": "6.0.3.19342",
    "RecordCountPrev": 221,
    "RecordCountCur": 221,
    "MatchCount": 221,
    "MatchCountPercent": 100.0
  },
  {
    "BuildPrev": "6.0.3.19342",
    "BuildCur": "6.1.0.19445",
    "RecordCountPrev": 221,
    "RecordCountCur": 222,
    "MatchCount": 221,
    "MatchCountPercent": 100.0
  },
  {
    "BuildPrev": "6.1.0.19445",
    "BuildCur": "6.1.0.19480",
    "RecordCountPrev": 222,
    "RecordCountCur": 222,
    "MatchCount": 222,
    "MatchCountPercent": 100.0
  },
  {
    "BuildPrev": "6.1.0.19480",
    "BuildCur": "6.1.0.19508",
    "RecordCountPrev": 222,
    "RecordCountCur": 222,
    "MatchCount": 222,
    "MatchCountPercent": 100.0
  },
  {
    "BuildPrev": "6.1.0.19508",
    "BuildCur": "6.1.0.19533",
    "RecordCountPrev": 222,
    "RecordCountCur": 222,
    "MatchCount": 222,
    "MatchCountPercent": 100.0
  },
  {
    "BuildPrev": "6.1.0.19533",
    "BuildCur": "6.1.0.19551",
    "RecordCountPrev": 222,
    "RecordCountCur": 222,
    "MatchCount": 222,
    "MatchCountPercent": 100.0
  },
  {
    "BuildPrev": "6.1.0.19551",
    "BuildCur": "6.1.0.19567",
    "RecordCountPrev": 222,
    "RecordCountCur": 222,
    "MatchCount": 222,
    "MatchCountPercent": 100.0
  },
  {
    "BuildPrev": "6.1.0.19567",
    "BuildCur": "6.1.0.19592",
    "RecordCountPrev": 222,
    "RecordCountCur": 222,
    "MatchCount": 222,
    "MatchCountPercent": 100.0
  },
  {
    "BuildPrev": "6.1.0.19592",
    "BuildCur": "6.1.0.19611",
    "RecordCountPrev": 222,
    "RecordCountCur": 222,
    "MatchCount": 222,
    "MatchCountPercent": 100.0
  },
  {
    "BuildPrev": "6.1.0.19611",
    "BuildCur": "6.1.0.19622",
    "RecordCountPrev": 222,
    "RecordCountCur": 222,
    "MatchCount": 222,
    "MatchCountPercent": 100.0
  },
  {
    "BuildPrev": "6.1.0.19622",
    "BuildCur": "6.1.0.19634",
    "RecordCountPrev": 222,
    "RecordCountCur": 222,
    "MatchCount": 222,
    "MatchCountPercent": 100.0
  },
  {
    "BuildPrev": "6.1.0.19634",
    "BuildCur": "6.1.0.19702",
    "RecordCountPrev": 222,
    "RecordCountCur": 222,
    "MatchCount": 222,
    "MatchCountPercent": 100.0
  },
  {
    "BuildPrev": "6.1.0.19702",
    "BuildCur": "6.1.2.19711",
    "RecordCountPrev": 222,
    "RecordCountCur": 222,
    "MatchCount": 222,
    "MatchCountPercent": 100.0
  },
  {
    "BuildPrev": "6.1.2.19711",
    "BuildCur": "6.1.2.19728",
    "RecordCountPrev": 222,
    "RecordCountCur": 222,
    "MatchCount": 222,
    "MatchCountPercent": 100.0
  },
  {
    "BuildPrev": "6.1.2.19728",
    "BuildCur": "6.1.2.19750",
    "RecordCountPrev": 222,
    "RecordCountCur": 222,
    "MatchCount": 222,
    "MatchCountPercent": 100.0
  },
  {
    "BuildPrev": "6.1.2.19750",
    "BuildCur": "6.1.2.19769",
    "RecordCountPrev": 222,
    "RecordCountCur": 222,
    "MatchCount": 222,
    "MatchCountPercent": 100.0
  },
  {
    "BuildPrev": "6.1.2.19769",
    "BuildCur": "6.1.2.19783",
    "RecordCountPrev": 222,
    "RecordCountCur": 222,
    "MatchCount": 222,
    "MatchCountPercent": 100.0
  },
  {
    "BuildPrev": "6.1.2.19783",
    "BuildCur": "6.1.2.19793",
    "RecordCountPrev": 222,
    "RecordCountCur": 222,
    "MatchCount": 222,
    "MatchCountPercent": 100.0
  },
  {
    "BuildPrev": "6.1.2.19793",
    "BuildCur": "6.1.2.19802",
    "RecordCountPrev": 222,
    "RecordCountCur": 222,
    "MatchCount": 222,
    "MatchCountPercent": 100.0
  },
  {
    "BuildPrev": "6.1.2.19802",
    "BuildCur": "6.1.2.19831",
    "RecordCountPrev": 222,
    "RecordCountCur": 222,
    "MatchCount": 222,
    "MatchCountPercent": 100.0
  },
  {
    "BuildPrev": "6.1.2.19831",
    "BuildCur": "6.1.2.19854",
    "RecordCountPrev": 222,
    "RecordCountCur": 222,
    "MatchCount": 222,
    "MatchCountPercent": 100.0
  },
  {
    "BuildPrev": "6.1.2.19854",
    "BuildCur": "6.1.2.19865",
    "RecordCountPrev": 222,
    "RecordCountCur": 222,
    "MatchCount": 222,
    "MatchCountPercent": 100.0
  },
  {
    "BuildPrev": "6.1.2.19865",
    "BuildCur": "6.2.0.19890",
    "RecordCountPrev": 222,
    "RecordCountCur": 224,
    "MatchCount": 222,
    "MatchCountPercent": 100.0
  },
  {
    "BuildPrev": "6.2.0.19890",
    "BuildCur": "6.2.0.19906",
    "RecordCountPrev": 224,
    "RecordCountCur": 224,
    "MatchCount": 224,
    "MatchCountPercent": 100.0
  },
  {
    "BuildPrev": "6.2.0.19906",
    "BuildCur": "6.2.0.19934",
    "RecordCountPrev": 224,
    "RecordCountCur": 224,
    "MatchCount": 224,
    "MatchCountPercent": 100.0
  },
  {
    "BuildPrev": "6.2.0.19934",
    "BuildCur": "6.2.0.19953",
    "RecordCountPrev": 224,
    "RecordCountCur": 224,
    "MatchCount": 224,
    "MatchCountPercent": 100.0
  },
  {
    "BuildPrev": "6.2.0.19953",
    "BuildCur": "6.2.0.19973",
    "RecordCountPrev": 224,
    "RecordCountCur": 225,
    "MatchCount": 224,
    "MatchCountPercent": 100.0
  },
  {
    "BuildPrev": "6.2.0.19973",
    "BuildCur": "6.2.0.20008",
    "RecordCountPrev": 225,
    "RecordCountCur": 225,
    "MatchCount": 225,
    "MatchCountPercent": 100.0
  },
  {
    "BuildPrev": "6.2.0.20008",
    "BuildCur": "6.2.0.20033",
    "RecordCountPrev": 225,
    "RecordCountCur": 225,
    "MatchCount": 225,
    "MatchCountPercent": 100.0
  },
  {
    "BuildPrev": "6.2.0.20033",
    "BuildCur": "6.2.0.20051",
    "RecordCountPrev": 225,
    "RecordCountCur": 225,
    "MatchCount": 225,
    "MatchCountPercent": 100.0
  },
  {
    "BuildPrev": "6.2.0.20051",
    "BuildCur": "6.2.0.20061",
    "RecordCountPrev": 225,
    "RecordCountCur": 225,
    "MatchCount": 225,
    "MatchCountPercent": 100.0
  },
  {
    "BuildPrev": "6.2.0.20061",
    "BuildCur": "6.2.0.20076",
    "RecordCountPrev": 225,
    "RecordCountCur": 225,
    "MatchCount": 225,
    "MatchCountPercent": 100.0
  },
  {
    "BuildPrev": "6.2.0.20076",
    "BuildCur": "6.2.0.20104",
    "RecordCountPrev": 225,
    "RecordCountCur": 225,
    "MatchCount": 225,
    "MatchCountPercent": 100.0
  },
  {
    "BuildPrev": "6.2.0.20104",
    "BuildCur": "6.2.0.20111",
    "RecordCountPrev": 225,
    "RecordCountCur": 226,
    "MatchCount": 225,
    "MatchCountPercent": 100.0
  },
  {
    "BuildPrev": "6.2.0.20111",
    "BuildCur": "6.2.0.20141",
    "RecordCountPrev": 226,
    "RecordCountCur": 226,
    "MatchCount": 226,
    "MatchCountPercent": 100.0
  },
  {
    "BuildPrev": "6.2.0.20141",
    "BuildCur": "6.2.0.20157",
    "RecordCountPrev": 226,
    "RecordCountCur": 226,
    "MatchCount": 226,
    "MatchCountPercent": 100.0
  },
  {
    "BuildPrev": "6.2.0.20157",
    "BuildCur": "6.2.0.20173",
    "RecordCountPrev": 226,
    "RecordCountCur": 226,
    "MatchCount": 226,
    "MatchCountPercent": 100.0
  },
  {
    "BuildPrev": "6.2.0.20173",
    "BuildCur": "6.2.0.20182",
    "RecordCountPrev": 226,
    "RecordCountCur": 226,
    "MatchCount": 226,
    "MatchCountPercent": 100.0
  },
  {
    "BuildPrev": "6.2.0.20182",
    "BuildCur": "6.2.0.20201",
    "RecordCountPrev": 226,
    "RecordCountCur": 226,
    "MatchCount": 226,
    "MatchCountPercent": 100.0
  },
  {
    "BuildPrev": "6.2.0.20201",
    "BuildCur": "6.2.0.20216",
    "RecordCountPrev": 226,
    "RecordCountCur": 226,
    "MatchCount": 226,
    "MatchCountPercent": 100.0
  },
  {
    "BuildPrev": "6.2.0.20216",
    "BuildCur": "6.2.0.20253",
    "RecordCountPrev": 226,
    "RecordCountCur": 226,
    "MatchCount": 226,
    "MatchCountPercent": 100.0
  },
  {
    "BuildPrev": "6.2.0.20253",
    "BuildCur": "6.2.1.20271",
    "RecordCountPrev": 226,
    "RecordCountCur": 227,
    "MatchCount": 226,
    "MatchCountPercent": 100.0
  },
  {
    "BuildPrev": "6.2.1.20271",
    "BuildCur": "6.2.0.20318",
    "RecordCountPrev": 227,
    "RecordCountCur": 226,
    "MatchCount": 226,
    "MatchCountPercent": 99.5595
  },
  {
    "BuildPrev": "6.2.0.20318",
    "BuildCur": "6.2.1.20328",
    "RecordCountPrev": 226,
    "RecordCountCur": 227,
    "MatchCount": 226,
    "MatchCountPercent": 100.0
  },
  {
    "BuildPrev": "6.2.1.20328",
    "BuildCur": "6.2.0.20338",
    "RecordCountPrev": 227,
    "RecordCountCur": 226,
    "MatchCount": 226,
    "MatchCountPercent": 99.5595
  },
  {
    "BuildPrev": "6.2.0.20338",
    "BuildCur": "6.2.1.20363",
    "RecordCountPrev": 226,
    "RecordCountCur": 227,
    "MatchCount": 226,
    "MatchCountPercent": 100.0
  },
  {
    "BuildPrev": "6.2.1.20363",
    "BuildCur": "6.2.2.20395",
    "RecordCountPrev": 227,
    "RecordCountCur": 228,
    "MatchCount": 227,
    "MatchCountPercent": 100.0
  },
  {
    "BuildPrev": "6.2.2.20395",
    "BuildCur": "6.2.2.20426",
    "RecordCountPrev": 228,
    "RecordCountCur": 228,
    "MatchCount": 228,
    "MatchCountPercent": 100.0
  },
  {
    "BuildPrev": "6.2.2.20426",
    "BuildCur": "6.2.2.20438",
    "RecordCountPrev": 228,
    "RecordCountCur": 228,
    "MatchCount": 228,
    "MatchCountPercent": 100.0
  },
  {
    "BuildPrev": "6.2.2.20438",
    "BuildCur": "6.2.2.20444",
    "RecordCountPrev": 228,
    "RecordCountCur": 228,
    "MatchCount": 228,
    "MatchCountPercent": 100.0
  },
  {
    "BuildPrev": "6.2.2.20444",
    "BuildCur": "6.2.2.20490",
    "RecordCountPrev": 228,
    "RecordCountCur": 228,
    "MatchCount": 228,
    "MatchCountPercent": 100.0
  },
  {
    "BuildPrev": "6.2.2.20490",
    "BuildCur": "6.2.2.20574",
    "RecordCountPrev": 228,
    "RecordCountCur": 228,
    "MatchCount": 228,
    "MatchCountPercent": 100.0
  },
  {
    "BuildPrev": "6.2.2.20574",
    "BuildCur": "6.2.3.20601",
    "RecordCountPrev": 228,
    "RecordCountCur": 228,
    "MatchCount": 228,
    "MatchCountPercent": 100.0
  },
  {
    "BuildPrev": "6.2.3.20601",
    "BuildCur": "6.2.3.20655",
    "RecordCountPrev": 228,
    "RecordCountCur": 228,
    "MatchCount": 228,
    "MatchCountPercent": 100.0
  },
  {
    "BuildPrev": "6.2.3.20655",
    "BuildCur": "6.2.3.20691",
    "RecordCountPrev": 228,
    "RecordCountCur": 228,
    "MatchCount": 228,
    "MatchCountPercent": 100.0
  },
  {
    "BuildPrev": "6.2.3.20691",
    "BuildCur": "6.2.3.20716",
    "RecordCountPrev": 228,
    "RecordCountCur": 228,
    "MatchCount": 228,
    "MatchCountPercent": 100.0
  },
  {
    "BuildPrev": "6.2.3.20716",
    "BuildCur": "6.2.3.20726",
    "RecordCountPrev": 228,
    "RecordCountCur": 228,
    "MatchCount": 228,
    "MatchCountPercent": 100.0
  },
  {
    "BuildPrev": "6.2.3.20726",
    "BuildCur": "6.2.4.21028",
    "RecordCountPrev": 228,
    "RecordCountCur": 228,
    "MatchCount": 228,
    "MatchCountPercent": 100.0
  },
  {
    "BuildPrev": "6.2.4.21028",
    "BuildCur": "6.2.4.21047",
    "RecordCountPrev": 228,
    "RecordCountCur": 228,
    "MatchCount": 228,
    "MatchCountPercent": 100.0
  },
  {
    "BuildPrev": "6.2.4.21047",
    "BuildCur": "6.2.4.21105",
    "RecordCountPrev": 228,
    "RecordCountCur": 228,
    "MatchCount": 228,
    "MatchCountPercent": 100.0
  },
  {
    "BuildPrev": "6.2.4.21105",
    "BuildCur": "6.2.4.21160",
    "RecordCountPrev": 228,
    "RecordCountCur": 228,
    "MatchCount": 228,
    "MatchCountPercent": 100.0
  },
  {
    "BuildPrev": "6.2.4.21160",
    "BuildCur": "6.2.4.21210",
    "RecordCountPrev": 228,
    "RecordCountCur": 228,
    "MatchCount": 228,
    "MatchCountPercent": 100.0
  },
  {
    "BuildPrev": "6.2.4.21210",
    "BuildCur": "6.2.4.21220",
    "RecordCountPrev": 228,
    "RecordCountCur": 228,
    "MatchCount": 228,
    "MatchCountPercent": 100.0
  },
  {
    "BuildPrev": "6.2.4.21220",
    "BuildCur": "6.2.4.21253",
    "RecordCountPrev": 228,
    "RecordCountCur": 228,
    "MatchCount": 228,
    "MatchCountPercent": 100.0
  },
  {
    "BuildPrev": "6.2.4.21253",
    "BuildCur": "6.2.4.21274",
    "RecordCountPrev": 228,
    "RecordCountCur": 228,
    "MatchCount": 228,
    "MatchCountPercent": 100.0
  },
  {
    "BuildPrev": "6.2.4.21274",
    "BuildCur": "6.2.4.21315",
    "RecordCountPrev": 228,
    "RecordCountCur": 228,
    "MatchCount": 228,
    "MatchCountPercent": 100.0
  },
  {
    "BuildPrev": "6.2.4.21315",
    "BuildCur": "6.2.4.21336",
    "RecordCountPrev": 228,
    "RecordCountCur": 228,
    "MatchCount": 228,
    "MatchCountPercent": 100.0
  },
  {
    "BuildPrev": "6.2.4.21336",
    "BuildCur": "6.2.4.21355",
    "RecordCountPrev": 228,
    "RecordCountCur": 228,
    "MatchCount": 228,
    "MatchCountPercent": 100.0
  },
  {
    "BuildPrev": "6.2.4.21355",
    "BuildCur": "6.2.4.21676",
    "RecordCountPrev": 228,
    "RecordCountCur": 228,
    "MatchCount": 228,
    "MatchCountPercent": 100.0
  },
  {
    "BuildPrev": "6.2.4.21676",
    "BuildCur": "6.2.4.21742",
    "RecordCountPrev": 228,
    "RecordCountCur": 228,
    "MatchCount": 228,
    "MatchCountPercent": 100.0
  }
]