[
  {
    "BuildPrev": "2.4.3.8606",
    "BuildCur": "3.0.1.8303",
    "RecordCountPrev": 19,
    "RecordCountCur": 26,
    "MatchCount": 9,
    "MatchCountPercent": 47.3684
  },
  {
    "BuildPrev": "3.0.1.8303",
    "BuildCur": "3.0.1.8334",
    "RecordCountPrev": 26,
    "RecordCountCur": 29,
    "MatchCount": 26,
    "MatchCountPercent": 100.0
  },
  {
    "BuildPrev": "3.0.1.8334",
    "BuildCur": "3.0.1.8391",
    "RecordCountPrev": 29,
    "RecordCountCur": 32,
    "MatchCount": 28,
    "MatchCountPercent": 96.5517
  },
  {
    "BuildPrev": "3.0.1.8391",
    "BuildCur": "3.0.1.8471",
    "RecordCountPrev": 32,
    "RecordCountCur": 39,
    "MatchCount": 30,
    "MatchCountPercent": 93.75
  },
  {
    "BuildPrev": "3.0.1.8471",
    "BuildCur": "3.0.1.8622",
    "RecordCountPrev": 39,
    "RecordCountCur": 69,
    "MatchCount": 30,
    "MatchCountPercent": 76.9231
  },
  {
    "BuildPrev": "3.0.1.8622",
    "BuildCur": "3.0.1.8634",
    "RecordCountPrev": 69,
    "RecordCountCur": 70,
    "MatchCount": 68,
    "MatchCountPercent": 98.5507
  },
  {
    "BuildPrev": "3.0.1.8634",
    "BuildCur": "3.0.1.8681",
    "RecordCountPrev": 70,
    "RecordCountCur": 78,
    "MatchCount": 68,
    "MatchCountPercent": 97.1429
  },
  {
    "BuildPrev": "3.0.1.8681",
    "BuildCur": "3.0.1.8714",
    "RecordCountPrev": 78,
    "RecordCountCur": 80,
    "MatchCount": 78,
    "MatchCountPercent": 100.0
  },
  {
    "BuildPrev": "3.0.1.8714",
    "BuildCur": "3.0.1.8770",
    "RecordCountPrev": 80,
    "RecordCountCur": 89,
    "MatchCount": 77,
    "MatchCountPercent": 96.25
  },
  {
    "BuildPrev": "3.0.1.8770",
    "BuildCur": "3.0.1.8788",
    "RecordCountPrev": 89,
    "RecordCountCur": 93,
    "MatchCount": 89,
    "MatchCountPercent": 100.0
  },
  {
    "BuildPrev": "3.0.1.8788",
    "BuildCur": "3.0.1.8820",
    "RecordCountPrev": 93,
    "RecordCountCur": 105,
    "MatchCount": 91,
    "MatchCountPercent": 97.8495
  },
  {
    "BuildPrev": "3.0.1.8820",
    "BuildCur": "3.0.1.8874",
    "RecordCountPrev": 105,
    "RecordCountCur": 105,
    "MatchCount": 105,
    "MatchCountPercent": 100.0
  },
  {
    "BuildPrev": "3.0.1.8874",
    "BuildCur": "3.0.1.8885",
    "RecordCountPrev": 105,
    "RecordCountCur": 116,
    "MatchCount": 103,
    "MatchCountPercent": 98.0952
  },
  {
    "BuildPrev": "3.0.1.8885",
    "BuildCur": "3.0.2.9056",
    "RecordCountPrev": 116,
    "RecordCountCur": 145,
    "MatchCount": 110,
    "MatchCountPercent": 94.8276
  },
  {
    "BuildPrev": "3.0.2.9056",
    "BuildCur": "3.0.3.9183",
    "RecordCountPrev": 145,
    "RecordCountCur": 148,
    "MatchCount": 142,
    "MatchCountPercent": 97.931
  },
  {
    "BuildPrev": "3.0.3.9183",
    "BuildCur": "3.0.8.9464",
    "RecordCountPrev": 148,
    "RecordCountCur": 155,
    "MatchCount": 144,
    "MatchCountPercent": 97.2973
  },
  {
    "BuildPrev": "3.0.8.9464",
    "BuildCur": "3.0.8.9506",
    "RecordCountPrev": 155,
    "RecordCountCur": 155,
    "MatchCount": 155,
    "MatchCountPercent": 100.0
  },
  {
    "BuildPrev": "3.0.8.9506",
    "BuildCur": "3.0.9.9551",
    "RecordCountPrev": 155,
    "RecordCountCur": 155,
    "MatchCount": 155,
    "MatchCountPercent": 100.0
  },
  {
    "BuildPrev": "3.0.9.9551",
    "BuildCur": "3.1.0.9767",
    "RecordCountPrev": 155,
    "RecordCountCur": 166,
    "MatchCount": 152,
    "MatchCountPercent": 98.0645
  },
  {
    "BuildPrev": "3.1.0.9767",
    "BuildCur": "3.1.1.9806",
    "RecordCountPrev": 166,
    "RecordCountCur": 166,
    "MatchCount": 166,
    "MatchCountPercent": 100.0
  },
  {
    "BuildPrev": "3.1.1.9806",
    "BuildCur": "3.1.1.9835",
    "RecordCountPrev": 166,
    "RecordCountCur": 166,
    "MatchCount": 166,
    "MatchCountPercent": 100.0
  },
  {
    "BuildPrev": "3.1.1.9835",
    "BuildCur": "3.1.2.9901",
    "RecordCountPrev": 166,
    "RecordCountCur": 167,
    "MatchCount": 166,
    "MatchCountPercent": 100.0
  },
  {
    "BuildPrev": "3.1.2.9901",
    "BuildCur": "3.1.3.9947",
    "RecordCountPrev": 167,
    "RecordCountCur": 167,
    "MatchCount": 167,
    "MatchCountPercent": 100.0
  },
  {
    "BuildPrev": "3.1.3.9947",
    "BuildCur": "3.2.0.10192",
    "RecordCountPrev": 167,
    "RecordCountCur": 179,
    "MatchCount": 166,
    "MatchCountPercent": 99.4012
  },
  {
    "BuildPrev": "3.2.0.10192",
    "BuildCur": "3.2.0.10314",
    "RecordCountPrev": 179,
    "RecordCountCur": 179,
    "MatchCount": 179,
    "MatchCountPercent": 100.0
  },
  {
    "BuildPrev": "3.2.0.10314",
    "BuildCur": "3.2.2.10482",
    "RecordCountPrev": 179,
    "RecordCountCur": 181,
    "MatchCount": 179,
    "MatchCountPercent": 100.0
  },
  {
    "BuildPrev": "3.2.2.10482",
    "BuildCur": "3.2.2.10505",
    "RecordCountPrev": 181,
    "RecordCountCur": 181,
    "MatchCount": 181,
    "MatchCountPercent": 100.0
  },
  {
    "BuildPrev": "3.2.2.10505",
    "BuildCur": "3.3.0.10958",
    "RecordCountPrev": 181,
    "RecordCountCur": 195,
    "MatchCount": 179,
    "MatchCountPercent": 98.895
  },
  {
    "BuildPrev": "3.3.0.10958",
    "BuildCur": "3.3.0.11159",
    "RecordCountPrev": 195,
    "RecordCountCur": 195,
    "MatchCount": 195,
    "MatchCountPercent": 100.0
  },
  {
    "BuildPrev": "3.3.0.11159",
    "BuildCur": "3.3.2.11403",
    "RecordCountPrev": 195,
    "RecordCountCur": 195,
    "MatchCount": 195,
    "MatchCountPercent": 100.0
  },
  {
    "BuildPrev": "3.3.2.11403",
    "BuildCur": "3.3.3.11685",
    "RecordCountPrev": 195,
    "RecordCountCur": 200,
    "MatchCount": 193,
    "MatchCountPercent": 98.9744
  },
  {
    "BuildPrev": "3.3.3.11685",
    "BuildCur": "3.3.3.11723",
    "RecordCountPrev": 200,
    "RecordCountCur": 200,
    "MatchCount": 200,
    "MatchCountPercent": 100.0
  },
  {
    "BuildPrev": "3.3.3.11723",
    "BuildCur": "3.3.5.12213",
    "RecordCountPrev": 200,
    "RecordCountCur": 200,
    "MatchCount": 200,
    "MatchCountPercent": 100.0
  },
  {
    "BuildPrev": "3.3.5.12213",
    "BuildCur": "3.3.5.12340",
    "RecordCountPrev": 200,
    "RecordCountCur": 200,
    "MatchCount": 200,
    "MatchCountPercent": 100.0
  },
  {
    "BuildPrev": "3.3.5.12340",
    "BuildCur": "4.0.0.11927",
    "RecordCountPrev": 200,
    "RecordCountCur": 294,
    "MatchCount": 195,
    "MatchCountPercent": 97.5
  },
  {
    "BuildPrev": "4.0.0.11927",
    "BuildCur": "4.0.0.12025",
    "RecordCountPrev": 294,
    "RecordCountCur": 307,
    "MatchCount": 291,
    "MatchCountPercent": 98.9796
  },
  {
    "BuildPrev": "4.0.0.12025",
    "BuildCur": "4.0.0.12065",
    "RecordCountPrev": 307,
    "RecordCountCur": 315,
    "MatchCount": 306,
    "MatchCountPercent": 99.6743
  },
  {
    "BuildPrev": "4.0.0.12065",
    "BuildCur": "4.0.0.12122",
    "RecordCountPrev": 315,
    "RecordCountCur": 326,
    "MatchCount": 314,
    "MatchCountPercent": 99.6825
  },
  {
    "BuildPrev": "4.0.0.12122",
    "BuildCur": "4.0.0.12164",
    "RecordCountPrev": 326,
    "RecordCountCur": 332,
    "MatchCount": 325,
    "MatchCountPercent": 99.6933
  },
  {
    "BuildPrev": "4.0.0.12164",
    "BuildCur": "4.0.0.12232",
    "RecordCountPrev": 332,
    "RecordCountCur": 342,
    "MatchCount": 329,
    "MatchCountPercent": 99.0964
  },
  {
    "BuildPrev": "4.0.0.12232",
    "BuildCur": "4.0.0.12266",
    "RecordCountPrev": 342,
    "RecordCountCur": 345,
    "MatchCount": 341,
    "MatchCountPercent": 99.7076
  },
  {
    "BuildPrev": "4.0.0.12266",
    "BuildCur": "4.0.0.12319",
    "RecordCountPrev": 345,
    "RecordCountCur": 351,
    "MatchCount": 345,
    "MatchCountPercent": 100.0
  },
  {
    "BuildPrev": "4.0.0.12319",
    "BuildCur": "4.0.0.12911",
    "RecordCountPrev": 351,
    "RecordCountCur": 398,
    "MatchCount": 341,
    "MatchCountPercent": 97.151
  },
  {
    "BuildPrev": "4.0.0.12911",
    "BuildCur": "4.0.1.13164",
    "RecordCountPrev": 398,
    "RecordCountCur": 398,
    "MatchCount": 398,
    "MatchCountPercent": 100.0
  },
  {
    "BuildPrev": "4.0.1.13164",
    "BuildCur": "",
    "RecordCountPrev": 398,
    "RecordCountCur": 398,
    "MatchCount": 398,
    "MatchCountPercent": 100.0
  },
  {
    "BuildPrev": "",
    "BuildCur": "4.0.3.13287",
    "RecordCountPrev": 398,
    "RecordCountCur": 398,
    "MatchCount": 398,
    "MatchCountPercent": 100.0
  },
  {
    "BuildPrev": "4.0.3.13287",
    "BuildCur": "",
    "RecordCountPrev": 398,
    "RecordCountCur": 398,
    "MatchCount": 398,
    "MatchCountPercent": 100.0
  },
  {
    "BuildPrev": "",
    "BuildCur": "4.0.6.13596",
    "RecordCountPrev": 398,
    "RecordCountCur": 398,
    "MatchCount": 398,
    "MatchCountPercent": 100.0
  },
  {
    "BuildPrev": "4.0.6.13596",
    "BuildCur": "",
    "RecordCountPrev": 398,
    "RecordCountCur": 439,
    "MatchCount": 382,
    "MatchCountPercent": 95.9799
  },
  {
    "BuildPrev": "",
    "BuildCur": "4.1.0.13914",
    "RecordCountPrev": 439,
    "RecordCountCur": 456,
    "MatchCount": 438,
    "MatchCountPercent": 99.7722
  },
  {
    "BuildPrev": "4.1.0.13914",
    "BuildCur": "",
    "RecordCountPrev": 456,
    "RecordCountCur": 456,
    "MatchCount": 456,
    "MatchCountPercent": 100.0
  },
  {
    "BuildPrev": "",
    "BuildCur": "4.2.0.14333",
    "RecordCountPrev": 456,
    "RecordCountCur": 466,
    "MatchCount": 448,
    "MatchCountPercent": 98.2456
  },
  {
    "BuildPrev": "4.2.0.14333",
    "BuildCur": "",
    "RecordCountPrev": 466,
    "RecordCountCur": 398,
    "MatchCount": 375,
    "MatchCountPercent": 80.4721
  },
  {
    "BuildPrev": "",
    "BuildCur": "4.2.2.14545",
    "RecordCountPrev": 398,
    "RecordCountCur": 466,
    "MatchCount": 375,
    "MatchCountPercent": 94.2211
  },
  {
    "BuildPrev": "4.2.2.14545",
    "BuildCur": "4.3.0.15005",
    "RecordCountPrev": 466,
    "RecordCountCur": 466,
    "MatchCount": 466,
    "MatchCountPercent": 100.0
  },
  {
    "BuildPrev": "4.3.0.15005",
    "BuildCur": "",
    "RecordCountPrev": 466,
    "RecordCountCur": 466,
    "MatchCount": 466,
    "MatchCountPercent": 100.0
  },
  {
    "BuildPrev": "",
    "BuildCur": "4.3.2.15211",
    "RecordCountPrev": 466,
    "RecordCountCur": 472,
    "MatchCount": 456,
    "MatchCountPercent": 97.8541
  },
  {
    "BuildPrev": "4.3.2.15211",
    "BuildCur": "4.3.3.15354",
    "RecordCountPrev": 472,
    "RecordCountCur": 472,
    "MatchCount": 472,
    "MatchCountPercent": 100.0
  },
  {
    "BuildPrev": "4.3.3.15354",
    "BuildCur": "4.3.4.15595",
    "RecordCountPrev": 472,
    "RecordCountCur": 472,
    "MatchCount": 472,
    "MatchCountPercent": 100.0
  },
  {
    "BuildPrev": "4.3.4.15595",
    "BuildCur": "5.0.1.15464",
    "RecordCountPrev": 472,
    "RecordCountCur": 531,
    "MatchCount": 469,
    "MatchCountPercent": 99.3644
  },
  {
    "BuildPrev": "5.0.1.15464",
    "BuildCur": "5.0.1.15508",
    "RecordCountPrev": 531,
    "RecordCountCur": 536,
    "MatchCount": 530,
    "MatchCountPercent": 99.8117
  },
  {
    "BuildPrev": "5.0.1.15508",
    "BuildCur": "5.0.1.15544",
    "RecordCountPrev": 536,
    "RecordCountCur": 537,
    "MatchCount": 536,
    "MatchCountPercent": 100.0
  },
  {
    "BuildPrev": "5.0.1.15544",
    "BuildCur": "5.0.1.15589",
    "RecordCountPrev": 537,
    "RecordCountCur": 543,
    "MatchCount": 535,
    "MatchCountPercent": 99.6276
  },
  {
    "BuildPrev": "5.0.1.15589",
    "BuildCur": "5.0.1.15640",
    "RecordCountPrev": 543,
    "RecordCountCur": 531,
    "MatchCount": 528,
    "MatchCountPercent": 97.2376
  },
  {
    "BuildPrev": "5.0.1.15640",
    "BuildCur": "5.0.1.15650",
    "RecordCountPrev": 531,
    "RecordCountCur": 561,
    "MatchCount": 525,
    "MatchCountPercent": 98.8701
  },
  {
    "BuildPrev": "5.0.1.15650",
    "BuildCur": "5.0.1.15657",
    "RecordCountPrev": 561,
    "RecordCountCur": 564,
    "MatchCount": 559,
    "MatchCountPercent": 99.6435
  },
  {
    "BuildPrev": "5.0.1.15657",
    "BuildCur": "5.0.1.15662",
    "RecordCountPrev": 564,
    "RecordCountCur": 531,
    "MatchCount": 525,
    "MatchCountPercent": 93.0851
  },
  {
    "BuildPrev": "5.0.1.15662",
    "BuildCur": "5.0.1.15668",
    "RecordCountPrev": 531,
    "RecordCountCur": 572,
    "MatchCount": 525,
    "MatchCountPercent": 98.8701
  },
  {
    "BuildPrev": "5.0.1.15668",
    "BuildCur": "5.0.1.15677",
    "RecordCountPrev": 572,
    "RecordCountCur": 581,
    "MatchCount": 570,
    "MatchCountPercent": 99.6503
  },
  {
    "BuildPrev": "5.0.1.15677",
    "BuildCur": "5.0.1.15689",
    "RecordCountPrev": 581,
    "RecordCountCur": 583,
    "MatchCount": 581,
    "MatchCountPercent": 100.0
  },
  {
    "BuildPrev": "5.0.1.15689",
    "BuildCur": "5.0.1.15699",
    "RecordCountPrev": 583,
    "RecordCountCur": 586,
    "MatchCount": 583,
    "MatchCountPercent": 100.0
  },
  {
    "BuildPrev": "5.0.1.15699",
    "BuildCur": "5.0.1.15726",
    "RecordCountPrev": 586,
    "RecordCountCur": 590,
    "MatchCount": 579,
    "MatchCountPercent": 98.8055
  },
  {
    "BuildPrev": "5.0.1.15726",
    "BuildCur": "5.0.1.15739",
    "RecordCountPrev": 590,
    "RecordCountCur": 590,
    "MatchCount": 589,
    "MatchCountPercent": 99.8305
  },
  {
    "BuildPrev": "5.0.1.15739",
    "BuildCur": "5.0.1.15752",
    "RecordCountPrev": 590,
    "RecordCountCur": 590,
    "MatchCount": 589,
    "MatchCountPercent": 99.8305
  },
  {
    "BuildPrev": "5.0.1.15752",
    "BuildCur": "5.0.1.15762",
    "RecordCountPrev": 590,
    "RecordCountCur": 593,
    "MatchCount": 587,
    "MatchCountPercent": 99.4915
  },
  {
    "BuildPrev": "5.0.1.15762",
    "BuildCur": "5.0.1.15781",
    "RecordCountPrev": 593,
    "RecordCountCur": 598,
    "MatchCount": 590,
    "MatchCountPercent": 99.4941
  },
  {
    "BuildPrev": "5.0.1.15781",
    "BuildCur": "5.0.1.15799",
    "RecordCountPrev": 598,
    "RecordCountCur": 606,
    "MatchCount": 598,
    "MatchCountPercent": 100.0
  },
  {
    "BuildPrev": "5.0.1.15799",
    "BuildCur": "5.0.4.15890",
    "RecordCountPrev": 606,
    "RecordCountCur": 623,
    "MatchCount": 603,
    "MatchCountPercent": 99.5049
  },
  {
    "BuildPrev": "5.0.4.15890",
    "BuildCur": "5.0.4.16016",
    "RecordCountPrev": 623,
    "RecordCountCur": 643,
    "MatchCount": 615,
    "MatchCountPercent": 98.7159
  },
  {
    "BuildPrev": "5.0.4.16016",
    "BuildCur": "5.0.5.16048",
    "RecordCountPrev": 643,
    "RecordCountCur": 643,
    "MatchCount": 643,
    "MatchCountPercent": 100.0
  },
  {
    "BuildPrev": "5.0.5.16048",
    "BuildCur": "5.0.5.16057",
    "RecordCountPrev": 643,
    "RecordCountCur": 643,
    "MatchCount": 643,
    "MatchCountPercent": 100.0
  },
  {
    "BuildPrev": "5.0.5.16057",
    "BuildCur": "5.1.0.16309",
    "RecordCountPrev": 643,
    "RecordCountCur": 668,
    "MatchCount": 636,
    "MatchCountPercent": 98.9114
  },
  {
    "BuildPrev": "5.1.0.16309",
    "BuildCur": "",
    "RecordCountPrev": 668,
    "RecordCountCur": 668,
    "MatchCount": 668,
    "MatchCountPercent": 100.0
  },
  {
    "BuildPrev": "",
    "BuildCur": "5.2.0.16516",
    "RecordCountPrev": 668,
    "RecordCountCur": 679,
    "MatchCount": 667,
    "MatchCountPercent": 99.8503
  },
  {
    "BuildPrev": "5.2.0.16516",
    "BuildCur": "5.2.0.16650",
    "RecordCountPrev": 679,
    "RecordCountCur": 681,
    "MatchCount": 676,
    "MatchCountPercent": 99.5582
  },
  {
    "BuildPrev": "5.2.0.16650",
    "BuildCur": "5.3.0.16844",
    "RecordCountPrev": 681,
    "RecordCountCur": 700,
    "MatchCount": 676,
    "MatchCountPercent": 99.2658
  },
  {
    "BuildPrev": "5.3.0.16844",
    "BuildCur": "5.3.0.16965",
    "RecordCountPrev": 700,
    "RecordCountCur": 702,
    "MatchCount": 700,
    "MatchCountPercent": 100.0
  },
  {
    "BuildPrev": "5.3.0.16965",
    "BuildCur": "5.3.0.17116",
    "RecordCountPrev": 702,
    "RecordCountCur": 702,
    "MatchCount": 702,
    "MatchCountPercent": 100.0
  },
  {
    "BuildPrev": "5.3.0.17116",
    "BuildCur": "5.4.0.17266",
    "RecordCountPrev": 702,
    "RecordCountCur": 723,
    "MatchCount": 699,
    "MatchCountPercent": 99.5727
  },
  {
    "BuildPrev": "5.4.0.17266",
    "BuildCur": "5.4.0.17325",
    "RecordCountPrev": 723,
    "RecordCountCur": 723,
    "MatchCount": 722,
    "MatchCountPercent": 99.8617
  },
  {
    "BuildPrev": "5.4.0.17325",
    "BuildCur": "5.4.0.17345",
    "RecordCountPrev": 723,
    "RecordCountCur": 724,
    "MatchCount": 722,
    "MatchCountPercent": 99.8617
  },
  {
    "BuildPrev": "5.4.0.17345",
    "BuildCur": "5.4.1.17520",
    "RecordCountPrev": 724,
    "RecordCountCur": 725,
    "MatchCount": 723,
    "MatchCountPercent": 99.8619
  },
  {
    "BuildPrev": "5.4.1.17520",
    "BuildCur": "5.4.1.17538",
    "RecordCountPrev": 725,
    "RecordCountCur": 725,
    "MatchCount": 725,
    "MatchCountPercent": 100.0
  },
  {
    "BuildPrev": "5.4.1.17538",
    "BuildCur": "5.4.2.17645",
    "RecordCountPrev": 725,
    "RecordCountCur": 725,
    "MatchCount": 725,
    "MatchCountPercent": 100.0
  },
  {
    "BuildPrev": "5.4.2.17645",
    "BuildCur": "5.4.2.17688",
    "RecordCountPrev": 725,
    "RecordCountCur": 725,
    "MatchCount": 725,
    "MatchCountPercent": 100.0
  },
  {
    "BuildPrev": "5.4.2.17688",
    "BuildCur": "5.4.7.17898",
    "RecordCountPrev": 725,
    "RecordCountCur": 725,
    "MatchCount": 725,
    "MatchCountPercent": 100.0
  },
  {
    "BuildPrev": "5.4.7.17898",
    "BuildCur": "5.4.8.18273",
    "RecordCountPrev": 725,
    "RecordCountCur": 726,
    "MatchCount": 725,
    "MatchCountPercent": 100.0
  },
  {
    "BuildPrev": "5.4.8.18273",
    "BuildCur": "6.0.1.18125",
    "RecordCountPrev": 726,
    "RecordCountCur": 791,
    "MatchCount": 722,
    "MatchCountPercent": 99.449
  },
  {
    "BuildPrev": "6.0.1.18125",
    "BuildCur": "6.0.1.18156",
    "RecordCountPrev": 791,
    "RecordCountCur": 796,
    "MatchCount": 791,
    "MatchCountPercent": 100.0
  },
  {
    "BuildPrev": "6.0.1.18156",
    "BuildCur": "6.0.1.18164",
    "RecordCountPrev": 796,
    "RecordCountCur": 796,
    "MatchCount": 796,
    "MatchCountPercent": 100.0
  },
  {
    "BuildPrev": "6.0.1.18164",
    "BuildCur": "6.0.1.18179",
    "RecordCountPrev": 796,
    "RecordCountCur": 800,
    "MatchCount": 796,
    "MatchCountPercent": 100.0
  },
  {
    "BuildPrev": "6.0.1.18179",
    "BuildCur": "6.0.1.18297",
    "RecordCountPrev": 800,
    "RecordCountCur": 816,
    "MatchCount": 799,
    "MatchCountPercent": 99.875
  },
  {
    "BuildPrev": "6.0.1.18297",
    "BuildCur": "6.0.1.18322",
    "RecordCountPrev": 816,
    "RecordCountCur": 819,
    "MatchCount": 816,
    "MatchCountPercent": 100.0
  },
  {
    "BuildPrev": "6.0.1.18322",
    "BuildCur": "6.0.1.18379",
    "RecordCountPrev": 819,
    "RecordCountCur": 821,
    "MatchCount": 819,
    "MatchCountPercent": 100.0
  },
  {
    "BuildPrev": "6.0.1.18379",
    "BuildCur": "6.0.1.18443",
    "RecordCountPrev": 821,
    "RecordCountCur": 829,
    "MatchCount": 820,
    "MatchCountPercent": 99.8782
  },
  {
    "BuildPrev": "6.0.1.18443",
    "BuildCur": "6.0.1.18471",
    "RecordCountPrev": 829,
    "RecordCountCur": 835,
    "MatchCount": 827,
    "MatchCountPercent": 99.7587
  },
  {
    "BuildPrev": "6.0.1.18471",
    "BuildCur": "6.0.1.18505",
    "RecordCountPrev": 835,
    "RecordCountCur": 837,
    "MatchCount": 834,
    "MatchCountPercent": 99.8802
  },
  {
    "BuildPrev": "6.0.1.18505",
    "BuildCur": "6.0.1.18522",
    "RecordCountPrev": 837,
    "RecordCountCur": 842,
    "MatchCount": 837,
    "MatchCountPercent": 100.0
  },
  {
    "BuildPrev": "6.0.1.18522",
    "BuildCur": "6.0.1.18537",
    "RecordCountPrev": 842,
    "RecordCountCur": 845,
    "MatchCount": 842,
    "MatchCountPercent": 100.0
  },
  {
    "BuildPrev": "6.0.1.18537",
    "BuildCur": "6.0.1.18566",
    "RecordCountPrev": 845,
    "RecordCountCur": 851,
    "MatchCount": 843,
    "MatchCountPercent": 99.7633
  },
  {
    "BuildPrev": "6.0.1.18566",
    "BuildCur": "6.0.1.18594",
    "RecordCountPrev": 851,
    "RecordCountCur": 855,
    "MatchCount": 850,
    "MatchCountPercent": 99.8825
  },
  {
    "BuildPrev": "6.0.1.18594",
    "BuildCur": "6.0.1.18645",
    "RecordCountPrev": 855,
    "RecordCountCur": 855,
    "MatchCount": 855,
    "MatchCountPercent": 100.0
  },
  {
    "BuildPrev": "6.0.1.18645",
    "BuildCur": "6.0.1.18663",
    "RecordCountPrev": 855,
    "RecordCountCur": 870,
    "MatchCount": 855,
    "MatchCountPercent": 100.0
  },
  {
    "BuildPrev": "6.0.1.18663",
    "BuildCur": "6.0.1.18685",
    "RecordCountPrev": 870,
    "RecordCountCur": 870,
    "MatchCount": 870,
    "MatchCountPercent": 100.0
  },
  {
    "BuildPrev": "6.0.1.18685",
    "BuildCur": "6.0.1.18689",
    "RecordCountPrev": 870,
    "RecordCountCur": 873,
    "MatchCount": 869,
    "MatchCountPercent": 99.8851
  },
  {
    "BuildPrev": "6.0.1.18689",
    "BuildCur": "6.0.1.18716",
    "RecordCountPrev": 873,
    "RecordCountCur": 874,
    "MatchCount": 872,
    "MatchCountPercent": 99.8855
  },
  {
    "BuildPrev": "6.0.1.18716",
    "BuildCur": "6.0.1.18738",
    "RecordCountPrev": 874,
    "RecordCountCur": 880,
    "MatchCount": 872,
    "MatchCountPercent": 99.7712
  },
  {
    "BuildPrev": "6.0.1.18738",
    "BuildCur": "6.0.2.18764",
    "RecordCountPrev": 880,
    "RecordCountCur": 881,
    "MatchCount": 880,
    "MatchCountPercent": 100.0
  },
  {
    "BuildPrev": "6.0.2.18764",
    "BuildCur": "6.0.1.18803",
    "RecordCountPrev": 881,
    "RecordCountCur": 880,
    "MatchCount": 880,
    "MatchCountPercent": 99.8865
  },
  {
    "BuildPrev": "6.0.1.18803",
    "BuildCur": "6.0.2.18816",
    "RecordCountPrev": 880,
    "RecordCountCur": 885,
    "MatchCount": 879,
    "MatchCountPercent": 99.8864
  },
  {
    "BuildPrev": "6.0.2.18816",
    "BuildCur": "6.0.2.18833",
    "RecordCountPrev": 885,
    "RecordCountCur": 885,
    "MatchCount": 885,
    "MatchCountPercent": 100.0
  },
  {
    "BuildPrev": "6.0.2.18833",
    "BuildCur": "6.0.2.18837",
    "RecordCountPrev": 885,
    "RecordCountCur": 885,
    "MatchCount": 883,
    "MatchCountPercent": 99.774
  },
  {
    "BuildPrev": "6.0.2.18837",
    "BuildCur": "6.0.2.18838",
    "RecordCountPrev": 885,
    "RecordCountCur": 885,
    "MatchCount": 885,
    "MatchCountPercent": 100.0
  },
  {
    "BuildPrev": "6.0.2.18838",
    "BuildCur": "6.0.2.18848",
    "RecordCountPrev": 885,
    "RecordCountCur": 885,
    "MatchCount": 885,
    "MatchCountPercent": 100.0
  },
  {
    "BuildPrev": "6.0.2.18848",
    "BuildCur": "6.0.2.18850",
    "RecordCountPrev": 885,
    "RecordCountCur": 887,
    "MatchCount": 883,
    "MatchCountPercent": 99.774
  },
  {
    "BuildPrev": "6.0.2.18850",
    "BuildCur": "6.0.2.18865",
    "RecordCountPrev": 887,
    "RecordCountCur": 887,
    "MatchCount": 887,
    "MatchCountPercent": 100.0
  },
  {
    "BuildPrev": "6.0.2.18865",
    "BuildCur": "6.0.2.18888",
    "RecordCountPrev": 887,
    "RecordCountCur": 889,
    "MatchCount": 884,
    "MatchCountPercent": 99.6618
  },
  {
    "BuildPrev": "6.0.2.18888",
    "BuildCur": "6.0.2.18898",
    "RecordCountPrev": 889,
    "RecordCountCur": 890,
    "MatchCount": 889,
    "MatchCountPercent": 100.0
  },
  {
    "BuildPrev": "6.0.2.18898",
    "BuildCur": "6.0.2.18909",
    "RecordCountPrev": 890,
    "RecordCountCur": 890,
    "MatchCount": 890,
    "MatchCountPercent": 100.0
  },
  {
    "BuildPrev": "6.0.2.18909",
    "BuildCur": "6.0.2.18912",
    "RecordCountPrev": 890,
    "RecordCountCur": 890,
    "MatchCount": 890,
    "MatchCountPercent": 100.0
  },
  {
    "BuildPrev": "6.0.2.18912",
    "BuildCur": "6.0.2.18922",
    "RecordCountPrev": 890,
    "RecordCountCur": 890,
    "MatchCount": 890,
    "MatchCountPercent": 100.0
  },
  {
    "BuildPrev": "6.0.2.18922",
    "BuildCur": "6.0.2.18927",
    "RecordCountPrev": 890,
    "RecordCountCur": 890,
    "MatchCount": 889,
    "MatchCountPercent": 99.8876
  },
  {
    "BuildPrev": "6.0.2.18927",
    "BuildCur": "6.0.2.18934",
    "RecordCountPrev": 890,
    "RecordCountCur": 890,
    "MatchCount": 890,
    "MatchCountPercent": 100.0
  },
  {
    "BuildPrev": "6.0.2.18934",
    "BuildCur": "6.0.2.18935",
    "RecordCountPrev": 890,
    "RecordCountCur": 890,
    "MatchCount": 887,
    "MatchCountPercent": 99.6629
  },
  {
    "BuildPrev": "6.0.2.18935",
    "BuildCur": "6.0.2.18950",
    "RecordCountPrev": 890,
    "RecordCountCur": 892,
    "MatchCount": 888,
    "MatchCountPercent": 99.7753
  },
  {
    "BuildPrev": "6.0.2.18950",
    "BuildCur": "6.0.2.18965",
    "RecordCountPrev": 892,
    "RecordCountCur": 892,
    "MatchCount": 892,
    "MatchCountPercent": 100.0
  },
  {
    "BuildPrev": "6.0.2.18965",
    "BuildCur": "6.0.2.18967",
    "RecordCountPrev": 892,
    "RecordCountCur": 892,
    "MatchCount": 892,
    "MatchCountPercent": 100.0
  },
  {
    "BuildPrev": "6.0.2.18967",
    "BuildCur": "6.0.2.18973",
    "RecordCountPrev": 892,
    "RecordCountCur": 892,
    "MatchCount": 892,
    "MatchCountPercent": 100.0
  },
  {
    "BuildPrev": "6.0.2.18973",
    "BuildCur": "6.0.2.18982",
    "RecordCountPrev": 892,
    "RecordCountCur": 892,
    "MatchCount": 892,
    "MatchCountPercent": 100.0
  },
  {
    "BuildPrev": "6.0.2.18982",
    "BuildCur": "6.0.2.18983",
    "RecordCountPrev": 892,
    "RecordCountCur": 892,
    "MatchCount": 892,
    "MatchCountPercent": 100.0
  },
  {
    "BuildPrev": "6.0.2.18983",
    "BuildCur": "6.0.2.18986",
    "RecordCountPrev": 892,
    "RecordCountCur": 892,
    "MatchCount": 892,
    "MatchCountPercent": 100.0
  },
  {
    "BuildPrev": "6.0.2.18986",
    "BuildCur": "6.0.2.18988",
    "RecordCountPrev": 892,
    "RecordCountCur": 892,
    "MatchCount": 892,
    "MatchCountPercent": 100.0
  },
  {
    "BuildPrev": "6.0.2.18988",
    "BuildCur": "6.0.2.18989",
    "RecordCountPrev": 892,
    "RecordCountCur": 892,
    "MatchCount": 892,
    "MatchCountPercent": 100.0
  },
  {
    "BuildPrev": "6.0.2.18989",
    "BuildCur": "6.0.2.18996",
    "RecordCountPrev": 892,
    "RecordCountCur": 892,
    "MatchCount": 892,
    "MatchCountPercent": 100.0
  },
  {
    "BuildPrev": "6.0.2.18996",
    "BuildCur": "6.0.2.19000",
    "RecordCountPrev": 892,
    "RecordCountCur": 892,
    "MatchCount": 891,
    "MatchCountPercent": 99.8879
  },
  {
    "BuildPrev": "6.0.2.19000",
    "BuildCur": "6.0.2.19005",
    "RecordCountPrev": 892,
    "RecordCountCur": 892,
    "MatchCount": 892,
    "MatchCountPercent": 100.0
  },
  {
    "BuildPrev": "6.0.2.19005",
    "BuildCur": "6.0.2.19041",
    "RecordCountPrev": 892,
    "RecordCountCur": 892,
    "MatchCount": 892,
    "MatchCountPercent": 100.0
  },
  {
    "BuildPrev": "6.0.2.19041",
    "BuildCur": "6.0.3.19057",
    "RecordCountPrev": 892,
    "RecordCountCur": 892,
    "MatchCount": 875,
    "MatchCountPercent": 98.0942
  },
  {
    "BuildPrev": "6.0.3.19057",
    "BuildCur": "6.0.3.19078",
    "RecordCountPrev": 892,
    "RecordCountCur": 892,
    "MatchCount": 892,
    "MatchCountPercent": 100.0
  },
  {
    "BuildPrev": "6.0.3.19078",
    "BuildCur": "6.0.3.19085",
    "RecordCountPrev": 892,
    "RecordCountCur": 892,
    "MatchCount": 892,
    "MatchCountPercent": 100.0
  },
  {
    "BuildPrev": "6.0.3.19085",
    "BuildCur": "6.0.3.19175",
    "RecordCountPrev": 892,
    "RecordCountCur": 892,
    "MatchCount": 892,
    "MatchCountPercent": 100.0
  },
  {
    "BuildPrev": "6.0.3.19175",
    "BuildCur": "6.0.3.19200",
    "RecordCountPrev": 892,
    "RecordCountCur": 892,
    "MatchCount": 892,
    "MatchCountPercent": 100.0
  },
  {
    "BuildPrev": "6.0.3.19200",
    "BuildCur": "6.0.3.19342",
    "RecordCountPrev": 892,
    "RecordCountCur": 892,
    "MatchCount": 892,
    "MatchCountPercent": 100.0
  },
  {
    "BuildPrev": "6.0.3.19342",
    "BuildCur": "6.1.0.19445",
    "RecordCountPrev": 892,
    "RecordCountCur": 893,
    "MatchCount": 892,
    "MatchCountPercent": 100.0
  },
  {
    "BuildPrev": "6.1.0.19445",
    "BuildCur": "6.1.0.19480",
    "RecordCountPrev": 893,
    "RecordCountCur": 893,
    "MatchCount": 893,
    "MatchCountPercent": 100.0
  },
  {
    "BuildPrev": "6.1.0.19480",
    "BuildCur": "6.1.0.19508",
    "RecordCountPrev": 893,
    "RecordCountCur": 893,
    "MatchCount": 893,
    "MatchCountPercent": 100.0
  },
  {
    "BuildPrev": "6.1.0.19508",
    "BuildCur": "6.1.0.19533",
    "RecordCountPrev": 893,
    "RecordCountCur": 894,
    "MatchCount": 893,
    "MatchCountPercent": 100.0
  },
  {
    "BuildPrev": "6.1.0.19533",
    "BuildCur": "6.1.0.19551",
    "RecordCountPrev": 894,
    "RecordCountCur": 894,
    "MatchCount": 894,
    "MatchCountPercent": 100.0
  },
  {
    "BuildPrev": "6.1.0.19551",
    "BuildCur": "6.1.0.19567",
    "RecordCountPrev": 894,
    "RecordCountCur": 894,
    "MatchCount": 894,
    "MatchCountPercent": 100.0
  },
  {
    "BuildPrev": "6.1.0.19567",
    "BuildCur": "6.1.0.19592",
    "RecordCountPrev": 894,
    "RecordCountCur": 895,
    "MatchCount": 893,
    "MatchCountPercent": 99.8882
  },
  {
    "BuildPrev": "6.1.0.19592",
    "BuildCur": "6.1.0.19611",
    "RecordCountPrev": 895,
    "RecordCountCur": 895,
    "MatchCount": 895,
    "MatchCountPercent": 100.0
  },
  {
    "BuildPrev": "6.1.0.19611",
    "BuildCur": "6.1.0.19622",
    "RecordCountPrev": 895,
    "RecordCountCur": 896,
    "MatchCount": 895,
    "MatchCountPercent": 100.0
  },
  {
    "BuildPrev": "6.1.0.19622",
    "BuildCur": "6.1.0.19634",
    "RecordCountPrev": 896,
    "RecordCountCur": 896,
    "MatchCount": 896,
    "MatchCountPercent": 100.0
  },
  {
    "BuildPrev": "6.1.0.19634",
    "BuildCur": "6.1.0.19702",
    "RecordCountPrev": 896,
    "RecordCountCur": 896,
    "MatchCount": 896,
    "MatchCountPercent": 100.0
  },
  {
    "BuildPrev": "6.1.0.19702",
    "BuildCur": "6.1.2.19711",
    "RecordCountPrev": 896,
    "RecordCountCur": 896,
    "MatchCount": 896,
    "MatchCountPercent": 100.0
  },
  {
    "BuildPrev": "6.1.2.19711",
    "BuildCur": "6.1.2.19728",
    "RecordCountPrev": 896,
    "RecordCountCur": 896,
    "MatchCount": 896,
    "MatchCountPercent": 100.0
  },
  {
    "BuildPrev": "6.1.2.19728",
    "BuildCur": "6.1.2.19750",
    "RecordCountPrev": 896,
    "RecordCountCur": 896,
    "MatchCount": 896,
    "MatchCountPercent": 100.0
  },
  {
    "BuildPrev": "6.1.2.19750",
    "BuildCur": "6.1.2.19769",
    "RecordCountPrev": 896,
    "RecordCountCur": 896,
    "MatchCount": 896,
    "MatchCountPercent": 100.0
  },
  {
    "BuildPrev": "6.1.2.19769",
    "BuildCur": "6.1.2.19783",
    "RecordCountPrev": 896,
    "RecordCountCur": 896,
    "MatchCount": 896,
    "MatchCountPercent": 100.0
  },
  {
    "BuildPrev": "6.1.2.19783",
    "BuildCur": "6.1.2.19793",
    "RecordCountPrev": 896,
    "RecordCountCur": 896,
    "MatchCount": 896,
    "MatchCountPercent": 100.0
  },
  {
    "BuildPrev": "6.1.2.19793",
    "BuildCur": "6.1.2.19802",
    "RecordCountPrev": 896,
    "RecordCountCur": 896,
    "MatchCount": 896,
    "MatchCountPercent": 100.0
  },
  {
    "BuildPrev": "6.1.2.19802",
    "BuildCur": "6.1.2.19831",
    "RecordCountPrev": 896,
    "RecordCountCur": 896,
    "MatchCount": 896,
    "MatchCountPercent": 100.0
  },
  {
    "BuildPrev": "6.1.2.19831",
    "BuildCur": "6.1.2.19854",
    "RecordCountPrev": 896,
    "RecordCountCur": 896,
    "MatchCount": 896,
    "MatchCountPercent": 100.0
  },
  {
    "BuildPrev": "6.1.2.19854",
    "BuildCur": "6.1.2.19865",
    "RecordCountPrev": 896,
    "RecordCountCur": 896,
    "MatchCount": 896,
    "MatchCountPercent": 100.0
  },
  {
    "BuildPrev": "6.1.2.19865",
    "BuildCur": "6.2.0.19890",
    "RecordCountPrev": 896,
    "RecordCountCur": 906,
    "MatchCount": 896,
    "MatchCountPercent": 100.0
  },
  {
    "BuildPrev": "6.2.0.19890",
    "BuildCur": "6.2.0.19906",
    "RecordCountPrev": 906,
    "RecordCountCur": 907,
    "MatchCount": 906,
    "MatchCountPercent": 100.0
  },
  {
    "BuildPrev": "6.2.0.19906",
    "BuildCur": "6.2.0.19934",
    "RecordCountPrev": 907,
    "RecordCountCur": 908,
    "MatchCount": 907,
    "MatchCountPercent": 100.0
  },
  {
    "BuildPrev": "6.2.0.19934",
    "BuildCur": "6.2.0.19953",
    "RecordCountPrev": 908,
    "RecordCountCur": 909,
    "MatchCount": 908,
    "MatchCountPercent": 100.0
  },
  {
    "BuildPrev": "6.2.0.19953",
    "BuildCur": "6.2.0.19973",
    "RecordCountPrev": 909,
    "RecordCountCur": 910,
    "MatchCount": 908,
    "MatchCountPercent": 99.89
  },
  {
    "BuildPrev": "6.2.0.19973",
    "BuildCur": "6.2.0.20008",
    "RecordCountPrev": 910,
    "RecordCountCur": 910,
    "MatchCount": 908,
    "MatchCountPercent": 99.7802
  },
  {
    "BuildPrev": "6.2.0.20008",
    "BuildCur": "6.2.0.20033",
    "RecordCountPrev": 910,
    "RecordCountCur": 913,
    "MatchCount": 910,
    "MatchCountPercent": 100.0
  },
  {
    "BuildPrev": "6.2.0.20033",
    "BuildCur": "6.2.0.20051",
    "RecordCountPrev": 913,
    "RecordCountCur": 913,
    "MatchCount": 913,
    "MatchCountPercent": 100.0
  },
  {
    "BuildPrev": "6.2.0.20051",
    "BuildCur": "6.2.0.20061",
    "RecordCountPrev": 913,
    "RecordCountCur": 914,
    "MatchCount": 913,
    "MatchCountPercent": 100.0
  },
  {
    "BuildPrev": "6.2.0.20061",
    "BuildCur": "6.2.0.20076",
    "RecordCountPrev": 914,
    "RecordCountCur": 914,
    "MatchCount": 913,
    "MatchCountPercent": 99.8906
  },
  {
    "BuildPrev": "6.2.0.20076",
    "BuildCur": "6.2.0.20104",
    "RecordCountPrev": 914,
    "RecordCountCur": 914,
    "MatchCount": 914,
    "MatchCountPercent": 100.0
  },
  {
    "BuildPrev": "6.2.0.20104",
    "BuildCur": "6.2.0.20111",
    "RecordCountPrev": 914,
    "RecordCountCur": 914,
    "MatchCount": 914,
    "MatchCountPercent": 100.0
  },
  {
    "BuildPrev": "6.2.0.20111",
    "BuildCur": "6.2.0.20141",
    "RecordCountPrev": 914,
    "RecordCountCur": 914,
    "MatchCount": 914,
    "MatchCountPercent": 100.0
  },
  {
    "BuildPrev": "6.2.0.20141",
    "BuildCur": "6.2.0.20157",
    "RecordCountPrev": 914,
    "RecordCountCur": 914,
    "MatchCount": 914,
    "MatchCountPercent": 100.0
  },
  {
    "BuildPrev": "6.2.0.20157",
    "BuildCur": "6.2.0.20173",
    "RecordCountPrev": 914,
    "RecordCountCur": 914,
    "MatchCount": 914,
    "MatchCountPercent": 100.0
  },
  {
    "BuildPrev": "6.2.0.20173",
    "BuildCur": "6.2.0.20182",
    "RecordCountPrev": 914,
    "RecordCountCur": 914,
    "MatchCount": 914,
    "MatchCountPercent": 100.0
  },
  {
    "BuildPrev": "6.2.0.20182",
    "BuildCur": "6.2.0.20201",
    "RecordCountPrev": 914,
    "RecordCountCur": 914,
    "MatchCount": 914,
    "MatchCountPercent": 100.0
  },
  {
    "BuildPrev": "6.2.0.20201",
    "BuildCur": "6.2.0.20216",
    "RecordCountPrev": 914,
    "RecordCountCur": 914,
    "MatchCount": 914,
    "MatchCountPercent": 100.0
  },
  {
    "BuildPrev": "6.2.0.20216",
    "BuildCur": "6.2.0.20253",
    "RecordCountPrev": 914,
    "RecordCountCur": 914,
    "MatchCount": 914,
    "MatchCountPercent": 100.0
  },
  {
    "BuildPrev": "6.2.0.20253",
    "BuildCur": "6.2.1.20271",
    "RecordCountPrev": 914,
    "RecordCountCur": 914,
    "MatchCount": 910,
    "MatchCountPercent": 99.5624
  },
  {
    "BuildPrev": "6.2.1.20271",
    "BuildCur": "6.2.0.20318",
    "RecordCountPrev": 914,
    "RecordCountCur": 914,
    "MatchCount": 910,
    "MatchCountPercent": 99.5624
  },
  {
    "BuildPrev": "6.2.0.20318",
    "BuildCur": "6.2.1.20328",
    "RecordCountPrev": 914,
    "RecordCountCur": 914,
    "MatchCount": 910,
    "MatchCountPercent": 99.5624
  },
  {
    "BuildPrev": "6.2.1.20328",
    "BuildCur": "6.2.0.20338",
    "RecordCountPrev": 914,
    "RecordCountCur": 914,
    "MatchCount": 910,
    "MatchCountPercent": 99.5624
  },
  {
    "BuildPrev": "6.2.0.20338",
    "BuildCur": "6.2.1.20363",
    "RecordCountPrev": 914,
    "RecordCountCur": 914,
    "MatchCount": 910,
    "MatchCountPercent": 99.5624
  },
  {
    "BuildPrev": "6.2.1.20363",
    "BuildCur": "6.2.2.20395",
    "RecordCountPrev": 914,
    "RecordCountCur": 914,
    "MatchCount": 913,
    "MatchCountPercent": 99.8906
  },
  {
    "BuildPrev": "6.2.2.20395",
    "BuildCur": "6.2.2.20426",
    "RecordCountPrev": 914,
    "RecordCountCur": 914,
    "MatchCount": 914,
    "MatchCountPercent": 100.0
  },
  {
    "BuildPrev": "6.2.2.20426",
    "BuildCur": "6.2.2.20438",
    "RecordCountPrev": 914,
    "RecordCountCur": 914,
    "MatchCount": 914,
    "MatchCountPercent": 100.0
  },
  {
    "BuildPrev": "6.2.2.20438",
    "BuildCur": "6.2.2.20444",
    "RecordCountPrev": 914,
    "RecordCountCur": 914,
    "MatchCount": 914,
    "MatchCountPercent": 100.0
  },
  {
    "BuildPrev": "6.2.2.20444",
    "BuildCur": "6.2.2.20490",
    "RecordCountPrev": 914,
    "RecordCountCur": 914,
    "MatchCount": 914,
    "MatchCountPercent": 100.0
  },
  {
    "BuildPrev": "6.2.2.20490",
    "BuildCur": "6.2.2.20574",
    "RecordCountPrev": 914,
    "RecordCountCur": 914,
    "MatchCount": 914,
    "MatchCountPercent": 100.0
  },
  {
    "BuildPrev": "6.2.2.20574",
    "BuildCur": "6.2.3.20601",
    "RecordCountPrev": 914,
    "RecordCountCur": 914,
    "MatchCount": 914,
    "MatchCountPercent": 100.0
  },
  {
    "BuildPrev": "6.2.3.20601",
    "BuildCur": "6.2.3.20655",
    "RecordCountPrev": 914,
    "RecordCountCur": 914,
    "MatchCount": 914,
    "MatchCountPercent": 100.0
  },
  {
    "BuildPrev": "6.2.3.20655",
    "BuildCur": "6.2.3.20691",
    "RecordCountPrev": 914,
    "RecordCountCur": 914,
    "MatchCount": 914,
    "MatchCountPercent": 100.0
  },
  {
    "BuildPrev": "6.2.3.20691",
    "BuildCur": "6.2.3.20716",
    "RecordCountPrev": 914,
    "RecordCountCur": 914,
    "MatchCount": 914,
    "MatchCountPercent": 100.0
  },
  {
    "BuildPrev": "6.2.3.20716",
    "BuildCur": "6.2.3.20726",
    "RecordCountPrev": 914,
    "RecordCountCur": 914,
    "MatchCount": 914,
    "MatchCountPercent": 100.0
  },
  {
    "BuildPrev": "6.2.3.20726",
    "BuildCur": "6.2.4.21028",
    "RecordCountPrev": 914,
    "RecordCountCur": 914,
    "MatchCount": 914,
    "MatchCountPercent": 100.0
  },
  {
    "BuildPrev": "6.2.4.21028",
    "BuildCur": "6.2.4.21047",
    "RecordCountPrev": 914,
    "RecordCountCur": 914,
    "MatchCount": 914,
    "MatchCountPercent": 100.0
  },
  {
    "BuildPrev": "6.2.4.21047",
    "BuildCur": "6.2.4.21105",
    "RecordCountPrev": 914,
    "RecordCountCur": 914,
    "MatchCount": 914,
    "MatchCountPercent": 100.0
  },
  {
    "BuildPrev": "6.2.4.21105",
    "BuildCur": "6.2.4.21160",
    "RecordCountPrev": 914,
    "RecordCountCur": 914,
    "MatchCount": 914,
    "MatchCountPercent": 100.0
  },
  {
    "BuildPrev": "6.2.4.21160",
    "BuildCur": "6.2.4.21210",
    "RecordCountPrev": 914,
    "RecordCountCur": 914,
    "MatchCount": 914,
    "MatchCountPercent": 100.0
  },
  {
    "BuildPrev": "6.2.4.21210",
    "BuildCur": "6.2.4.21220",
    "RecordCountPrev": 914,
    "RecordCountCur": 914,
    "MatchCount": 914,
    "MatchCountPercent": 100.0
  },
  {
    "BuildPrev": "6.2.4.21220",
    "BuildCur": "6.2.4.21253",
    "RecordCountPrev": 914,
    "RecordCountCur": 914,
    "MatchCount": 914,
    "MatchCountPercent": 100.0
  },
  {
    "BuildPrev": "6.2.4.21253",
    "BuildCur": "6.2.4.21274",
    "RecordCountPrev": 914,
    "RecordCountCur": 914,
    "MatchCount": 914,
    "MatchCountPercent": 100.0
  },
  {
    "BuildPrev": "6.2.4.21274",
    "BuildCur": "6.2.4.21315",
    "RecordCountPrev": 914,
    "RecordCountCur": 914,
    "MatchCount": 914,
    "MatchCountPercent": 100.0
  },
  {
    "BuildPrev": "6.2.4.21315",
    "BuildCur": "6.2.4.21336",
    "RecordCountPrev": 914,
    "RecordCountCur": 914,
    "MatchCount": 914,
    "MatchCountPercent": 100.0
  },
  {
    "BuildPrev": "6.2.4.21336",
    "BuildCur": "6.2.4.21355",
    "RecordCountPrev": 914,
    "RecordCountCur": 914,
    "MatchCount": 914,
    "MatchCountPercent": 100.0
  },
  {
    "BuildPrev": "6.2.4.21355",
    "BuildCur": "6.2.4.21676",
    "RecordCountPrev": 914,
    "RecordCountCur": 914,
    "MatchCount": 914,
    "MatchCountPercent": 100.0
  },
  {
    "BuildPrev": "6.2.4.21676",
    "BuildCur": "6.2.4.21742",
    "RecordCountPrev": 914,
    "RecordCountCur": 914,
    "MatchCount": 914,
    "MatchCountPercent": 100.0
  }
]