[
  {
    "BuildPrev": "0.5.3.3368",
    "BuildCur": "0.5.5.3494",
    "RecordCountPrev": 53,
    "RecordCountCur": 55,
    "MatchCount": 51,
    "MatchCountPercent": 96.2264
  },
  {
    "BuildPrev": "0.5.5.3494",
    "BuildCur": "0.6.0.3592",
    "RecordCountPrev": 55,
    "RecordCountCur": 61,
    "MatchCount": 53,
    "MatchCountPercent": 96.3636
  },
  {
    "BuildPrev": "0.6.0.3592",
    "BuildCur": "0.7.0.3694",
    "RecordCountPrev": 61,
    "RecordCountCur": 69,
    "MatchCount": 58,
    "MatchCountPercent": 95.082
  },
  {
    "BuildPrev": "0.7.0.3694",
    "BuildCur": "0.7.1.3702",
    "RecordCountPrev": 69,
    "RecordCountCur": 69,
    "MatchCount": 69,
    "MatchCountPercent": 100.0
  },
  {
    "BuildPrev": "0.7.1.3702",
    "BuildCur": "0.7.6.3712",
    "RecordCountPrev": 69,
    "RecordCountCur": 69,
    "MatchCount": 69,
    "MatchCountPercent": 100.0
  },
  {
    "BuildPrev": "0.7.6.3712",
    "BuildCur": "0.8.0.3734",
    "RecordCountPrev": 69,
    "RecordCountCur": 74,
    "MatchCount": 69,
    "MatchCountPercent": 100.0
  },
  {
    "BuildPrev": "0.8.0.3734",
    "BuildCur": "0.9.0.3807",
    "RecordCountPrev": 74,
    "RecordCountCur": 112,
    "MatchCount": 72,
    "MatchCountPercent": 97.2973
  },
  {
    "BuildPrev": "0.9.0.3807",
    "BuildCur": "0.9.1.3810",
    "RecordCountPrev": 112,
    "RecordCountCur": 112,
    "MatchCount": 112,
    "MatchCountPercent": 100.0
  },
  {
    "BuildPrev": "0.9.1.3810",
    "BuildCur": "0.10.0.3892",
    "RecordCountPrev": 112,
    "RecordCountCur": 121,
    "MatchCount": 109,
    "MatchCountPercent": 97.3214
  },
  {
    "BuildPrev": "0.10.0.3892",
    "BuildCur": "0.11.0.3925",
    "RecordCountPrev": 121,
    "RecordCountCur": 122,
    "MatchCount": 120,
    "MatchCountPercent": 99.1736
  },
  {
    "BuildPrev": "0.11.0.3925",
    "BuildCur": "0.12.0.3988",
    "RecordCountPrev": 122,
    "RecordCountCur": 125,
    "MatchCount": 122,
    "MatchCountPercent": 100.0
  },
  {
    "BuildPrev": "0.12.0.3988",
    "BuildCur": "1.0.0.3980",
    "RecordCountPrev": 125,
    "RecordCountCur": 125,
    "MatchCount": 125,
    "MatchCountPercent": 100.0
  },
  {
    "BuildPrev": "1.0.0.3980",
    "BuildCur": "1.1.2.4125",
    "RecordCountPrev": 125,
    "RecordCountCur": 184,
    "MatchCount": 116,
    "MatchCountPercent": 92.8
  },
  {
    "BuildPrev": "1.1.2.4125",
    "BuildCur": "1.2.0.4147",
    "RecordCountPrev": 184,
    "RecordCountCur": 195,
    "MatchCount": 181,
    "MatchCountPercent": 98.3696
  },
  {
    "BuildPrev": "1.2.0.4147",
    "BuildCur": "1.2.2.4196",
    "RecordCountPrev": 195,
    "RecordCountCur": 195,
    "MatchCount": 195,
    "MatchCountPercent": 100.0
  },
  {
    "BuildPrev": "1.2.2.4196",
    "BuildCur": "1.2.3.4211",
    "RecordCountPrev": 195,
    "RecordCountCur": 195,
    "MatchCount": 195,
    "MatchCountPercent": 100.0
  },
  {
    "BuildPrev": "1.2.3.4211",
    "BuildCur": "1.2.4.4222",
    "RecordCountPrev": 195,
    "RecordCountCur": 195,
    "MatchCount": 195,
    "MatchCountPercent": 100.0
  },
  {
    "BuildPrev": "1.2.4.4222",
    "BuildCur": "1.3.0.4284",
    "RecordCountPrev": 195,
    "RecordCountCur": 209,
    "MatchCount": 192,
    "MatchCountPercent": 98.4615
  },
  {
    "BuildPrev": "1.3.0.4284",
    "BuildCur": "1.4.0.4341",
    "RecordCountPrev": 209,
    "RecordCountCur": 209,
    "MatchCount": 209,
    "MatchCountPercent": 100.0
  },
  {
    "BuildPrev": "1.4.0.4341",
    "BuildCur": "1.4.1.4364",
    "RecordCountPrev": 209,
    "RecordCountCur": 209,
    "MatchCount": 209,
    "MatchCountPercent": 100.0
  },
  {
    "BuildPrev": "1.4.1.4364",
    "BuildCur": "1.4.2.4375",
    "RecordCountPrev": 209,
    "RecordCountCur": 209,
    "MatchCount": 209,
    "MatchCountPercent": 100.0
  },
  {
    "BuildPrev": "1.4.2.4375",
    "BuildCur": "1.5.0.4442",
    "RecordCountPrev": 209,
    "RecordCountCur": 223,
    "MatchCount": 209,
    "MatchCountPercent": 100.0
  },
  {
    "BuildPrev": "1.5.0.4442",
    "BuildCur": "1.5.1.4449",
    "RecordCountPrev": 223,
    "RecordCountCur": 223,
    "MatchCount": 223,
    "MatchCountPercent": 100.0
  },
  {
    "BuildPrev": "1.5.1.4449",
    "BuildCur": "1.6.0.4500",
    "RecordCountPrev": 223,
    "RecordCountCur": 229,
    "MatchCount": 223,
    "MatchCountPercent": 100.0
  },
  {
    "BuildPrev": "1.6.0.4500",
    "BuildCur": "1.6.1.4544",
    "RecordCountPrev": 229,
    "RecordCountCur": 229,
    "MatchCount": 229,
    "MatchCountPercent": 100.0
  },
  {
    "BuildPrev": "1.6.1.4544",
    "BuildCur": "1.7.0.4671",
    "RecordCountPrev": 229,
    "RecordCountCur": 229,
    "MatchCount": 229,
    "MatchCountPercent": 100.0
  },
  {
    "BuildPrev": "1.7.0.4671",
    "BuildCur": "1.7.1.4695",
    "RecordCountPrev": 229,
    "RecordCountCur": 229,
    "MatchCount": 229,
    "MatchCountPercent": 100.0
  },
  {
    "BuildPrev": "1.7.1.4695",
    "BuildCur": "1.8.0.4714",
    "RecordCountPrev": 229,
    "RecordCountCur": 229,
    "MatchCount": 229,
    "MatchCountPercent": 100.0
  },
  {
    "BuildPrev": "1.8.0.4714",
    "BuildCur": "1.8.0.4735",
    "RecordCountPrev": 229,
    "RecordCountCur": 231,
    "MatchCount": 227,
    "MatchCountPercent": 99.1266
  },
  {
    "BuildPrev": "1.8.0.4735",
    "BuildCur": "1.8.1.4769",
    "RecordCountPrev": 231,
    "RecordCountCur": 231,
    "MatchCount": 231,
    "MatchCountPercent": 100.0
  },
  {
    "BuildPrev": "1.8.1.4769",
    "BuildCur": "1.8.4.4878",
    "RecordCountPrev": 231,
    "RecordCountCur": 231,
    "MatchCount": 231,
    "MatchCountPercent": 100.0
  },
  {
    "BuildPrev": "1.8.4.4878",
    "BuildCur": "1.9.0.4937",
    "RecordCountPrev": 231,
    "RecordCountCur": 233,
    "MatchCount": 229,
    "MatchCountPercent": 99.1342
  },
  {
    "BuildPrev": "1.9.0.4937",
    "BuildCur": "1.9.1.4983",
    "RecordCountPrev": 233,
    "RecordCountCur": 233,
    "MatchCount": 233,
    "MatchCountPercent": 100.0
  },
  {
    "BuildPrev": "1.9.1.4983",
    "BuildCur": "1.9.2.4996",
    "RecordCountPrev": 233,
    "RecordCountCur": 233,
    "MatchCount": 233,
    "MatchCountPercent": 100.0
  },
  {
    "BuildPrev": "1.9.2.4996",
    "BuildCur": "1.9.3.5059",
    "RecordCountPrev": 233,
    "RecordCountCur": 233,
    "MatchCount": 233,
    "MatchCountPercent": 100.0
  },
  {
    "BuildPrev": "1.9.3.5059",
    "BuildCur": "1.9.4.5086",
    "RecordCountPrev": 233,
    "RecordCountCur": 233,
    "MatchCount": 233,
    "MatchCountPercent": 100.0
  },
  {
    "BuildPrev": "1.9.4.5086",
    "BuildCur": "1.10.0.5195",
    "RecordCountPrev": 233,
    "RecordCountCur": 245,
    "MatchCount": 231,
    "MatchCountPercent": 99.1416
  },
  {
    "BuildPrev": "1.10.0.5195",
    "BuildCur": "1.10.1.5230",
    "RecordCountPrev": 245,
    "RecordCountCur": 245,
    "MatchCount": 245,
    "MatchCountPercent": 100.0
  },
  {
    "BuildPrev": "1.10.1.5230",
    "BuildCur": "1.10.2.5302",
    "RecordCountPrev": 245,
    "RecordCountCur": 245,
    "MatchCount": 245,
    "MatchCountPercent": 100.0
  },
  {
    "BuildPrev": "1.10.2.5302",
    "BuildCur": "1.11.0.5344",
    "RecordCountPrev": 245,
    "RecordCountCur": 282,
    "MatchCount": 245,
    "MatchCountPercent": 100.0
  },
  {
    "BuildPrev": "1.11.0.5344",
    "BuildCur": "1.11.0.5428",
    "RecordCountPrev": 282,
    "RecordCountCur": 283,
    "MatchCount": 282,
    "MatchCountPercent": 100.0
  },
  {
    "BuildPrev": "1.11.0.5428",
    "BuildCur": "1.11.1.5462",
    "RecordCountPrev": 283,
    "RecordCountCur": 283,
    "MatchCount": 283,
    "MatchCountPercent": 100.0
  },
  {
    "BuildPrev": "1.11.1.5462",
    "BuildCur": "1.11.2.5464",
    "RecordCountPrev": 283,
    "RecordCountCur": 283,
    "MatchCount": 283,
    "MatchCountPercent": 100.0
  },
  {
    "BuildPrev": "1.11.2.5464",
    "BuildCur": "1.12.0.5595",
    "RecordCountPrev": 283,
    "RecordCountCur": 287,
    "MatchCount": 282,
    "MatchCountPercent": 99.6466
  },
  {
    "BuildPrev": "1.12.0.5595",
    "BuildCur": "1.12.1.5875",
    "RecordCountPrev": 287,
    "RecordCountCur": 287,
    "MatchCount": 287,
    "MatchCountPercent": 100.0
  },
  {
    "BuildPrev": "1.12.1.5875",
    "BuildCur": "1.12.2.6005",
    "RecordCountPrev": 287,
    "RecordCountCur": 287,
    "MatchCount": 287,
    "MatchCountPercent": 100.0
  },
  {
    "BuildPrev": "1.12.2.6005",
    "BuildCur": "2.0.0.5610",
    "RecordCountPrev": 287,
    "RecordCountCur": 312,
    "MatchCount": 286,
    "MatchCountPercent": 99.6516
  },
  {
    "BuildPrev": "2.0.0.5610",
    "BuildCur": "2.0.0.5665",
    "RecordCountPrev": 312,
    "RecordCountCur": 326,
    "MatchCount": 312,
    "MatchCountPercent": 100.0
  },
  {
    "BuildPrev": "2.0.0.5665",
    "BuildCur": "2.0.0.5666",
    "RecordCountPrev": 326,
    "RecordCountCur": 326,
    "MatchCount": 326,
    "MatchCountPercent": 100.0
  },
  {
    "BuildPrev": "2.0.0.5666",
    "BuildCur": "2.0.0.5991",
    "RecordCountPrev": 326,
    "RecordCountCur": 233,
    "MatchCount": 231,
    "MatchCountPercent": 70.8589
  },
  {
    "BuildPrev": "2.0.0.5991",
    "BuildCur": "2.0.0.6080",
    "RecordCountPrev": 233,
    "RecordCountCur": 395,
    "MatchCount": 231,
    "MatchCountPercent": 99.1416
  },
  {
    "BuildPrev": "2.0.0.6080",
    "BuildCur": "2.0.3.6299",
    "RecordCountPrev": 395,
    "RecordCountCur": 424,
    "MatchCount": 392,
    "MatchCountPercent": 99.2405
  },
  {
    "BuildPrev": "2.0.3.6299",
    "BuildCur": "2.0.5.6320",
    "RecordCountPrev": 424,
    "RecordCountCur": 424,
    "MatchCount": 424,
    "MatchCountPercent": 100.0
  },
  {
    "BuildPrev": "2.0.5.6320",
    "BuildCur": "2.0.6.6337",
    "RecordCountPrev": 424,
    "RecordCountCur": 424,
    "MatchCount": 424,
    "MatchCountPercent": 100.0
  },
  {
    "BuildPrev": "2.0.6.6337",
    "BuildCur": "2.1.0.6692",
    "RecordCountPrev": 424,
    "RecordCountCur": 470,
    "MatchCount": 424,
    "MatchCountPercent": 100.0
  },
  {
    "BuildPrev": "2.1.0.6692",
    "BuildCur": "2.1.0.6729",
    "RecordCountPrev": 470,
    "RecordCountCur": 470,
    "MatchCount": 470,
    "MatchCountPercent": 100.0
  },
  {
    "BuildPrev": "2.1.0.6729",
    "BuildCur": "2.1.1.6739",
    "RecordCountPrev": 470,
    "RecordCountCur": 470,
    "MatchCount": 470,
    "MatchCountPercent": 100.0
  },
  {
    "BuildPrev": "2.1.1.6739",
    "BuildCur": "2.1.2.6803",
    "RecordCountPrev": 470,
    "RecordCountCur": 472,
    "MatchCount": 470,
    "MatchCountPercent": 100.0
  },
  {
    "BuildPrev": "2.1.2.6803",
    "BuildCur": "2.1.3.6898",
    "RecordCountPrev": 472,
    "RecordCountCur": 472,
    "MatchCount": 472,
    "MatchCountPercent": 100.0
  },
  {
    "BuildPrev": "2.1.3.6898",
    "BuildCur": "2.2.0.7272",
    "RecordCountPrev": 472,
    "RecordCountCur": 472,
    "MatchCount": 467,
    "MatchCountPercent": 98.9407
  },
  {
    "BuildPrev": "2.2.0.7272",
    "BuildCur": "2.3.0.7561",
    "RecordCountPrev": 472,
    "RecordCountCur": 502,
    "MatchCount": 469,
    "MatchCountPercent": 99.3644
  },
  {
    "BuildPrev": "2.3.0.7561",
    "BuildCur": "2.3.2.7741",
    "RecordCountPrev": 502,
    "RecordCountCur": 502,
    "MatchCount": 502,
    "MatchCountPercent": 100.0
  },
  {
    "BuildPrev": "2.3.2.7741",
    "BuildCur": "2.3.3.7799",
    "RecordCountPrev": 502,
    "RecordCountCur": 502,
    "MatchCount": 502,
    "MatchCountPercent": 100.0
  },
  {
    "BuildPrev": "2.3.3.7799",
    "BuildCur": "2.4.0.8089",
    "RecordCountPrev": 502,
    "RecordCountCur": 514,
    "MatchCount": 502,
    "MatchCountPercent": 100.0
  },
  {
    "BuildPrev": "2.4.0.8089",
    "BuildCur": "2.4.1.8125",
    "RecordCountPrev": 514,
    "RecordCountCur": 514,
    "MatchCount": 514,
    "MatchCountPercent": 100.0
  },
  {
    "BuildPrev": "2.4.1.8125",
    "BuildCur": "2.4.2.8278",
    "RecordCountPrev": 514,
    "RecordCountCur": 514,
    "MatchCount": 514,
    "MatchCountPercent": 100.0
  },
  {
    "BuildPrev": "2.4.2.8278",
    "BuildCur": "2.4.3.8606",
    "RecordCountPrev": 514,
    "RecordCountCur": 514,
    "MatchCount": 514,
    "MatchCountPercent": 100.0
  },
  {
    "BuildPrev": "2.4.3.8606",
    "BuildCur": "3.0.1.8303",
    "RecordCountPrev": 514,
    "RecordCountCur": 617,
    "MatchCount": 513,
    "MatchCountPercent": 99.8055
  },
  {
    "BuildPrev": "3.0.1.8303",
    "BuildCur": "3.0.1.8334",
    "RecordCountPrev": 617,
    "RecordCountCur": 617,
    "MatchCount": 617,
    "MatchCountPercent": 100.0
  },
  {
    "BuildPrev": "3.0.1.8334",
    "BuildCur": "3.0.1.8391",
    "RecordCountPrev": 617,
    "RecordCountCur": 686,
    "MatchCount": 610,
    "MatchCountPercent": 98.8655
  },
  {
    "BuildPrev": "3.0.1.8391",
    "BuildCur": "3.0.1.8471",
    "RecordCountPrev": 686,
    "RecordCountCur": 711,
    "MatchCount": 683,
    "MatchCountPercent": 99.5627
  },
  {
    "BuildPrev": "3.0.1.8471",
    "BuildCur": "3.0.1.8622",
    "RecordCountPrev": 711,
    "RecordCountCur": 761,
    "MatchCount": 709,
    "MatchCountPercent": 99.7187
  },
  {
    "BuildPrev": "3.0.1.8622",
    "BuildCur": "3.0.1.8634",
    "RecordCountPrev": 761,
    "RecordCountCur": 761,
    "MatchCount": 761,
    "MatchCountPercent": 100.0
  },
  {
    "BuildPrev": "3.0.1.8634",
    "BuildCur": "3.0.1.8681",
    "RecordCountPrev": 761,
    "RecordCountCur": 768,
    "MatchCount": 760,
    "MatchCountPercent": 99.8686
  },
  {
    "BuildPrev": "3.0.1.8681",
    "BuildCur": "3.0.1.8714",
    "RecordCountPrev": 768,
    "RecordCountCur": 768,
    "MatchCount": 768,
    "MatchCountPercent": 100.0
  },
  {
    "BuildPrev": "3.0.1.8714",
    "BuildCur": "3.0.1.8770",
    "RecordCountPrev": 768,
    "RecordCountCur": 804,
    "MatchCount": 766,
    "MatchCountPercent": 99.7396
  },
  {
    "BuildPrev": "3.0.1.8770",
    "BuildCur": "3.0.1.8788",
    "RecordCountPrev": 804,
    "RecordCountCur": 804,
    "MatchCount": 804,
    "MatchCountPercent": 100.0
  },
  {
    "BuildPrev": "3.0.1.8788",
    "BuildCur": "3.0.1.8820",
    "RecordCountPrev": 804,
    "RecordCountCur": 806,
    "MatchCount": 801,
    "MatchCountPercent": 99.6269
  },
  {
    "BuildPrev": "3.0.1.8820",
    "BuildCur": "3.0.1.8874",
    "RecordCountPrev": 806,
    "RecordCountCur": 806,
    "MatchCount": 806,
    "MatchCountPercent": 100.0
  },
  {
    "BuildPrev": "3.0.1.8874",
    "BuildCur": "3.0.1.8885",
    "RecordCountPrev": 806,
    "RecordCountCur": 812,
    "MatchCount": 794,
    "MatchCountPercent": 98.5112
  },
  {
    "BuildPrev": "3.0.1.8885",
    "BuildCur": "3.0.2.9056",
    "RecordCountPrev": 812,
    "RecordCountCur": 848,
    "MatchCount": 801,
    "MatchCountPercent": 98.6453
  },
  {
    "BuildPrev": "3.0.2.9056",
    "BuildCur": "3.0.3.9183",
    "RecordCountPrev": 848,
    "RecordCountCur": 848,
    "MatchCount": 848,
    "MatchCountPercent": 100.0
  },
  {
    "BuildPrev": "3.0.3.9183",
    "BuildCur": "3.0.8.9464",
    "RecordCountPrev": 848,
    "RecordCountCur": 848,
    "MatchCount": 848,
    "MatchCountPercent": 100.0
  },
  {
    "BuildPrev": "3.0.8.9464",
    "BuildCur": "3.0.8.9506",
    "RecordCountPrev": 848,
    "RecordCountCur": 848,
    "MatchCount": 848,
    "MatchCountPercent": 100.0
  },
  {
    "BuildPrev": "3.0.8.9506",
    "BuildCur": "3.0.9.9551",
    "RecordCountPrev": 848,
    "RecordCountCur": 848,
    "MatchCount": 848,
    "MatchCountPercent": 100.0
  },
  {
    "BuildPrev": "3.0.9.9551",
    "BuildCur": "3.1.0.9767",
    "RecordCountPrev": 848,
    "RecordCountCur": 879,
    "MatchCount": 848,
    "MatchCountPercent": 100.0
  },
  {
    "BuildPrev": "3.1.0.9767",
    "BuildCur": "3.1.1.9806",
    "RecordCountPrev": 879,
    "RecordCountCur": 879,
    "MatchCount": 879,
    "MatchCountPercent": 100.0
  },
  {
    "BuildPrev": "3.1.1.9806",
    "BuildCur": "3.1.1.9835",
    "RecordCountPrev": 879,
    "RecordCountCur": 879,
    "MatchCount": 879,
    "MatchCountPercent": 100.0
  },
  {
    "BuildPrev": "3.1.1.9835",
    "BuildCur": "3.1.2.9901",
    "RecordCountPrev": 879,
    "RecordCountCur": 879,
    "MatchCount": 879,
    "MatchCountPercent": 100.0
  },
  {
    "BuildPrev": "3.1.2.9901",
    "BuildCur": "3.1.3.9947",
    "RecordCountPrev": 879,
    "RecordCountCur": 879,
    "MatchCount": 879,
    "MatchCountPercent": 100.0
  },
  {
    "BuildPrev": "3.1.3.9947",
    "BuildCur": "3.2.0.10192",
    "RecordCountPrev": 879,
    "RecordCountCur": 886,
    "MatchCount": 879,
    "MatchCountPercent": 100.0
  },
  {
    "BuildPrev": "3.2.0.10192",
    "BuildCur": "3.2.0.10314",
    "RecordCountPrev": 886,
    "RecordCountCur": 886,
    "MatchCount": 886,
    "MatchCountPercent": 100.0
  },
  {
    "BuildPrev": "3.2.0.10314",
    "BuildCur": "3.2.2.10482",
    "RecordCountPrev": 886,
    "RecordCountCur": 886,
    "MatchCount": 886,
    "MatchCountPercent": 100.0
  },
  {
    "BuildPrev": "3.2.2.10482",
    "BuildCur": "3.2.2.10505",
    "RecordCountPrev": 886,
    "RecordCountCur": 886,
    "MatchCount": 886,
    "MatchCountPercent": 100.0
  },
  {
    "BuildPrev": "3.2.2.10505",
    "BuildCur": "3.3.0.10958",
    "RecordCountPrev": 886,
    "RecordCountCur": 910,
    "MatchCount": 886,
    "MatchCountPercent": 100.0
  },
  {
    "BuildPrev": "3.3.0.10958",
    "BuildCur": "3.3.0.11159",
    "RecordCountPrev": 910,
    "RecordCountCur": 910,
    "MatchCount": 910,
    "MatchCountPercent": 100.0
  },
  {
    "BuildPrev": "3.3.0.11159",
    "BuildCur": "3.3.2.11403",
    "RecordCountPrev": 910,
    "RecordCountCur": 910,
    "MatchCount": 910,
    "MatchCountPercent": 100.0
  },
  {
    "BuildPrev": "3.3.2.11403",
    "BuildCur": "3.3.3.11685",
    "RecordCountPrev": 910,
    "RecordCountCur": 915,
    "MatchCount": 910,
    "MatchCountPercent": 100.0
  },
  {
    "BuildPrev": "3.3.3.11685",
    "BuildCur": "3.3.3.11723",
    "RecordCountPrev": 915,
    "RecordCountCur": 915,
    "MatchCount": 915,
    "MatchCountPercent": 100.0
  },
  {
    "BuildPrev": "3.3.3.11723",
    "BuildCur": "3.3.5.12213",
    "RecordCountPrev": 915,
    "RecordCountCur": 915,
    "MatchCount": 915,
    "MatchCountPercent": 100.0
  },
  {
    "BuildPrev": "3.3.5.12213",
    "BuildCur": "3.3.5.12340",
    "RecordCountPrev": 915,
    "RecordCountCur": 915,
    "MatchCount": 915,
    "MatchCountPercent": 100.0
  },
  {
    "BuildPrev": "3.3.5.12340",
    "BuildCur": "4.0.0.11927",
    "RecordCountPrev": 915,
    "RecordCountCur": 1226,
    "MatchCount": 881,
    "MatchCountPercent": 96.2842
  },
  {
    "BuildPrev": "4.0.0.11927",
    "BuildCur": "4.0.0.12025",
    "RecordCountPrev": 1226,
    "RecordCountCur": 1265,
    "MatchCount": 1225,
    "MatchCountPercent": 99.9184
  },
  {
    "BuildPrev": "4.0.0.12025",
    "BuildCur": "4.0.0.12065",
    "RecordCountPrev": 1265,
    "RecordCountCur": 1313,
    "MatchCount": 1250,
    "MatchCountPercent": 98.8142
  },
  {
    "BuildPrev": "4.0.0.12065",
    "BuildCur": "4.0.0.12122",
    "RecordCountPrev": 1313,
    "RecordCountCur": 1368,
    "MatchCount": 1309,
    "MatchCountPercent": 99.6954
  },
  {
    "BuildPrev": "4.0.0.12122",
    "BuildCur": "4.0.0.12164",
    "RecordCountPrev": 1368,
    "RecordCountCur": 1376,
    "MatchCount": 1368,
    "MatchCountPercent": 100.0
  },
  {
    "BuildPrev": "4.0.0.12164",
    "BuildCur": "4.0.0.12232",
    "RecordCountPrev": 1376,
    "RecordCountCur": 1409,
    "MatchCount": 1371,
    "MatchCountPercent": 99.6366
  },
  {
    "BuildPrev": "4.0.0.12232",
    "BuildCur": "4.0.0.12266",
    "RecordCountPrev": 1409,
    "RecordCountCur": 1423,
    "MatchCount": 1409,
    "MatchCountPercent": 100.0
  },
  {
    "BuildPrev": "4.0.0.12266",
    "BuildCur": "4.0.0.12319",
    "RecordCountPrev": 1423,
    "RecordCountCur": 1423,
    "MatchCount": 1423,
    "MatchCountPercent": 100.0
  },
  {
    "BuildPrev": "4.0.0.12319",
    "BuildCur": "4.0.0.12911",
    "RecordCountPrev": 1423,
    "RecordCountCur": 1534,
    "MatchCount": 1416,
    "MatchCountPercent": 99.5081
  },
  {
    "BuildPrev": "4.0.0.12911",
    "BuildCur": "4.0.1.13164",
    "RecordCountPrev": 1534,
    "RecordCountCur": 1534,
    "MatchCount": 1534,
    "MatchCountPercent": 100.0
  },
  {
    "BuildPrev": "4.0.1.13164",
    "BuildCur": "",
    "RecordCountPrev": 1534,
    "RecordCountCur": 1534,
    "MatchCount": 1534,
    "MatchCountPercent": 100.0
  },
  {
    "BuildPrev": "",
    "BuildCur": "4.0.3.13287",
    "RecordCountPrev": 1534,
    "RecordCountCur": 1534,
    "MatchCount": 1534,
    "MatchCountPercent": 100.0
  },
  {
    "BuildPrev": "4.0.3.13287",
    "BuildCur": "",
    "RecordCountPrev": 1534,
    "RecordCountCur": 1534,
    "MatchCount": 1534,
    "MatchCountPercent": 100.0
  },
  {
    "BuildPrev": "",
    "BuildCur": "4.0.6.13596",
    "RecordCountPrev": 1534,
    "RecordCountCur": 1534,
    "MatchCount": 1534,
    "MatchCountPercent": 100.0
  },
  {
    "BuildPrev": "4.0.6.13596",
    "BuildCur": "",
    "RecordCountPrev": 1534,
    "RecordCountCur": 1594,
    "MatchCount": 1531,
    "MatchCountPercent": 99.8044
  },
  {
    "BuildPrev": "",
    "BuildCur": "4.1.0.13914",
    "RecordCountPrev": 1594,
    "RecordCountCur": 1595,
    "MatchCount": 1592,
    "MatchCountPercent": 99.8745
  },
  {
    "BuildPrev": "4.1.0.13914",
    "BuildCur": "",
    "RecordCountPrev": 1595,
    "RecordCountCur": 1595,
    "MatchCount": 1595,
    "MatchCountPercent": 100.0
  },
  {
    "BuildPrev": "",
    "BuildCur": "4.2.0.14333",
    "RecordCountPrev": 1595,
    "RecordCountCur": 1598,
    "MatchCount": 1595,
    "MatchCountPercent": 100.0
  },
  {
    "BuildPrev": "4.2.0.14333",
    "BuildCur": "",
    "RecordCountPrev": 1598,
    "RecordCountCur": 1534,
    "MatchCount": 1529,
    "MatchCountPercent": 95.6821
  },
  {
    "BuildPrev": "",
    "BuildCur": "4.2.2.14545",
    "RecordCountPrev": 1534,
    "RecordCountCur": 1598,
    "MatchCount": 1529,
    "MatchCountPercent": 99.6741
  },
  {
    "BuildPrev": "4.2.2.14545",
    "BuildCur": "4.3.0.15005",
    "RecordCountPrev": 1598,
    "RecordCountCur": 1598,
    "MatchCount": 1598,
    "MatchCountPercent": 100.0
  },
  {
    "BuildPrev": "4.3.0.15005",
    "BuildCur": "",
    "RecordCountPrev": 1598,
    "RecordCountCur": 1598,
    "MatchCount": 1598,
    "MatchCountPercent": 100.0
  },
  {
    "BuildPrev": "",
    "BuildCur": "4.3.2.15211",
    "RecordCountPrev": 1598,
    "RecordCountCur": 1601,
    "MatchCount": 1598,
    "MatchCountPercent": 100.0
  },
  {
    "BuildPrev": "4.3.2.15211",
    "BuildCur": "4.3.3.15354",
    "RecordCountPrev": 1601,
    "RecordCountCur": 1601,
    "MatchCount": 1601,
    "MatchCountPercent": 100.0
  },
  {
    "BuildPrev": "4.3.3.15354",
    "BuildCur": "4.3.4.15595",
    "RecordCountPrev": 1601,
    "RecordCountCur": 1601,
    "MatchCount": 1601,
    "MatchCountPercent": 100.0
  },
  {
    "BuildPrev": "4.3.4.15595",
    "BuildCur": "5.0.1.15464",
    "RecordCountPrev": 1601,
    "RecordCountCur": 1883,
    "MatchCount": 1601,
    "MatchCountPercent": 100.0
  },
  {
    "BuildPrev": "5.0.1.15464",
    "BuildCur": "5.0.1.15508",
    "RecordCountPrev": 1883,
    "RecordCountCur": 1897,
    "MatchCount": 1883,
    "MatchCountPercent": 100.0
  },
  {
    "BuildPrev": "5.0.1.15508",
    "BuildCur": "5.0.1.15544",
    "RecordCountPrev": 1897,
    "RecordCountCur": 1903,
    "MatchCount": 1897,
    "MatchCountPercent": 100.0
  },
  {
    "BuildPrev": "5.0.1.15544",
    "BuildCur": "5.0.1.15589",
    "RecordCountPrev": 1903,
    "RecordCountCur": 1918,
    "MatchCount": 1903,
    "MatchCountPercent": 100.0
  },
  {
    "BuildPrev": "5.0.1.15589",
    "BuildCur": "5.0.1.15640",
    "RecordCountPrev": 1918,
    "RecordCountCur": 1883,
    "MatchCount": 1883,
    "MatchCountPercent": 98.1752
  },
  {
    "BuildPrev": "5.0.1.15640",
    "BuildCur": "5.0.1.15650",
    "RecordCountPrev": 1883,
    "RecordCountCur": 1973,
    "MatchCount": 1882,
    "MatchCountPercent": 99.9469
  },
  {
    "BuildPrev": "5.0.1.15650",
    "BuildCur": "5.0.1.15657",
    "RecordCountPrev": 1973,
    "RecordCountCur": 1981,
    "MatchCount": 1973,
    "MatchCountPercent": 100.0
  },
  {
    "BuildPrev": "5.0.1.15657",
    "BuildCur": "5.0.1.15662",
    "RecordCountPrev": 1981,
    "RecordCountCur": 1883,
    "MatchCount": 1882,
    "MatchCountPercent": 95.0025
  },
  {
    "BuildPrev": "5.0.1.15662",
    "BuildCur": "5.0.1.15668",
    "RecordCountPrev": 1883,
    "RecordCountCur": 2006,
    "MatchCount": 1882,
    "MatchCountPercent": 99.9469
  },
  {
    "BuildPrev": "5.0.1.15668",
    "BuildCur": "5.0.1.15677",
    "RecordCountPrev": 2006,
    "RecordCountCur": 2025,
    "MatchCount": 2006,
    "MatchCountPercent": 100.0
  },
  {
    "BuildPrev": "5.0.1.15677",
    "BuildCur": "5.0.1.15689",
    "RecordCountPrev": 2025,
    "RecordCountCur": 2025,
    "MatchCount": 2025,
    "MatchCountPercent": 100.0
  },
  {
    "BuildPrev": "5.0.1.15689",
    "BuildCur": "5.0.1.15699",
    "RecordCountPrev": 2025,
    "RecordCountCur": 2025,
    "MatchCount": 2023,
    "MatchCountPercent": 99.9012
  },
  {
    "BuildPrev": "5.0.1.15699",
    "BuildCur": "5.0.1.15726",
    "RecordCountPrev": 2025,
    "RecordCountCur": 2034,
    "MatchCount": 2023,
    "MatchCountPercent": 99.9012
  },
  {
    "BuildPrev": "5.0.1.15726",
    "BuildCur": "5.0.1.15739",
    "RecordCountPrev": 2034,
    "RecordCountCur": 2035,
    "MatchCount": 2034,
    "MatchCountPercent": 100.0
  },
  {
    "BuildPrev": "5.0.1.15739",
    "BuildCur": "5.0.1.15752",
    "RecordCountPrev": 2035,
    "RecordCountCur": 2055,
    "MatchCount": 2035,
    "MatchCountPercent": 100.0
  },
  {
    "BuildPrev": "5.0.1.15752",
    "BuildCur": "5.0.1.15762",
    "RecordCountPrev": 2055,
    "RecordCountCur": 2063,
    "MatchCount": 2055,
    "MatchCountPercent": 100.0
  },
  {
    "BuildPrev": "5.0.1.15762",
    "BuildCur": "5.0.1.15781",
    "RecordCountPrev": 2063,
    "RecordCountCur": 2072,
    "MatchCount": 2063,
    "MatchCountPercent": 100.0
  },
  {
    "BuildPrev": "5.0.1.15781",
    "BuildCur": "5.0.1.15799",
    "RecordCountPrev": 2072,
    "RecordCountCur": 2094,
    "MatchCount": 2072,
    "MatchCountPercent": 100.0
  },
  {
    "BuildPrev": "5.0.1.15799",
    "BuildCur": "5.0.4.15890",
    "RecordCountPrev": 2094,
    "RecordCountCur": 2130,
    "MatchCount": 2094,
    "MatchCountPercent": 100.0
  },
  {
    "BuildPrev": "5.0.4.15890",
    "BuildCur": "5.0.4.16016",
    "RecordCountPrev": 2130,
    "RecordCountCur": 2143,
    "MatchCount": 2130,
    "MatchCountPercent": 100.0
  },
  {
    "BuildPrev": "5.0.4.16016",
    "BuildCur": "5.0.5.16048",
    "RecordCountPrev": 2143,
    "RecordCountCur": 2143,
    "MatchCount": 2143,
    "MatchCountPercent": 100.0
  },
  {
    "BuildPrev": "5.0.5.16048",
    "BuildCur": "5.0.5.16057",
    "RecordCountPrev": 2143,
    "RecordCountCur": 2143,
    "MatchCount": 2143,
    "MatchCountPercent": 100.0
  },
  {
    "BuildPrev": "5.0.5.16057",
    "BuildCur": "5.1.0.16309",
    "RecordCountPrev": 2143,
    "RecordCountCur": 2206,
    "MatchCount": 2143,
    "MatchCountPercent": 100.0
  },
  {
    "BuildPrev": "5.1.0.16309",
    "BuildCur": "",
    "RecordCountPrev": 2206,
    "RecordCountCur": 2206,
    "MatchCount": 2206,
    "MatchCountPercent": 100.0
  },
  {
    "BuildPrev": "",
    "BuildCur": "5.2.0.16516",
    "RecordCountPrev": 2206,
    "RecordCountCur": 2268,
    "MatchCount": 2206,
    "MatchCountPercent": 100.0
  },
  {
    "BuildPrev": "5.2.0.16516",
    "BuildCur": "5.2.0.16650",
    "RecordCountPrev": 2268,
    "RecordCountCur": 2276,
    "MatchCount": 2268,
    "MatchCountPercent": 100.0
  },
  {
    "BuildPrev": "5.2.0.16650",
    "BuildCur": "5.3.0.16844",
    "RecordCountPrev": 2276,
    "RecordCountCur": 2287,
    "MatchCount": 2276,
    "MatchCountPercent": 100.0
  },
  {
    "BuildPrev": "5.3.0.16844",
    "BuildCur": "5.3.0.16965",
    "RecordCountPrev": 2287,
    "RecordCountCur": 2287,
    "MatchCount": 2287,
    "MatchCountPercent": 100.0
  },
  {
    "BuildPrev": "5.3.0.16965",
    "BuildCur": "5.3.0.17116",
    "RecordCountPrev": 2287,
    "RecordCountCur": 2287,
    "MatchCount": 2287,
    "MatchCountPercent": 100.0
  },
  {
    "BuildPrev": "5.3.0.17116",
    "BuildCur": "5.4.0.17266",
    "RecordCountPrev": 2287,
    "RecordCountCur": 2296,
    "MatchCount": 2287,
    "MatchCountPercent": 100.0
  },
  {
    "BuildPrev": "5.4.0.17266",
    "BuildCur": "5.4.0.17325",
    "RecordCountPrev": 2296,
    "RecordCountCur": 2296,
    "MatchCount": 2296,
    "MatchCountPercent": 100.0
  },
  {
    "BuildPrev": "5.4.0.17325",
    "BuildCur": "5.4.0.17345",
    "RecordCountPrev": 2296,
    "RecordCountCur": 2296,
    "MatchCount": 2296,
    "MatchCountPercent": 100.0
  },
  {
    "BuildPrev": "5.4.0.17345",
    "BuildCur": "5.4.1.17520",
    "RecordCountPrev": 2296,
    "RecordCountCur": 2296,
    "MatchCount": 2296,
    "MatchCountPercent": 100.0
  },
  {
    "BuildPrev": "5.4.1.17520",
    "BuildCur": "5.4.1.17538",
    "RecordCountPrev": 2296,
    "RecordCountCur": 2296,
    "MatchCount": 2296,
    "MatchCountPercent": 100.0
  },
  {
    "BuildPrev": "5.4.1.17538",
    "BuildCur": "5.4.2.17645",
    "RecordCountPrev": 2296,
    "RecordCountCur": 2296,
    "MatchCount": 2296,
    "MatchCountPercent": 100.0
  },
  {
    "BuildPrev": "5.4.2.17645",
    "BuildCur": "5.4.2.17688",
    "RecordCountPrev": 2296,
    "RecordCountCur": 2296,
    "MatchCount": 2296,
    "MatchCountPercent": 100.0
  },
  {
    "BuildPrev": "5.4.2.17688",
    "BuildCur": "5.4.7.17898",
    "RecordCountPrev": 2296,
    "RecordCountCur": 2296,
    "MatchCount": 2296,
    "MatchCountPercent": 100.0
  },
  {
    "BuildPrev": "5.4.7.17898",
    "BuildCur": "5.4.8.18273",
    "RecordCountPrev": 2296,
    "RecordCountCur": 2296,
    "MatchCount": 2296,
    "MatchCountPercent": 100.0
  },
  {
    "BuildPrev": "5.4.8.18273",
    "BuildCur": "6.0.1.18125",
    "RecordCountPrev": 2296,
    "RecordCountCur": 2449,
    "MatchCount": 2296,
    "MatchCountPercent": 100.0
  },
  {
    "BuildPrev": "6.0.1.18125",
    "BuildCur": "6.0.1.18156",
    "RecordCountPrev": 2449,
    "RecordCountCur": 2448,
    "MatchCount": 2447,
    "MatchCountPercent": 99.9183
  },
  {
    "BuildPrev": "6.0.1.18156",
    "BuildCur": "6.0.1.18164",
    "RecordCountPrev": 2448,
    "RecordCountCur": 2453,
    "MatchCount": 2440,
    "MatchCountPercent": 99.6732
  },
  {
    "BuildPrev": "6.0.1.18164",
    "BuildCur": "6.0.1.18179",
    "RecordCountPrev": 2453,
    "RecordCountCur": 2458,
    "MatchCount": 2451,
    "MatchCountPercent": 99.9185
  },
  {
    "BuildPrev": "6.0.1.18179",
    "BuildCur": "6.0.1.18297",
    "RecordCountPrev": 2458,
    "RecordCountCur": 2519,
    "MatchCount": 2451,
    "MatchCountPercent": 99.7152
  },
  {
    "BuildPrev": "6.0.1.18297",
    "BuildCur": "6.0.1.18322",
    "RecordCountPrev": 2519,
    "RecordCountCur": 2561,
    "MatchCount": 2509,
    "MatchCountPercent": 99.603
  },
  {
    "BuildPrev": "6.0.1.18322",
    "BuildCur": "6.0.1.18379",
    "RecordCountPrev": 2561,
    "RecordCountCur": 2565,
    "MatchCount": 2561,
    "MatchCountPercent": 100.0
  },
  {
    "BuildPrev": "6.0.1.18379",
    "BuildCur": "6.0.1.18443",
    "RecordCountPrev": 2565,
    "RecordCountCur": 2578,
    "MatchCount": 2565,
    "MatchCountPercent": 100.0
  },
  {
    "BuildPrev": "6.0.1.18443",
    "BuildCur": "6.0.1.18471",
    "RecordCountPrev": 2578,
    "RecordCountCur": 2590,
    "MatchCount": 2578,
    "MatchCountPercent": 100.0
  },
  {
    "BuildPrev": "6.0.1.18471",
    "BuildCur": "6.0.1.18505",
    "RecordCountPrev": 2590,
    "RecordCountCur": 2618,
    "MatchCount": 2590,
    "MatchCountPercent": 100.0
  },
  {
    "BuildPrev": "6.0.1.18505",
    "BuildCur": "6.0.1.18522",
    "RecordCountPrev": 2618,
    "RecordCountCur": 2715,
    "MatchCount": 2618,
    "MatchCountPercent": 100.0
  },
  {
    "BuildPrev": "6.0.1.18522",
    "BuildCur": "6.0.1.18537",
    "RecordCountPrev": 2715,
    "RecordCountCur": 2731,
    "MatchCount": 2715,
    "MatchCountPercent": 100.0
  },
  {
    "BuildPrev": "6.0.1.18537",
    "BuildCur": "6.0.1.18566",
    "RecordCountPrev": 2731,
    "RecordCountCur": 2789,
    "MatchCount": 2706,
    "MatchCountPercent": 99.0846
  },
  {
    "BuildPrev": "6.0.1.18566",
    "BuildCur": "6.0.1.18594",
    "RecordCountPrev": 2789,
    "RecordCountCur": 2805,
    "MatchCount": 2783,
    "MatchCountPercent": 99.7849
  },
  {
    "BuildPrev": "6.0.1.18594",
    "BuildCur": "6.0.1.18645",
    "RecordCountPrev": 2805,
    "RecordCountCur": 2805,
    "MatchCount": 2805,
    "MatchCountPercent": 100.0
  },
  {
    "BuildPrev": "6.0.1.18645",
    "BuildCur": "6.0.1.18663",
    "RecordCountPrev": 2805,
    "RecordCountCur": 2844,
    "MatchCount": 2796,
    "MatchCountPercent": 99.6792
  },
  {
    "BuildPrev": "6.0.1.18663",
    "BuildCur": "6.0.1.18685",
    "RecordCountPrev": 2844,
    "RecordCountCur": 2844,
    "MatchCount": 2844,
    "MatchCountPercent": 100.0
  },
  {
    "BuildPrev": "6.0.1.18685",
    "BuildCur": "6.0.1.18689",
    "RecordCountPrev": 2844,
    "RecordCountCur": 2853,
    "MatchCount": 2844,
    "MatchCountPercent": 100.0
  },
  {
    "BuildPrev": "6.0.1.18689",
    "BuildCur": "6.0.1.18716",
    "RecordCountPrev": 2853,
    "RecordCountCur": 2855,
    "MatchCount": 2853,
    "MatchCountPercent": 100.0
  },
  {
    "BuildPrev": "6.0.1.18716",
    "BuildCur": "6.0.1.18738",
    "RecordCountPrev": 2855,
    "RecordCountCur": 2986,
    "MatchCount": 2786,
    "MatchCountPercent": 97.5832
  },
  {
    "BuildPrev": "6.0.1.18738",
    "BuildCur": "6.0.2.18764",
    "RecordCountPrev": 2986,
    "RecordCountCur": 3043,
    "MatchCount": 2975,
    "MatchCountPercent": 99.6316
  },
  {
    "BuildPrev": "6.0.2.18764",
    "BuildCur": "6.0.1.18803",
    "RecordCountPrev": 3043,
    "RecordCountCur": 3043,
    "MatchCount": 3043,
    "MatchCountPercent": 100.0
  },
  {
    "BuildPrev": "6.0.1.18803",
    "BuildCur": "6.0.2.18816",
    "RecordCountPrev": 3043,
    "RecordCountCur": 3059,
    "MatchCount": 2938,
    "MatchCountPercent": 96.5495
  },
  {
    "BuildPrev": "6.0.2.18816",
    "BuildCur": "6.0.2.18833",
    "RecordCountPrev": 3059,
    "RecordCountCur": 3059,
    "MatchCount": 3059,
    "MatchCountPercent": 100.0
  },
  {
    "BuildPrev": "6.0.2.18833",
    "BuildCur": "6.0.2.18837",
    "RecordCountPrev": 3059,
    "RecordCountCur": 3070,
    "MatchCount": 3059,
    "MatchCountPercent": 100.0
  },
  {
    "BuildPrev": "6.0.2.18837",
    "BuildCur": "6.0.2.18838",
    "RecordCountPrev": 3070,
    "RecordCountCur": 3070,
    "MatchCount": 3070,
    "MatchCountPercent": 100.0
  },
  {
    "BuildPrev": "6.0.2.18838",
    "BuildCur": "6.0.2.18848",
    "RecordCountPrev": 3070,
    "RecordCountCur": 3070,
    "MatchCount": 3070,
    "MatchCountPercent": 100.0
  },
  {
    "BuildPrev": "6.0.2.18848",
    "BuildCur": "6.0.2.18850",
    "RecordCountPrev": 3070,
    "RecordCountCur": 3070,
    "MatchCount": 3070,
    "MatchCountPercent": 100.0
  },
  {
    "BuildPrev": "6.0.2.18850",
    "BuildCur": "6.0.2.18865",
    "RecordCountPrev": 3070,
    "RecordCountCur": 3070,
    "MatchCount": 3070,
    "MatchCountPercent": 100.0
  },
  {
    "BuildPrev": "6.0.2.18865",
    "BuildCur": "6.0.2.18888",
    "RecordCountPrev": 3070,
    "RecordCountCur": 3081,
    "MatchCount": 3070,
    "MatchCountPercent": 100.0
  },
  {
    "BuildPrev": "6.0.2.18888",
    "BuildCur": "6.0.2.18898",
    "RecordCountPrev": 3081,
    "RecordCountCur": 3081,
    "MatchCount": 3081,
    "MatchCountPercent": 100.0
  },
  {
    "BuildPrev": "6.0.2.18898",
    "BuildCur": "6.0.2.18909",
    "RecordCountPrev": 3081,
    "RecordCountCur": 3095,
    "MatchCount": 3079,
    "MatchCountPercent": 99.9351
  },
  {
    "BuildPrev": "6.0.2.18909",
    "BuildCur": "6.0.2.18912",
    "RecordCountPrev": 3095,
    "RecordCountCur": 3081,
    "MatchCount": 3079,
    "MatchCountPercent": 99.483
  },
  {
    "BuildPrev": "6.0.2.18912",
    "BuildCur": "6.0.2.18922",
    "RecordCountPrev": 3081,
    "RecordCountCur": 3095,
    "MatchCount": 3079,
    "MatchCountPercent": 99.9351
  },
  {
    "BuildPrev": "6.0.2.18922",
    "BuildCur": "6.0.2.18927",
    "RecordCountPrev": 3095,
    "RecordCountCur": 3099,
    "MatchCount": 3093,
    "MatchCountPercent": 99.9354
  },
  {
    "BuildPrev": "6.0.2.18927",
    "BuildCur": "6.0.2.18934",
    "RecordCountPrev": 3099,
    "RecordCountCur": 3099,
    "MatchCount": 3099,
    "MatchCountPercent": 100.0
  },
  {
    "BuildPrev": "6.0.2.18934",
    "BuildCur": "6.0.2.18935",
    "RecordCountPrev": 3099,
    "RecordCountCur": 3101,
    "MatchCount": 3099,
    "MatchCountPercent": 100.0
  },
  {
    "BuildPrev": "6.0.2.18935",
    "BuildCur": "6.0.2.18950",
    "RecordCountPrev": 3101,
    "RecordCountCur": 3101,
    "MatchCount": 3101,
    "MatchCountPercent": 100.0
  },
  {
    "BuildPrev": "6.0.2.18950",
    "BuildCur": "6.0.2.18965",
    "RecordCountPrev": 3101,
    "RecordCountCur": 3101,
    "MatchCount": 3101,
    "MatchCountPercent": 100.0
  },
  {
    "BuildPrev": "6.0.2.18965",
    "BuildCur": "6.0.2.18967",
    "RecordCountPrev": 3101,
    "RecordCountCur": 3101,
    "MatchCount": 3101,
    "MatchCountPercent": 100.0
  },
  {
    "BuildPrev": "6.0.2.18967",
    "BuildCur": "6.0.2.18973",
    "RecordCountPrev": 3101,
    "RecordCountCur": 3101,
    "MatchCount": 3101,
    "MatchCountPercent": 100.0
  },
  {
    "BuildPrev": "6.0.2.18973",
    "BuildCur": "6.0.2.18982",
    "RecordCountPrev": 3101,
    "RecordCountCur": 3101,
    "MatchCount": 3101,
    "MatchCountPercent": 100.0
  },
  {
    "BuildPrev": "6.0.2.18982",
    "BuildCur": "6.0.2.18983",
    "RecordCountPrev": 3101,
    "RecordCountCur": 3101,
    "MatchCount": 3101,
    "MatchCountPercent": 100.0
  },
  {
    "BuildPrev": "6.0.2.18983",
    "BuildCur": "6.0.2.18986",
    "RecordCountPrev": 3101,
    "RecordCountCur": 3101,
    "MatchCount": 3101,
    "MatchCountPercent": 100.0
  },
  {
    "BuildPrev": "6.0.2.18986",
    "BuildCur": "6.0.2.18988",
    "RecordCountPrev": 3101,
    "RecordCountCur": 3101,
    "MatchCount": 3101,
    "MatchCountPercent": 100.0
  },
  {
    "BuildPrev": "6.0.2.18988",
    "BuildCur": "6.0.2.18989",
    "RecordCountPrev": 3101,
    "RecordCountCur": 3101,
    "MatchCount": 3101,
    "MatchCountPercent": 100.0
  },
  {
    "BuildPrev": "6.0.2.18989",
    "BuildCur": "6.0.2.18996",
    "RecordCountPrev": 3101,
    "RecordCountCur": 3101,
    "MatchCount": 3101,
    "MatchCountPercent": 100.0
  },
  {
    "BuildPrev": "6.0.2.18996",
    "BuildCur": "6.0.2.19000",
    "RecordCountPrev": 3101,
    "RecordCountCur": 3101,
    "MatchCount": 3101,
    "MatchCountPercent": 100.0
  },
  {
    "BuildPrev": "6.0.2.19000",
    "BuildCur": "6.0.2.19005",
    "RecordCountPrev": 3101,
    "RecordCountCur": 3101,
    "MatchCount": 3101,
    "MatchCountPercent": 100.0
  },
  {
    "BuildPrev": "6.0.2.19005",
    "BuildCur": "6.0.2.19041",
    "RecordCountPrev": 3101,
    "RecordCountCur": 3101,
    "MatchCount": 3101,
    "MatchCountPercent": 100.0
  },
  {
    "BuildPrev": "6.0.2.19041",
    "BuildCur": "6.0.3.19057",
    "RecordCountPrev": 3101,
    "RecordCountCur": 3101,
    "MatchCount": 3101,
    "MatchCountPercent": 100.0
  },
  {
    "BuildPrev": "6.0.3.19057",
    "BuildCur": "6.0.3.19078",
    "RecordCountPrev": 3101,
    "RecordCountCur": 3101,
    "MatchCount": 3101,
    "MatchCountPercent": 100.0
  },
  {
    "BuildPrev": "6.0.3.19078",
    "BuildCur": "6.0.3.19085",
    "RecordCountPrev": 3101,
    "RecordCountCur": 3101,
    "MatchCount": 3101,
    "MatchCountPercent": 100.0
  },
  {
    "BuildPrev": "6.0.3.19085",
    "BuildCur": "6.0.3.19175",
    "RecordCountPrev": 3101,
    "RecordCountCur": 3101,
    "MatchCount": 3101,
    "MatchCountPercent": 100.0
  },
  {
    "BuildPrev": "6.0.3.19175",
    "BuildCur": "6.0.3.19200",
    "RecordCountPrev": 3101,
    "RecordCountCur": 3101,
    "MatchCount": 3101,
    "MatchCountPercent": 100.0
  },
  {
    "BuildPrev": "6.0.3.19200",
    "BuildCur": "6.0.3.19342",
    "RecordCountPrev": 3101,
    "RecordCountCur": 3101,
    "MatchCount": 3101,
    "MatchCountPercent": 100.0
  },
  {
    "BuildPrev": "6.0.3.19342",
    "BuildCur": "6.1.0.19445",
    "RecordCountPrev": 3101,
    "RecordCountCur": 3107,
    "MatchCount": 3101,
    "MatchCountPercent": 100.0
  },
  {
    "BuildPrev": "6.1.0.19445",
    "BuildCur": "6.1.0.19480",
    "RecordCountPrev": 3107,
    "RecordCountCur": 3107,
    "MatchCount": 3107,
    "MatchCountPercent": 100.0
  },
  {
    "BuildPrev": "6.1.0.19480",
    "BuildCur": "6.1.0.19508",
    "RecordCountPrev": 3107,
    "RecordCountCur": 3107,
    "MatchCount": 3107,
    "MatchCountPercent": 100.0
  },
  {
    "BuildPrev": "6.1.0.19508",
    "BuildCur": "6.1.0.19533",
    "RecordCountPrev": 3107,
    "RecordCountCur": 3107,
    "MatchCount": 3107,
    "MatchCountPercent": 100.0
  },
  {
    "BuildPrev": "6.1.0.19533",
    "BuildCur": "6.1.0.19551",
    "RecordCountPrev": 3107,
    "RecordCountCur": 3107,
    "MatchCount": 3107,
    "MatchCountPercent": 100.0
  },
  {
    "BuildPrev": "6.1.0.19551",
    "BuildCur": "6.1.0.19567",
    "RecordCountPrev": 3107,
    "RecordCountCur": 3109,
    "MatchCount": 3107,
    "MatchCountPercent": 100.0
  },
  {
    "BuildPrev": "6.1.0.19567",
    "BuildCur": "6.1.0.19592",
    "RecordCountPrev": 3109,
    "RecordCountCur": 3109,
    "MatchCount": 3109,
    "MatchCountPercent": 100.0
  },
  {
    "BuildPrev": "6.1.0.19592",
    "BuildCur": "6.1.0.19611",
    "RecordCountPrev": 3109,
    "RecordCountCur": 3109,
    "MatchCount": 3109,
    "MatchCountPercent": 100.0
  },
  {
    "BuildPrev": "6.1.0.19611",
    "BuildCur": "6.1.0.19622",
    "RecordCountPrev": 3109,
    "RecordCountCur": 3109,
    "MatchCount": 3109,
    "MatchCountPercent": 100.0
  },
  {
    "BuildPrev": "6.1.0.19622",
    "BuildCur": "6.1.0.19634",
    "RecordCountPrev": 3109,
    "RecordCountCur": 3109,
    "MatchCount": 3109,
    "MatchCountPercent": 100.0
  },
  {
    "BuildPrev": "6.1.0.19634",
    "BuildCur": "6.1.0.19702",
    "RecordCountPrev": 3109,
    "RecordCountCur": 3109,
    "MatchCount": 3109,
    "MatchCountPercent": 100.0
  },
  {
    "BuildPrev": "6.1.0.19702",
    "BuildCur": "6.1.2.19711",
    "RecordCountPrev": 3109,
    "RecordCountCur": 3109,
    "MatchCount": 3109,
    "MatchCountPercent": 100.0
  },
  {
    "BuildPrev": "6.1.2.19711",
    "BuildCur": "6.1.2.19728",
    "RecordCountPrev": 3109,
    "RecordCountCur": 3109,
    "MatchCount": 3109,
    "MatchCountPercent": 100.0
  },
  {
    "BuildPrev": "6.1.2.19728",
    "BuildCur": "6.1.2.19750",
    "RecordCountPrev": 3109,
    "RecordCountCur": 3109,
    "MatchCount": 3109,
    "MatchCountPercent": 100.0
  },
  {
    "BuildPrev": "6.1.2.19750",
    "BuildCur": "6.1.2.19769",
    "RecordCountPrev": 3109,
    "RecordCountCur": 3109,
    "MatchCount": 3109,
    "MatchCountPercent": 100.0
  },
  {
    "BuildPrev": "6.1.2.19769",
    "BuildCur": "6.1.2.19783",
    "RecordCountPrev": 3109,
    "RecordCountCur": 3109,
    "MatchCount": 3109,
    "MatchCountPercent": 100.0
  },
  {
    "BuildPrev": "6.1.2.19783",
    "BuildCur": "6.1.2.19793",
    "RecordCountPrev": 3109,
    "RecordCountCur": 3109,
    "MatchCount": 3109,
    "MatchCountPercent": 100.0
  },
  {
    "BuildPrev": "6.1.2.19793",
    "BuildCur": "6.1.2.19802",
    "RecordCountPrev": 3109,
    "RecordCountCur": 3109,
    "MatchCount": 3109,
    "MatchCountPercent": 100.0
  },
  {
    "BuildPrev": "6.1.2.19802",
    "BuildCur": "6.1.2.19831",
    "RecordCountPrev": 3109,
    "RecordCountCur": 3109,
    "MatchCount": 3109,
    "MatchCountPercent": 100.0
  },
  {
    "BuildPrev": "6.1.2.19831",
    "BuildCur": "6.1.2.19854",
    "RecordCountPrev": 3109,
    "RecordCountCur": 3109,
    "MatchCount": 3109,
    "MatchCountPercent": 100.0
  },
  {
    "BuildPrev": "6.1.2.19854",
    "BuildCur": "6.1.2.19865",
    "RecordCountPrev": 3109,
    "RecordCountCur": 3109,
    "MatchCount": 3109,
    "MatchCountPercent": 100.0
  },
  {
    "BuildPrev": "6.1.2.19865",
    "BuildCur": "6.2.0.19890",
    "RecordCountPrev": 3109,
    "RecordCountCur": 3234,
    "MatchCount": 3109,
    "MatchCountPercent": 100.0
  },
  {
    "BuildPrev": "6.2.0.19890",
    "BuildCur": "6.2.0.19906",
    "RecordCountPrev": 3234,
    "RecordCountCur": 3241,
    "MatchCount": 3234,
    "MatchCountPercent": 100.0
  },
  {
    "BuildPrev": "6.2.0.19906",
    "BuildCur": "6.2.0.19934",
    "RecordCountPrev": 3241,
    "RecordCountCur": 3243,
    "MatchCount": 3241,
    "MatchCountPercent": 100.0
  },
  {
    "BuildPrev": "6.2.0.19934",
    "BuildCur": "6.2.0.19953",
    "RecordCountPrev": 3243,
    "RecordCountCur": 3244,
    "MatchCount": 3243,
    "MatchCountPercent": 100.0
  },
  {
    "BuildPrev": "6.2.0.19953",
    "BuildCur": "6.2.0.19973",
    "RecordCountPrev": 3244,
    "RecordCountCur": 3244,
    "MatchCount": 3244,
    "MatchCountPercent": 100.0
  },
  {
    "BuildPrev": "6.2.0.19973",
    "BuildCur": "6.2.0.20008",
    "RecordCountPrev": 3244,
    "RecordCountCur": 3244,
    "MatchCount": 3244,
    "MatchCountPercent": 100.0
  },
  {
    "BuildPrev": "6.2.0.20008",
    "BuildCur": "6.2.0.20033",
    "RecordCountPrev": 3244,
    "RecordCountCur": 3244,
    "MatchCount": 3244,
    "MatchCountPercent": 100.0
  },
  {
    "BuildPrev": "6.2.0.20033",
    "BuildCur": "6.2.0.20051",
    "RecordCountPrev": 3244,
    "RecordCountCur": 3244,
    "MatchCount": 3244,
    "MatchCountPercent": 100.0
  },
  {
    "BuildPrev": "6.2.0.20051",
    "BuildCur": "6.2.0.20061",
    "RecordCountPrev": 3244,
    "RecordCountCur": 3244,
    "MatchCount": 3244,
    "MatchCountPercent": 100.0
  },
  {
    "BuildPrev": "6.2.0.20061",
    "BuildCur": "6.2.0.20076",
    "RecordCountPrev": 3244,
    "RecordCountCur": 3244,
    "MatchCount": 3244,
    "MatchCountPercent": 100.0
  },
  {
    "BuildPrev": "6.2.0.20076",
    "BuildCur": "6.2.0.20104",
    "RecordCountPrev": 3244,
    "RecordCountCur": 3244,
    "MatchCount": 3244,
    "MatchCountPercent": 100.0
  },
  {
    "BuildPrev": "6.2.0.20104",
    "BuildCur": "6.2.0.20111",
    "RecordCountPrev": 3244,
    "RecordCountCur": 3244,
    "MatchCount": 3244,
    "MatchCountPercent": 100.0
  },
  {
    "BuildPrev": "6.2.0.20111",
    "BuildCur": "6.2.0.20141",
    "RecordCountPrev": 3244,
    "RecordCountCur": 3244,
    "MatchCount": 3244,
    "MatchCountPercent": 100.0
  },
  {
    "BuildPrev": "6.2.0.20141",
    "BuildCur": "6.2.0.20157",
    "RecordCountPrev": 3244,
    "RecordCountCur": 3244,
    "MatchCount": 3244,
    "MatchCountPercent": 100.0
  },
  {
    "BuildPrev": "6.2.0.20157",
    "BuildCur": "6.2.0.20173",
    "RecordCountPrev": 3244,
    "RecordCountCur": 3244,
    "MatchCount": 3244,
    "MatchCountPercent": 100.0
  },
  {
    "BuildPrev": "6.2.0.20173",
    "BuildCur": "6.2.0.20182",
    "RecordCountPrev": 3244,
    "RecordCountCur": 3244,
    "MatchCount": 3244,
    "MatchCountPercent": 100.0
  },
  {
    "BuildPrev": "6.2.0.20182",
    "BuildCur": "6.2.0.20201",
    "RecordCountPrev": 3244,
    "RecordCountCur": 3244,
    "MatchCount": 3244,
    "MatchCountPercent": 100.0
  },
  {
    "BuildPrev": "6.2.0.20201",
    "BuildCur": "6.2.0.20216",
    "RecordCountPrev": 3244,
    "RecordCountCur": 3244,
    "MatchCount": 3244,
    "MatchCountPercent": 100.0
  },
  {
    "BuildPrev": "6.2.0.20216",
    "BuildCur": "6.2.0.20253",
    "RecordCountPrev": 3244,
    "RecordCountCur": 3244,
    "MatchCount": 3244,
    "MatchCountPercent": 100.0
  },
  {
    "BuildPrev": "6.2.0.20253",
    "BuildCur": "6.2.1.20271",
    "RecordCountPrev": 3244,
    "RecordCountCur": 3246,
    "MatchCount": 3244,
    "MatchCountPercent": 100.0
  },
  {
    "BuildPrev": "6.2.1.20271",
    "BuildCur": "6.2.0.20318",
    "RecordCountPrev": 3246,
    "RecordCountCur": 3244,
    "MatchCount": 3244,
    "MatchCountPercent": 99.9384
  },
  {
    "BuildPrev": "6.2.0.20318",
    "BuildCur": "6.2.1.20328",
    "RecordCountPrev": 3244,
    "RecordCountCur": 3246,
    "MatchCount": 3244,
    "MatchCountPercent": 100.0
  },
  {
    "BuildPrev": "6.2.1.20328",
    "BuildCur": "6.2.0.20338",
    "RecordCountPrev": 3246,
    "RecordCountCur": 3244,
    "MatchCount": 3244,
    "MatchCountPercent": 99.9384
  },
  {
    "BuildPrev": "6.2.0.20338",
    "BuildCur": "6.2.1.20363",
    "RecordCountPrev": 3244,
    "RecordCountCur": 3246,
    "MatchCount": 3244,
    "MatchCountPercent": 100.0
  },
  {
    "BuildPrev": "6.2.1.20363",
    "BuildCur": "6.2.2.20395",
    "RecordCountPrev": 3246,
    "RecordCountCur": 3246,
    "MatchCount": 3246,
    "MatchCountPercent": 100.0
  },
  {
    "BuildPrev": "6.2.2.20395",
    "BuildCur": "6.2.2.20426",
    "RecordCountPrev": 3246,
    "RecordCountCur": 3246,
    "MatchCount": 3246,
    "MatchCountPercent": 100.0
  },
  {
    "BuildPrev": "6.2.2.20426",
    "BuildCur": "6.2.2.20438",
    "RecordCountPrev": 3246,
    "RecordCountCur": 3246,
    "MatchCount": 3246,
    "MatchCountPercent": 100.0
  },
  {
    "BuildPrev": "6.2.2.20438",
    "BuildCur": "6.2.2.20444",
    "RecordCountPrev": 3246,
    "RecordCountCur": 3246,
    "MatchCount": 3246,
    "MatchCountPercent": 100.0
  },
  {
    "BuildPrev": "6.2.2.20444",
    "BuildCur": "6.2.2.20490",
    "RecordCountPrev": 3246,
    "RecordCountCur": 3246,
    "MatchCount": 3246,
    "MatchCountPercent": 100.0
  },
  {
    "BuildPrev": "6.2.2.20490",
    "BuildCur": "6.2.2.20574",
    "RecordCountPrev": 3246,
    "RecordCountCur": 3246,
    "MatchCount": 3246,
    "MatchCountPercent": 100.0
  },
  {
    "BuildPrev": "6.2.2.20574",
    "BuildCur": "6.2.3.20601",
    "RecordCountPrev": 3246,
    "RecordCountCur": 3246,
    "MatchCount": 3246,
    "MatchCountPercent": 100.0
  },
  {
    "BuildPrev": "6.2.3.20601",
    "BuildCur": "6.2.3.20655",
    "RecordCountPrev": 3246,
    "RecordCountCur": 3246,
    "MatchCount": 3246,
    "MatchCountPercent": 100.0
  },
  {
    "BuildPrev": "6.2.3.20655",
    "BuildCur": "6.2.3.20691",
    "RecordCountPrev": 3246,
    "RecordCountCur": 3246,
    "MatchCount": 3246,
    "MatchCountPercent": 100.0
  },
  {
    "BuildPrev": "6.2.3.20691",
    "BuildCur": "6.2.3.20716",
    "RecordCountPrev": 3246,
    "RecordCountCur": 3246,
    "MatchCount": 3246,
    "MatchCountPercent": 100.0
  },
  {
    "BuildPrev": "6.2.3.20716",
    "BuildCur": "6.2.3.20726",
    "RecordCountPrev": 3246,
    "RecordCountCur": 3246,
    "MatchCount": 3246,
    "MatchCountPercent": 100.0
  },
  {
    "BuildPrev": "6.2.3.20726",
    "BuildCur": "6.2.4.21028",
    "RecordCountPrev": 3246,
    "RecordCountCur": 3246,
    "MatchCount": 3246,
    "MatchCountPercent": 100.0
  },
  {
    "BuildPrev": "6.2.4.21028",
    "BuildCur": "6.2.4.21047",
    "RecordCountPrev": 3246,
    "RecordCountCur": 3246,
    "MatchCount": 3246,
    "MatchCountPercent": 100.0
  },
  {
    "BuildPrev": "6.2.4.21047",
    "BuildCur": "6.2.4.21105",
    "RecordCountPrev": 3246,
    "RecordCountCur": 3246,
    "MatchCount": 3246,
    "MatchCountPercent": 100.0
  },
  {
    "BuildPrev": "6.2.4.21105",
    "BuildCur": "6.2.4.21160",
    "RecordCountPrev": 3246,
    "RecordCountCur": 3246,
    "MatchCount": 3246,
    "MatchCountPercent": 100.0
  },
  {
    "BuildPrev": "6.2.4.21160",
    "BuildCur": "6.2.4.21210",
    "RecordCountPrev": 3246,
    "RecordCountCur": 3246,
    "MatchCount": 3246,
    "MatchCountPercent": 100.0
  },
  {
    "BuildPrev": "6.2.4.21210",
    "BuildCur": "6.2.4.21220",
    "RecordCountPrev": 3246,
    "RecordCountCur": 3246,
    "MatchCount": 3246,
    "MatchCountPercent": 100.0
  },
  {
    "BuildPrev": "6.2.4.21220",
    "BuildCur": "6.2.4.21253",
    "RecordCountPrev": 3246,
    "RecordCountCur": 3246,
    "MatchCount": 3246,
    "MatchCountPercent": 100.0
  },
  {
    "BuildPrev": "6.2.4.21253",
    "BuildCur": "6.2.4.21274",
    "RecordCountPrev": 3246,
    "RecordCountCur": 3246,
    "MatchCount": 3246,
    "MatchCountPercent": 100.0
  },
  {
    "BuildPrev": "6.2.4.21274",
    "BuildCur": "6.2.4.21315",
    "RecordCountPrev": 3246,
    "RecordCountCur": 3246,
    "MatchCount": 3246,
    "MatchCountPercent": 100.0
  },
  {
    "BuildPrev": "6.2.4.21315",
    "BuildCur": "6.2.4.21336",
    "RecordCountPrev": 3246,
    "RecordCountCur": 3246,
    "MatchCount": 3246,
    "MatchCountPercent": 100.0
  },
  {
    "BuildPrev": "6.2.4.21336",
    "BuildCur": "6.2.4.21355",
    "RecordCountPrev": 3246,
    "RecordCountCur": 3246,
    "MatchCount": 3246,
    "MatchCountPercent": 100.0
  },
  {
    "BuildPrev": "6.2.4.21355",
    "BuildCur": "6.2.4.21676",
    "RecordCountPrev": 3246,
    "RecordCountCur": 3246,
    "MatchCount": 3246,
    "MatchCountPercent": 100.0
  },
  {
    "BuildPrev": "6.2.4.21676",
    "BuildCur": "6.2.4.21742",
    "RecordCountPrev": 3246,
    "RecordCountCur": 3246,
    "MatchCount": 3246,
    "MatchCountPercent": 100.0
  }
]