[
  {
    "BuildPrev": "0.5.3.3368",
    "BuildCur": "0.5.5.3494",
    "RecordCountPrev": 184,
    "RecordCountCur": 275,
    "MatchCount": 43,
    "MatchCountPercent": 23.3696
  },
  {
    "BuildPrev": "0.5.5.3494",
    "BuildCur": "0.6.0.3592",
    "RecordCountPrev": 275,
    "RecordCountCur": 275,
    "MatchCount": 43,
    "MatchCountPercent": 15.6364
  },
  {
    "BuildPrev": "0.6.0.3592",
    "BuildCur": "0.7.0.3694",
    "RecordCountPrev": 275,
    "RecordCountCur": 253,
    "MatchCount": 126,
    "MatchCountPercent": 45.8182
  },
  {
    "BuildPrev": "0.7.0.3694",
    "BuildCur": "0.7.1.3702",
    "RecordCountPrev": 253,
    "RecordCountCur": 253,
    "MatchCount": 253,
    "MatchCountPercent": 100.0
  },
  {
    "BuildPrev": "0.7.1.3702",
    "BuildCur": "0.7.6.3712",
    "RecordCountPrev": 253,
    "RecordCountCur": 253,
    "MatchCount": 253,
    "MatchCountPercent": 100.0
  },
  {
    "BuildPrev": "0.7.6.3712",
    "BuildCur": "0.8.0.3734",
    "RecordCountPrev": 253,
    "RecordCountCur": 304,
    "MatchCount": 76,
    "MatchCountPercent": 30.0395
  },
  {
    "BuildPrev": "0.8.0.3734",
    "BuildCur": "0.9.0.3807",
    "RecordCountPrev": 304,
    "RecordCountCur": 304,
    "MatchCount": 48,
    "MatchCountPercent": 15.7895
  },
  {
    "BuildPrev": "0.9.0.3807",
    "BuildCur": "0.9.1.3810",
    "RecordCountPrev": 304,
    "RecordCountCur": 304,
    "MatchCount": 304,
    "MatchCountPercent": 100.0
  },
  {
    "BuildPrev": "0.9.1.3810",
    "BuildCur": "0.10.0.3892",
    "RecordCountPrev": 304,
    "RecordCountCur": 630,
    "MatchCount": 0,
    "MatchCountPercent": 0.0
  },
  {
    "BuildPrev": "0.10.0.3892",
    "BuildCur": "0.11.0.3925",
    "RecordCountPrev": 630,
    "RecordCountCur": 632,
    "MatchCount": 560,
    "MatchCountPercent": 88.8889
  },
  {
    "BuildPrev": "0.11.0.3925",
    "BuildCur": "0.12.0.3988",
    "RecordCountPrev": 632,
    "RecordCountCur": 630,
    "MatchCount": 48,
    "MatchCountPercent": 7.5949
  },
  {
    "BuildPrev": "0.12.0.3988",
    "BuildCur": "1.0.0.3980",
    "RecordCountPrev": 630,
    "RecordCountCur": 630,
    "MatchCount": 630,
    "MatchCountPercent": 100.0
  },
  {
    "BuildPrev": "1.0.0.3980",
    "BuildCur": "1.1.2.4125",
    "RecordCountPrev": 630,
    "RecordCountCur": 630,
    "MatchCount": 48,
    "MatchCountPercent": 7.619
  },
  {
    "BuildPrev": "1.1.2.4125",
    "BuildCur": "1.2.0.4147",
    "RecordCountPrev": 630,
    "RecordCountCur": 630,
    "MatchCount": 630,
    "MatchCountPercent": 100.0
  },
  {
    "BuildPrev": "1.2.0.4147",
    "BuildCur": "1.2.2.4196",
    "RecordCountPrev": 630,
    "RecordCountCur": 630,
    "MatchCount": 630,
    "MatchCountPercent": 100.0
  },
  {
    "BuildPrev": "1.2.2.4196",
    "BuildCur": "1.2.3.4211",
    "RecordCountPrev": 630,
    "RecordCountCur": 630,
    "MatchCount": 630,
    "MatchCountPercent": 100.0
  },
  {
    "BuildPrev": "1.2.3.4211",
    "BuildCur": "1.2.4.4222",
    "RecordCountPrev": 630,
    "RecordCountCur": 630,
    "MatchCount": 630,
    "MatchCountPercent": 100.0
  },
  {
    "BuildPrev": "1.2.4.4222",
    "BuildCur": "1.3.0.4284",
    "RecordCountPrev": 630,
    "RecordCountCur": 630,
    "MatchCount": 630,
    "MatchCountPercent": 100.0
  },
  {
    "BuildPrev": "1.3.0.4284",
    "BuildCur": "1.4.0.4341",
    "RecordCountPrev": 630,
    "RecordCountCur": 630,
    "MatchCount": 630,
    "MatchCountPercent": 100.0
  },
  {
    "BuildPrev": "1.4.0.4341",
    "BuildCur": "1.4.1.4364",
    "RecordCountPrev": 630,
    "RecordCountCur": 630,
    "MatchCount": 630,
    "MatchCountPercent": 100.0
  },
  {
    "BuildPrev": "1.4.1.4364",
    "BuildCur": "1.4.2.4375",
    "RecordCountPrev": 630,
    "RecordCountCur": 630,
    "MatchCount": 630,
    "MatchCountPercent": 100.0
  },
  {
    "BuildPrev": "1.4.2.4375",
    "BuildCur": "1.5.0.4442",
    "RecordCountPrev": 630,
    "RecordCountCur": 630,
    "MatchCount": 630,
    "MatchCountPercent": 100.0
  },
  {
    "BuildPrev": "1.5.0.4442",
    "BuildCur": "1.5.1.4449",
    "RecordCountPrev": 630,
    "RecordCountCur": 630,
    "MatchCount": 630,
    "MatchCountPercent": 100.0
  },
  {
    "BuildPrev": "1.5.1.4449",
    "BuildCur": "1.6.0.4500",
    "RecordCountPrev": 630,
    "RecordCountCur": 630,
    "MatchCount": 600,
    "MatchCountPercent": 95.2381
  },
  {
    "BuildPrev": "1.6.0.4500",
    "BuildCur": "1.6.1.4544",
    "RecordCountPrev": 630,
    "RecordCountCur": 630,
    "MatchCount": 630,
    "MatchCountPercent": 100.0
  },
  {
    "BuildPrev": "1.6.1.4544",
    "BuildCur": "1.7.0.4671",
    "RecordCountPrev": 630,
    "RecordCountCur": 630,
    "MatchCount": 546,
    "MatchCountPercent": 86.6667
  },
  {
    "BuildPrev": "1.7.0.4671",
    "BuildCur": "1.7.1.4695",
    "RecordCountPrev": 630,
    "RecordCountCur": 630,
    "MatchCount": 630,
    "MatchCountPercent": 100.0
  },
  {
    "BuildPrev": "1.7.1.4695",
    "BuildCur": "1.8.0.4714",
    "RecordCountPrev": 630,
    "RecordCountCur": 630,
    "MatchCount": 630,
    "MatchCountPercent": 100.0
  },
  {
    "BuildPrev": "1.8.0.4714",
    "BuildCur": "1.8.0.4735",
    "RecordCountPrev": 630,
    "RecordCountCur": 630,
    "MatchCount": 630,
    "MatchCountPercent": 100.0
  },
  {
    "BuildPrev": "1.8.0.4735",
    "BuildCur": "1.8.1.4769",
    "RecordCountPrev": 630,
    "RecordCountCur": 630,
    "MatchCount": 630,
    "MatchCountPercent": 100.0
  },
  {
    "BuildPrev": "1.8.1.4769",
    "BuildCur": "1.8.4.4878",
    "RecordCountPrev": 630,
    "RecordCountCur": 630,
    "MatchCount": 630,
    "MatchCountPercent": 100.0
  },
  {
    "BuildPrev": "1.8.4.4878",
    "BuildCur": "1.9.0.4937",
    "RecordCountPrev": 630,
    "RecordCountCur": 630,
    "MatchCount": 576,
    "MatchCountPercent": 91.4286
  },
  {
    "BuildPrev": "1.9.0.4937",
    "BuildCur": "1.9.1.4983",
    "RecordCountPrev": 630,
    "RecordCountCur": 630,
    "MatchCount": 630,
    "MatchCountPercent": 100.0
  },
  {
    "BuildPrev": "1.9.1.4983",
    "BuildCur": "1.9.2.4996",
    "RecordCountPrev": 630,
    "RecordCountCur": 630,
    "MatchCount": 630,
    "MatchCountPercent": 100.0
  },
  {
    "BuildPrev": "1.9.2.4996",
    "BuildCur": "1.9.3.5059",
    "RecordCountPrev": 630,
    "RecordCountCur": 630,
    "MatchCount": 576,
    "MatchCountPercent": 91.4286
  },
  {
    "BuildPrev": "1.9.3.5059",
    "BuildCur": "1.9.4.5086",
    "RecordCountPrev": 630,
    "RecordCountCur": 630,
    "MatchCount": 630,
    "MatchCountPercent": 100.0
  },
  {
    "BuildPrev": "1.9.4.5086",
    "BuildCur": "1.10.0.5195",
    "RecordCountPrev": 630,
    "RecordCountCur": 630,
    "MatchCount": 304,
    "MatchCountPercent": 48.254
  },
  {
    "BuildPrev": "1.10.0.5195",
    "BuildCur": "1.10.1.5230",
    "RecordCountPrev": 630,
    "RecordCountCur": 630,
    "MatchCount": 630,
    "MatchCountPercent": 100.0
  },
  {
    "BuildPrev": "1.10.1.5230",
    "BuildCur": "1.10.2.5302",
    "RecordCountPrev": 630,
    "RecordCountCur": 630,
    "MatchCount": 630,
    "MatchCountPercent": 100.0
  },
  {
    "BuildPrev": "1.10.2.5302",
    "BuildCur": "1.11.0.5344",
    "RecordCountPrev": 630,
    "RecordCountCur": 630,
    "MatchCount": 630,
    "MatchCountPercent": 100.0
  },
  {
    "BuildPrev": "1.11.0.5344",
    "BuildCur": "1.11.0.5428",
    "RecordCountPrev": 630,
    "RecordCountCur": 630,
    "MatchCount": 630,
    "MatchCountPercent": 100.0
  },
  {
    "BuildPrev": "1.11.0.5428",
    "BuildCur": "1.11.1.5462",
    "RecordCountPrev": 630,
    "RecordCountCur": 630,
    "MatchCount": 630,
    "MatchCountPercent": 100.0
  },
  {
    "BuildPrev": "1.11.1.5462",
    "BuildCur": "1.11.2.5464",
    "RecordCountPrev": 630,
    "RecordCountCur": 630,
    "MatchCount": 630,
    "MatchCountPercent": 100.0
  },
  {
    "BuildPrev": "1.11.2.5464",
    "BuildCur": "1.12.0.5595",
    "RecordCountPrev": 630,
    "RecordCountCur": 630,
    "MatchCount": 630,
    "MatchCountPercent": 100.0
  },
  {
    "BuildPrev": "1.12.0.5595",
    "BuildCur": "1.12.1.5875",
    "RecordCountPrev": 630,
    "RecordCountCur": 630,
    "MatchCount": 630,
    "MatchCountPercent": 100.0
  },
  {
    "BuildPrev": "1.12.1.5875",
    "BuildCur": "1.12.2.6005",
    "RecordCountPrev": 630,
    "RecordCountCur": 630,
    "MatchCount": 630,
    "MatchCountPercent": 100.0
  },
  {
    "BuildPrev": "1.12.2.6005",
    "BuildCur": "2.0.0.5610",
    "RecordCountPrev": 630,
    "RecordCountCur": 630,
    "MatchCount": 630,
    "MatchCountPercent": 100.0
  },
  {
    "BuildPrev": "2.0.0.5610",
    "BuildCur": "2.0.0.5665",
    "RecordCountPrev": 630,
    "RecordCountCur": 630,
    "MatchCount": 630,
    "MatchCountPercent": 100.0
  },
  {
    "BuildPrev": "2.0.0.5665",
    "BuildCur": "2.0.0.5666",
    "RecordCountPrev": 630,
    "RecordCountCur": 630,
    "MatchCount": 630,
    "MatchCountPercent": 100.0
  },
  {
    "BuildPrev": "2.0.0.5666",
    "BuildCur": "2.0.0.5991",
    "RecordCountPrev": 630,
    "RecordCountCur": 630,
    "MatchCount": 250,
    "MatchCountPercent": 39.6825
  },
  {
    "BuildPrev": "2.0.0.5991",
    "BuildCur": "2.0.0.6080",
    "RecordCountPrev": 630,
    "RecordCountCur": 1854,
    "MatchCount": 250,
    "MatchCountPercent": 39.6825
  },
  {
    "BuildPrev": "2.0.0.6080",
    "BuildCur": "2.0.3.6299",
    "RecordCountPrev": 1854,
    "RecordCountCur": 1854,
    "MatchCount": 918,
    "MatchCountPercent": 49.5146
  },
  {
    "BuildPrev": "2.0.3.6299",
    "BuildCur": "2.0.5.6320",
    "RecordCountPrev": 1854,
    "RecordCountCur": 1854,
    "MatchCount": 1854,
    "MatchCountPercent": 100.0
  },
  {
    "BuildPrev": "2.0.5.6320",
    "BuildCur": "2.0.6.6337",
    "RecordCountPrev": 1854,
    "RecordCountCur": 1854,
    "MatchCount": 1790,
    "MatchCountPercent": 96.548
  },
  {
    "BuildPrev": "2.0.6.6337",
    "BuildCur": "2.1.0.6692",
    "RecordCountPrev": 1854,
    "RecordCountCur": 1854,
    "MatchCount": 1126,
    "MatchCountPercent": 60.7336
  },
  {
    "BuildPrev": "2.1.0.6692",
    "BuildCur": "2.1.0.6729",
    "RecordCountPrev": 1854,
    "RecordCountCur": 1854,
    "MatchCount": 1854,
    "MatchCountPercent": 100.0
  },
  {
    "BuildPrev": "2.1.0.6729",
    "BuildCur": "2.1.1.6739",
    "RecordCountPrev": 1854,
    "RecordCountCur": 1854,
    "MatchCount": 1854,
    "MatchCountPercent": 100.0
  },
  {
    "BuildPrev": "2.1.1.6739",
    "BuildCur": "2.1.2.6803",
    "RecordCountPrev": 1854,
    "RecordCountCur": 1854,
    "MatchCount": 1222,
    "MatchCountPercent": 65.9115
  },
  {
    "BuildPrev": "2.1.2.6803",
    "BuildCur": "2.1.3.6898",
    "RecordCountPrev": 1854,
    "RecordCountCur": 1854,
    "MatchCount": 1854,
    "MatchCountPercent": 100.0
  },
  {
    "BuildPrev": "2.1.3.6898",
    "BuildCur": "2.2.0.7272",
    "RecordCountPrev": 1854,
    "RecordCountCur": 1854,
    "MatchCount": 1062,
    "MatchCountPercent": 57.2816
  },
  {
    "BuildPrev": "2.2.0.7272",
    "BuildCur": "2.3.0.7561",
    "RecordCountPrev": 1854,
    "RecordCountCur": 1854,
    "MatchCount": 977,
    "MatchCountPercent": 52.6969
  },
  {
    "BuildPrev": "2.3.0.7561",
    "BuildCur": "2.3.2.7741",
    "RecordCountPrev": 1854,
    "RecordCountCur": 1854,
    "MatchCount": 1854,
    "MatchCountPercent": 100.0
  },
  {
    "BuildPrev": "2.3.2.7741",
    "BuildCur": "2.3.3.7799",
    "RecordCountPrev": 1854,
    "RecordCountCur": 1854,
    "MatchCount": 1854,
    "MatchCountPercent": 100.0
  },
  {
    "BuildPrev": "2.3.3.7799",
    "BuildCur": "2.4.0.8089",
    "RecordCountPrev": 1854,
    "RecordCountCur": 1854,
    "MatchCount": 1071,
    "MatchCountPercent": 57.767
  },
  {
    "BuildPrev": "2.4.0.8089",
    "BuildCur": "2.4.1.8125",
    "RecordCountPrev": 1854,
    "RecordCountCur": 1854,
    "MatchCount": 1854,
    "MatchCountPercent": 100.0
  },
  {
    "BuildPrev": "2.4.1.8125",
    "BuildCur": "2.4.2.8278",
    "RecordCountPrev": 1854,
    "RecordCountCur": 1854,
    "MatchCount": 1854,
    "MatchCountPercent": 100.0
  },
  {
    "BuildPrev": "2.4.2.8278",
    "BuildCur": "2.4.3.8606",
    "RecordCountPrev": 1854,
    "RecordCountCur": 1854,
    "MatchCount": 1854,
    "MatchCountPercent": 100.0
  },
  {
    "BuildPrev": "2.4.3.8606",
    "BuildCur": "3.0.1.8303",
    "RecordCountPrev": 1854,
    "RecordCountCur": 4626,
    "MatchCount": 1849,
    "MatchCountPercent": 99.7303
  },
  {
    "BuildPrev": "3.0.1.8303",
    "BuildCur": "3.0.1.8334",
    "RecordCountPrev": 4626,
    "RecordCountCur": 3046,
    "MatchCount": 2700,
    "MatchCountPercent": 58.3658
  },
  {
    "BuildPrev": "3.0.1.8334",
    "BuildCur": "3.0.1.8391",
    "RecordCountPrev": 3046,
    "RecordCountCur": 3046,
    "MatchCount": 2625,
    "MatchCountPercent": 86.1786
  },
  {
    "BuildPrev": "3.0.1.8391",
    "BuildCur": "3.0.1.8471",
    "RecordCountPrev": 3046,
    "RecordCountCur": 4636,
    "MatchCount": 2239,
    "MatchCountPercent": 73.5062
  },
  {
    "BuildPrev": "3.0.1.8471",
    "BuildCur": "3.0.1.8622",
    "RecordCountPrev": 4636,
    "RecordCountCur": 4551,
    "MatchCount": 1723,
    "MatchCountPercent": 37.1657
  },
  {
    "BuildPrev": "3.0.1.8622",
    "BuildCur": "3.0.1.8634",
    "RecordCountPrev": 4551,
    "RecordCountCur": 4551,
    "MatchCount": 4470,
    "MatchCountPercent": 98.2202
  },
  {
    "BuildPrev": "3.0.1.8634",
    "BuildCur": "3.0.1.8681",
    "RecordCountPrev": 4551,
    "RecordCountCur": 4551,
    "MatchCount": 1579,
    "MatchCountPercent": 34.6957
  },
  {
    "BuildPrev": "3.0.1.8681",
    "BuildCur": "3.0.1.8714",
    "RecordCountPrev": 4551,
    "RecordCountCur": 4551,
    "MatchCount": 4551,
    "MatchCountPercent": 100.0
  },
  {
    "BuildPrev": "3.0.1.8714",
    "BuildCur": "3.0.1.8770",
    "RecordCountPrev": 4551,
    "RecordCountCur": 4520,
    "MatchCount": 2050,
    "MatchCountPercent": 45.045
  },
  {
    "BuildPrev": "3.0.1.8770",
    "BuildCur": "3.0.1.8788",
    "RecordCountPrev": 4520,
    "RecordCountCur": 4520,
    "MatchCount": 4520,
    "MatchCountPercent": 100.0
  },
  {
    "BuildPrev": "3.0.1.8788",
    "BuildCur": "3.0.1.8820",
    "RecordCountPrev": 4520,
    "RecordCountCur": 4653,
    "MatchCount": 4097,
    "MatchCountPercent": 90.6416
  },
  {
    "BuildPrev": "3.0.1.8820",
    "BuildCur": "3.0.1.8874",
    "RecordCountPrev": 4653,
    "RecordCountCur": 4638,
    "MatchCount": 3800,
    "MatchCountPercent": 81.6677
  },
  {
    "BuildPrev": "3.0.1.8874",
    "BuildCur": "3.0.1.8885",
    "RecordCountPrev": 4638,
    "RecordCountCur": 4686,
    "MatchCount": 4431,
    "MatchCountPercent": 95.5369
  },
  {
    "BuildPrev": "3.0.1.8885",
    "BuildCur": "3.0.2.9056",
    "RecordCountPrev": 4686,
    "RecordCountCur": 4929,
    "MatchCount": 4062,
    "MatchCountPercent": 86.6837
  },
  {
    "BuildPrev": "3.0.2.9056",
    "BuildCur": "3.0.3.9183",
    "RecordCountPrev": 4929,
    "RecordCountCur": 4929,
    "MatchCount": 4798,
    "MatchCountPercent": 97.3423
  },
  {
    "BuildPrev": "3.0.3.9183",
    "BuildCur": "3.0.8.9464",
    "RecordCountPrev": 4929,
    "RecordCountCur": 4929,
    "MatchCount": 4879,
    "MatchCountPercent": 98.9856
  },
  {
    "BuildPrev": "3.0.8.9464",
    "BuildCur": "3.0.8.9506",
    "RecordCountPrev": 4929,
    "RecordCountCur": 4929,
    "MatchCount": 4929,
    "MatchCountPercent": 100.0
  },
  {
    "BuildPrev": "3.0.8.9506",
    "BuildCur": "3.0.9.9551",
    "RecordCountPrev": 4929,
    "RecordCountCur": 4929,
    "MatchCount": 4929,
    "MatchCountPercent": 100.0
  },
  {
    "BuildPrev": "3.0.9.9551",
    "BuildCur": "3.1.0.9767",
    "RecordCountPrev": 4929,
    "RecordCountCur": 5251,
    "MatchCount": 3698,
    "MatchCountPercent": 75.0254
  },
  {
    "BuildPrev": "3.1.0.9767",
    "BuildCur": "3.1.1.9806",
    "RecordCountPrev": 5251,
    "RecordCountCur": 5251,
    "MatchCount": 5251,
    "MatchCountPercent": 100.0
  },
  {
    "BuildPrev": "3.1.1.9806",
    "BuildCur": "3.1.1.9835",
    "RecordCountPrev": 5251,
    "RecordCountCur": 5251,
    "MatchCount": 5251,
    "MatchCountPercent": 100.0
  },
  {
    "BuildPrev": "3.1.1.9835",
    "BuildCur": "3.1.2.9901",
    "RecordCountPrev": 5251,
    "RecordCountCur": 5251,
    "MatchCount": 5251,
    "MatchCountPercent": 100.0
  },
  {
    "BuildPrev": "3.1.2.9901",
    "BuildCur": "3.1.3.9947",
    "RecordCountPrev": 5251,
    "RecordCountCur": 5251,
    "MatchCount": 5251,
    "MatchCountPercent": 100.0
  },
  {
    "BuildPrev": "3.1.3.9947",
    "BuildCur": "3.2.0.10192",
    "RecordCountPrev": 5251,
    "RecordCountCur": 5251,
    "MatchCount": 4750,
    "MatchCountPercent": 90.459
  },
  {
    "BuildPrev": "3.2.0.10192",
    "BuildCur": "3.2.0.10314",
    "RecordCountPrev": 5251,
    "RecordCountCur": 5251,
    "MatchCount": 5251,
    "MatchCountPercent": 100.0
  },
  {
    "BuildPrev": "3.2.0.10314",
    "BuildCur": "3.2.2.10482",
    "RecordCountPrev": 5251,
    "RecordCountCur": 5251,
    "MatchCount": 5201,
    "MatchCountPercent": 99.0478
  },
  {
    "BuildPrev": "3.2.2.10482",
    "BuildCur": "3.2.2.10505",
    "RecordCountPrev": 5251,
    "RecordCountCur": 5251,
    "MatchCount": 5251,
    "MatchCountPercent": 100.0
  },
  {
    "BuildPrev": "3.2.2.10505",
    "BuildCur": "3.3.0.10958",
    "RecordCountPrev": 5251,
    "RecordCountCur": 5322,
    "MatchCount": 4687,
    "MatchCountPercent": 89.2592
  },
  {
    "BuildPrev": "3.3.0.10958",
    "BuildCur": "3.3.0.11159",
    "RecordCountPrev": 5322,
    "RecordCountCur": 5322,
    "MatchCount": 5322,
    "MatchCountPercent": 100.0
  },
  {
    "BuildPrev": "3.3.0.11159",
    "BuildCur": "3.3.2.11403",
    "RecordCountPrev": 5322,
    "RecordCountCur": 5322,
    "MatchCount": 5253,
    "MatchCountPercent": 98.7035
  },
  {
    "BuildPrev": "3.3.2.11403",
    "BuildCur": "3.3.3.11685",
    "RecordCountPrev": 5322,
    "RecordCountCur": 5262,
    "MatchCount": 4741,
    "MatchCountPercent": 89.0831
  },
  {
    "BuildPrev": "3.3.3.11685",
    "BuildCur": "3.3.3.11723",
    "RecordCountPrev": 5262,
    "RecordCountCur": 5262,
    "MatchCount": 5262,
    "MatchCountPercent": 100.0
  },
  {
    "BuildPrev": "3.3.3.11723",
    "BuildCur": "3.3.5.12213",
    "RecordCountPrev": 5262,
    "RecordCountCur": 5262,
    "MatchCount": 5262,
    "MatchCountPercent": 100.0
  },
  {
    "BuildPrev": "3.3.5.12213",
    "BuildCur": "3.3.5.12340",
    "RecordCountPrev": 5262,
    "RecordCountCur": 5262,
    "MatchCount": 5262,
    "MatchCountPercent": 100.0
  },
  {
    "BuildPrev": "3.3.5.12340",
    "BuildCur": "4.0.0.11927",
    "RecordCountPrev": 5262,
    "RecordCountCur": 5361,
    "MatchCount": 5262,
    "MatchCountPercent": 100.0
  },
  {
    "BuildPrev": "4.0.0.11927",
    "BuildCur": "4.0.0.12025",
    "RecordCountPrev": 5361,
    "RecordCountCur": 5550,
    "MatchCount": 5221,
    "MatchCountPercent": 97.3886
  },
  {
    "BuildPrev": "4.0.0.12025",
    "BuildCur": "4.0.0.12065",
    "RecordCountPrev": 5550,
    "RecordCountCur": 5550,
    "MatchCount": 5294,
    "MatchCountPercent": 95.3874
  },
  {
    "BuildPrev": "4.0.0.12065",
    "BuildCur": "4.0.0.12122",
    "RecordCountPrev": 5550,
    "RecordCountCur": 5550,
    "MatchCount": 5469,
    "MatchCountPercent": 98.5405
  },
  {
    "BuildPrev": "4.0.0.12122",
    "BuildCur": "4.0.0.12164",
    "RecordCountPrev": 5550,
    "RecordCountCur": 5550,
    "MatchCount": 5471,
    "MatchCountPercent": 98.5766
  },
  {
    "BuildPrev": "4.0.0.12164",
    "BuildCur": "4.0.0.12232",
    "RecordCountPrev": 5550,
    "RecordCountCur": 5550,
    "MatchCount": 5262,
    "MatchCountPercent": 94.8108
  },
  {
    "BuildPrev": "4.0.0.12232",
    "BuildCur": "4.0.0.12266",
    "RecordCountPrev": 5550,
    "RecordCountCur": 5580,
    "MatchCount": 5321,
    "MatchCountPercent": 95.8739
  },
  {
    "BuildPrev": "4.0.0.12266",
    "BuildCur": "4.0.0.12319",
    "RecordCountPrev": 5580,
    "RecordCountCur": 5580,
    "MatchCount": 5434,
    "MatchCountPercent": 97.3835
  },
  {
    "BuildPrev": "4.0.0.12319",
    "BuildCur": "4.0.0.12911",
    "RecordCountPrev": 5580,
    "RecordCountCur": 5587,
    "MatchCount": 5226,
    "MatchCountPercent": 93.6559
  },
  {
    "BuildPrev": "4.0.0.12911",
    "BuildCur": "4.0.1.13164",
    "RecordCountPrev": 5587,
    "RecordCountCur": 5587,
    "MatchCount": 5587,
    "MatchCountPercent": 100.0
  },
  {
    "BuildPrev": "4.0.1.13164",
    "BuildCur": "",
    "RecordCountPrev": 5587,
    "RecordCountCur": 5587,
    "MatchCount": 5587,
    "MatchCountPercent": 100.0
  },
  {
    "BuildPrev": "",
    "BuildCur": "4.0.3.13287",
    "RecordCountPrev": 5587,
    "RecordCountCur": 5587,
    "MatchCount": 5587,
    "MatchCountPercent": 100.0
  },
  {
    "BuildPrev": "4.0.3.13287",
    "BuildCur": "",
    "RecordCountPrev": 5587,
    "RecordCountCur": 5587,
    "MatchCount": 5587,
    "MatchCountPercent": 100.0
  },
  {
    "BuildPrev": "",
    "BuildCur": "4.0.6.13596",
    "RecordCountPrev": 5587,
    "RecordCountCur": 5587,
    "MatchCount": 5587,
    "MatchCountPercent": 100.0
  },
  {
    "BuildPrev": "4.0.6.13596",
    "BuildCur": "",
    "RecordCountPrev": 5587,
    "RecordCountCur": 5820,
    "MatchCount": 4081,
    "MatchCountPercent": 73.0446
  },
  {
    "BuildPrev": "",
    "BuildCur": "4.1.0.13914",
    "RecordCountPrev": 5820,
    "RecordCountCur": 5802,
    "MatchCount": 5278,
    "MatchCountPercent": 90.6873
  },
  {
    "BuildPrev": "4.1.0.13914",
    "BuildCur": "",
    "RecordCountPrev": 5802,
    "RecordCountCur": 5802,
    "MatchCount": 5802,
    "MatchCountPercent": 100.0
  },
  {
    "BuildPrev": "",
    "BuildCur": "4.2.0.14333",
    "RecordCountPrev": 5802,
    "RecordCountCur": 5802,
    "MatchCount": 5391,
    "MatchCountPercent": 92.9162
  },
  {
    "BuildPrev": "4.2.0.14333",
    "BuildCur": "",
    "RecordCountPrev": 5802,
    "RecordCountCur": 5587,
    "MatchCount": 4081,
    "MatchCountPercent": 70.3378
  },
  {
    "BuildPrev": "",
    "BuildCur": "4.2.2.14545",
    "RecordCountPrev": 5587,
    "RecordCountCur": 5802,
    "MatchCount": 4081,
    "MatchCountPercent": 73.0446
  },
  {
    "BuildPrev": "4.2.2.14545",
    "BuildCur": "4.3.0.15005",
    "RecordCountPrev": 5802,
    "RecordCountCur": 5802,
    "MatchCount": 5802,
    "MatchCountPercent": 100.0
  },
  {
    "BuildPrev": "4.3.0.15005",
    "BuildCur": "",
    "RecordCountPrev": 5802,
    "RecordCountCur": 5802,
    "MatchCount": 5802,
    "MatchCountPercent": 100.0
  },
  {
    "BuildPrev": "",
    "BuildCur": "4.3.2.15211",
    "RecordCountPrev": 5802,
    "RecordCountCur": 5802,
    "MatchCount": 5698,
    "MatchCountPercent": 98.2075
  },
  {
    "BuildPrev": "4.3.2.15211",
    "BuildCur": "4.3.3.15354",
    "RecordCountPrev": 5802,
    "RecordCountCur": 5802,
    "MatchCount": 5802,
    "MatchCountPercent": 100.0
  },
  {
    "BuildPrev": "4.3.3.15354",
    "BuildCur": "4.3.4.15595",
    "RecordCountPrev": 5802,
    "RecordCountCur": 5802,
    "MatchCount": 5802,
    "MatchCountPercent": 100.0
  },
  {
    "BuildPrev": "4.3.4.15595",
    "BuildCur": "5.0.1.15464",
    "RecordCountPrev": 5802,
    "RecordCountCur": 5906,
    "MatchCount": 5716,
    "MatchCountPercent": 98.5178
  },
  {
    "BuildPrev": "5.0.1.15464",
    "BuildCur": "5.0.1.15508",
    "RecordCountPrev": 5906,
    "RecordCountCur": 5906,
    "MatchCount": 5906,
    "MatchCountPercent": 100.0
  },
  {
    "BuildPrev": "5.0.1.15508",
    "BuildCur": "5.0.1.15544",
    "RecordCountPrev": 5906,
    "RecordCountCur": 6013,
    "MatchCount": 5906,
    "MatchCountPercent": 100.0
  },
  {
    "BuildPrev": "5.0.1.15544",
    "BuildCur": "5.0.1.15589",
    "RecordCountPrev": 6013,
    "RecordCountCur": 6117,
    "MatchCount": 5802,
    "MatchCountPercent": 96.4909
  },
  {
    "BuildPrev": "5.0.1.15589",
    "BuildCur": "5.0.1.15640",
    "RecordCountPrev": 6117,
    "RecordCountCur": 5906,
    "MatchCount": 5802,
    "MatchCountPercent": 94.8504
  },
  {
    "BuildPrev": "5.0.1.15640",
    "BuildCur": "5.0.1.15650",
    "RecordCountPrev": 5906,
    "RecordCountCur": 6221,
    "MatchCount": 5802,
    "MatchCountPercent": 98.2391
  },
  {
    "BuildPrev": "5.0.1.15650",
    "BuildCur": "5.0.1.15657",
    "RecordCountPrev": 6221,
    "RecordCountCur": 6221,
    "MatchCount": 6117,
    "MatchCountPercent": 98.3283
  },
  {
    "BuildPrev": "5.0.1.15657",
    "BuildCur": "5.0.1.15662",
    "RecordCountPrev": 6221,
    "RecordCountCur": 5906,
    "MatchCount": 5802,
    "MatchCountPercent": 93.2648
  },
  {
    "BuildPrev": "5.0.1.15662",
    "BuildCur": "5.0.1.15668",
    "RecordCountPrev": 5906,
    "RecordCountCur": 6221,
    "MatchCount": 5802,
    "MatchCountPercent": 98.2391
  },
  {
    "BuildPrev": "5.0.1.15668",
    "BuildCur": "5.0.1.15677",
    "RecordCountPrev": 6221,
    "RecordCountCur": 6221,
    "MatchCount": 6010,
    "MatchCountPercent": 96.6083
  },
  {
    "BuildPrev": "5.0.1.15677",
    "BuildCur": "5.0.1.15689",
    "RecordCountPrev": 6221,
    "RecordCountCur": 6221,
    "MatchCount": 6114,
    "MatchCountPercent": 98.28
  },
  {
    "BuildPrev": "5.0.1.15689",
    "BuildCur": "5.0.1.15699",
    "RecordCountPrev": 6221,
    "RecordCountCur": 6221,
    "MatchCount": 6013,
    "MatchCountPercent": 96.6565
  },
  {
    "BuildPrev": "5.0.1.15699",
    "BuildCur": "5.0.1.15726",
    "RecordCountPrev": 6221,
    "RecordCountCur": 6221,
    "MatchCount": 6114,
    "MatchCountPercent": 98.28
  },
  {
    "BuildPrev": "5.0.1.15726",
    "BuildCur": "5.0.1.15739",
    "RecordCountPrev": 6221,
    "RecordCountCur": 6220,
    "MatchCount": 6114,
    "MatchCountPercent": 98.28
  },
  {
    "BuildPrev": "5.0.1.15739",
    "BuildCur": "5.0.1.15752",
    "RecordCountPrev": 6220,
    "RecordCountCur": 6220,
    "MatchCount": 6217,
    "MatchCountPercent": 99.9518
  },
  {
    "BuildPrev": "5.0.1.15752",
    "BuildCur": "5.0.1.15762",
    "RecordCountPrev": 6220,
    "RecordCountCur": 6220,
    "MatchCount": 6217,
    "MatchCountPercent": 99.9518
  },
  {
    "BuildPrev": "5.0.1.15762",
    "BuildCur": "5.0.1.15781",
    "RecordCountPrev": 6220,
    "RecordCountCur": 6220,
    "MatchCount": 6010,
    "MatchCountPercent": 96.6238
  },
  {
    "BuildPrev": "5.0.1.15781",
    "BuildCur": "5.0.1.15799",
    "RecordCountPrev": 6220,
    "RecordCountCur": 6220,
    "MatchCount": 6114,
    "MatchCountPercent": 98.2958
  },
  {
    "BuildPrev": "5.0.1.15799",
    "BuildCur": "5.0.4.15890",
    "RecordCountPrev": 6220,
    "RecordCountCur": 6323,
    "MatchCount": 5985,
    "MatchCountPercent": 96.2219
  },
  {
    "BuildPrev": "5.0.4.15890",
    "BuildCur": "5.0.4.16016",
    "RecordCountPrev": 6323,
    "RecordCountCur": 6323,
    "MatchCount": 5821,
    "MatchCountPercent": 92.0607
  },
  {
    "BuildPrev": "5.0.4.16016",
    "BuildCur": "5.0.5.16048",
    "RecordCountPrev": 6323,
    "RecordCountCur": 6323,
    "MatchCount": 6320,
    "MatchCountPercent": 99.9526
  },
  {
    "BuildPrev": "5.0.5.16048",
    "BuildCur": "5.0.5.16057",
    "RecordCountPrev": 6323,
    "RecordCountCur": 6323,
    "MatchCount": 6323,
    "MatchCountPercent": 100.0
  },
  {
    "BuildPrev": "5.0.5.16057",
    "BuildCur": "5.1.0.16309",
    "RecordCountPrev": 6323,
    "RecordCountCur": 6323,
    "MatchCount": 5731,
    "MatchCountPercent": 90.6374
  },
  {
    "BuildPrev": "5.1.0.16309",
    "BuildCur": "",
    "RecordCountPrev": 6323,
    "RecordCountCur": 6323,
    "MatchCount": 6323,
    "MatchCountPercent": 100.0
  },
  {
    "BuildPrev": "",
    "BuildCur": "5.2.0.16516",
    "RecordCountPrev": 6323,
    "RecordCountCur": 6323,
    "MatchCount": 5869,
    "MatchCountPercent": 92.8199
  },
  {
    "BuildPrev": "5.2.0.16516",
    "BuildCur": "5.2.0.16650",
    "RecordCountPrev": 6323,
    "RecordCountCur": 6323,
    "MatchCount": 5997,
    "MatchCountPercent": 94.8442
  },
  {
    "BuildPrev": "5.2.0.16650",
    "BuildCur": "5.3.0.16844",
    "RecordCountPrev": 6323,
    "RecordCountCur": 6323,
    "MatchCount": 5894,
    "MatchCountPercent": 93.2153
  },
  {
    "BuildPrev": "5.3.0.16844",
    "BuildCur": "5.3.0.16965",
    "RecordCountPrev": 6323,
    "RecordCountCur": 6323,
    "MatchCount": 6323,
    "MatchCountPercent": 100.0
  },
  {
    "BuildPrev": "5.3.0.16965",
    "BuildCur": "5.3.0.17116",
    "RecordCountPrev": 6323,
    "RecordCountCur": 6323,
    "MatchCount": 6323,
    "MatchCountPercent": 100.0
  },
  {
    "BuildPrev": "5.3.0.17116",
    "BuildCur": "5.4.0.17266",
    "RecordCountPrev": 6323,
    "RecordCountCur": 6354,
    "MatchCount": 5894,
    "MatchCountPercent": 93.2153
  },
  {
    "BuildPrev": "5.4.0.17266",
    "BuildCur": "5.4.0.17325",
    "RecordCountPrev": 6354,
    "RecordCountCur": 6354,
    "MatchCount": 6323,
    "MatchCountPercent": 99.5121
  },
  {
    "BuildPrev": "5.4.0.17325",
    "BuildCur": "5.4.0.17345",
    "RecordCountPrev": 6354,
    "RecordCountCur": 6354,
    "MatchCount": 6323,
    "MatchCountPercent": 99.5121
  },
  {
    "BuildPrev": "5.4.0.17345",
    "BuildCur": "5.4.1.17520",
    "RecordCountPrev": 6354,
    "RecordCountCur": 6354,
    "MatchCount": 6354,
    "MatchCountPercent": 100.0
  },
  {
    "BuildPrev": "5.4.1.17520",
    "BuildCur": "5.4.1.17538",
    "RecordCountPrev": 6354,
    "RecordCountCur": 6354,
    "MatchCount": 6354,
    "MatchCountPercent": 100.0
  },
  {
    "BuildPrev": "5.4.1.17538",
    "BuildCur": "5.4.2.17645",
    "RecordCountPrev": 6354,
    "RecordCountCur": 6354,
    "MatchCount": 6354,
    "MatchCountPercent": 100.0
  },
  {
    "BuildPrev": "5.4.2.17645",
    "BuildCur": "5.4.2.17688",
    "RecordCountPrev": 6354,
    "RecordCountCur": 6354,
    "MatchCount": 6354,
    "MatchCountPercent": 100.0
  },
  {
    "BuildPrev": "5.4.2.17688",
    "BuildCur": "5.4.7.17898",
    "RecordCountPrev": 6354,
    "RecordCountCur": 6354,
    "MatchCount": 6354,
    "MatchCountPercent": 100.0
  },
  {
    "BuildPrev": "5.4.7.17898",
    "BuildCur": "5.4.8.18273",
    "RecordCountPrev": 6354,
    "RecordCountCur": 6354,
    "MatchCount": 6354,
    "MatchCountPercent": 100.0
  },
  {
    "BuildPrev": "5.4.8.18273",
    "BuildCur": "6.0.1.18125",
    "RecordCountPrev": 6354,
    "RecordCountCur": 6294,
    "MatchCount": 6091,
    "MatchCountPercent": 95.8609
  },
  {
    "BuildPrev": "6.0.1.18125",
    "BuildCur": "6.0.1.18156",
    "RecordCountPrev": 6294,
    "RecordCountCur": 6294,
    "MatchCount": 6294,
    "MatchCountPercent": 100.0
  },
  {
    "BuildPrev": "6.0.1.18156",
    "BuildCur": "6.0.1.18164",
    "RecordCountPrev": 6294,
    "RecordCountCur": 6294,
    "MatchCount": 6294,
    "MatchCountPercent": 100.0
  },
  {
    "BuildPrev": "6.0.1.18164",
    "BuildCur": "6.0.1.18179",
    "RecordCountPrev": 6294,
    "RecordCountCur": 6303,
    "MatchCount": 6294,
    "MatchCountPercent": 100.0
  },
  {
    "BuildPrev": "6.0.1.18179",
    "BuildCur": "6.0.1.18297",
    "RecordCountPrev": 6303,
    "RecordCountCur": 6320,
    "MatchCount": 6244,
    "MatchCountPercent": 99.0639
  },
  {
    "BuildPrev": "6.0.1.18297",
    "BuildCur": "6.0.1.18322",
    "RecordCountPrev": 6320,
    "RecordCountCur": 6382,
    "MatchCount": 6320,
    "MatchCountPercent": 100.0
  },
  {
    "BuildPrev": "6.0.1.18322",
    "BuildCur": "6.0.1.18379",
    "RecordCountPrev": 6382,
    "RecordCountCur": 6415,
    "MatchCount": 6374,
    "MatchCountPercent": 99.8747
  },
  {
    "BuildPrev": "6.0.1.18379",
    "BuildCur": "6.0.1.18443",
    "RecordCountPrev": 6415,
    "RecordCountCur": 6507,
    "MatchCount": 6313,
    "MatchCountPercent": 98.41
  },
  {
    "BuildPrev": "6.0.1.18443",
    "BuildCur": "6.0.1.18471",
    "RecordCountPrev": 6507,
    "RecordCountCur": 6526,
    "MatchCount": 6470,
    "MatchCountPercent": 99.4314
  },
  {
    "BuildPrev": "6.0.1.18471",
    "BuildCur": "6.0.1.18505",
    "RecordCountPrev": 6526,
    "RecordCountCur": 6530,
    "MatchCount": 6389,
    "MatchCountPercent": 97.9007
  },
  {
    "BuildPrev": "6.0.1.18505",
    "BuildCur": "6.0.1.18522",
    "RecordCountPrev": 6530,
    "RecordCountCur": 6561,
    "MatchCount": 6425,
    "MatchCountPercent": 98.392
  },
  {
    "BuildPrev": "6.0.1.18522",
    "BuildCur": "6.0.1.18537",
    "RecordCountPrev": 6561,
    "RecordCountCur": 6561,
    "MatchCount": 6491,
    "MatchCountPercent": 98.9331
  },
  {
    "BuildPrev": "6.0.1.18537",
    "BuildCur": "6.0.1.18566",
    "RecordCountPrev": 6561,
    "RecordCountCur": 6570,
    "MatchCount": 6494,
    "MatchCountPercent": 98.9788
  },
  {
    "BuildPrev": "6.0.1.18566",
    "BuildCur": "6.0.1.18594",
    "RecordCountPrev": 6570,
    "RecordCountCur": 6583,
    "MatchCount": 6475,
    "MatchCountPercent": 98.554
  },
  {
    "BuildPrev": "6.0.1.18594",
    "BuildCur": "6.0.1.18645",
    "RecordCountPrev": 6583,
    "RecordCountCur": 6583,
    "MatchCount": 6583,
    "MatchCountPercent": 100.0
  },
  {
    "BuildPrev": "6.0.1.18645",
    "BuildCur": "6.0.1.18663",
    "RecordCountPrev": 6583,
    "RecordCountCur": 6584,
    "MatchCount": 6449,
    "MatchCountPercent": 97.9645
  },
  {
    "BuildPrev": "6.0.1.18663",
    "BuildCur": "6.0.1.18685",
    "RecordCountPrev": 6584,
    "RecordCountCur": 6584,
    "MatchCount": 6584,
    "MatchCountPercent": 100.0
  },
  {
    "BuildPrev": "6.0.1.18685",
    "BuildCur": "6.0.1.18689",
    "RecordCountPrev": 6584,
    "RecordCountCur": 6584,
    "MatchCount": 6547,
    "MatchCountPercent": 99.438
  },
  {
    "BuildPrev": "6.0.1.18689",
    "BuildCur": "6.0.1.18716",
    "RecordCountPrev": 6584,
    "RecordCountCur": 6584,
    "MatchCount": 6548,
    "MatchCountPercent": 99.4532
  },
  {
    "BuildPrev": "6.0.1.18716",
    "BuildCur": "6.0.1.18738",
    "RecordCountPrev": 6584,
    "RecordCountCur": 6543,
    "MatchCount": 6462,
    "MatchCountPercent": 98.147
  },
  {
    "BuildPrev": "6.0.1.18738",
    "BuildCur": "6.0.2.18764",
    "RecordCountPrev": 6543,
    "RecordCountCur": 6525,
    "MatchCount": 6443,
    "MatchCountPercent": 98.4717
  },
  {
    "BuildPrev": "6.0.2.18764",
    "BuildCur": "6.0.1.18803",
    "RecordCountPrev": 6525,
    "RecordCountCur": 6350,
    "MatchCount": 6270,
    "MatchCountPercent": 96.092
  },
  {
    "BuildPrev": "6.0.1.18803",
    "BuildCur": "6.0.2.18816",
    "RecordCountPrev": 6350,
    "RecordCountCur": 6350,
    "MatchCount": 6319,
    "MatchCountPercent": 99.5118
  },
  {
    "BuildPrev": "6.0.2.18816",
    "BuildCur": "6.0.2.18833",
    "RecordCountPrev": 6350,
    "RecordCountCur": 6350,
    "MatchCount": 6350,
    "MatchCountPercent": 100.0
  },
  {
    "BuildPrev": "6.0.2.18833",
    "BuildCur": "6.0.2.18837",
    "RecordCountPrev": 6350,
    "RecordCountCur": 6350,
    "MatchCount": 6197,
    "MatchCountPercent": 97.5906
  },
  {
    "BuildPrev": "6.0.2.18837",
    "BuildCur": "6.0.2.18838",
    "RecordCountPrev": 6350,
    "RecordCountCur": 6350,
    "MatchCount": 6350,
    "MatchCountPercent": 100.0
  },
  {
    "BuildPrev": "6.0.2.18838",
    "BuildCur": "6.0.2.18848",
    "RecordCountPrev": 6350,
    "RecordCountCur": 6350,
    "MatchCount": 6350,
    "MatchCountPercent": 100.0
  },
  {
    "BuildPrev": "6.0.2.18848",
    "BuildCur": "6.0.2.18850",
    "RecordCountPrev": 6350,
    "RecordCountCur": 6350,
    "MatchCount": 6310,
    "MatchCountPercent": 99.3701
  },
  {
    "BuildPrev": "6.0.2.18850",
    "BuildCur": "6.0.2.18865",
    "RecordCountPrev": 6350,
    "RecordCountCur": 6350,
    "MatchCount": 6350,
    "MatchCountPercent": 100.0
  },
  {
    "BuildPrev": "6.0.2.18865",
    "BuildCur": "6.0.2.18888",
    "RecordCountPrev": 6350,
    "RecordCountCur": 6350,
    "MatchCount": 6313,
    "MatchCountPercent": 99.4173
  },
  {
    "BuildPrev": "6.0.2.18888",
    "BuildCur": "6.0.2.18898",
    "RecordCountPrev": 6350,
    "RecordCountCur": 6350,
    "MatchCount": 6332,
    "MatchCountPercent": 99.7165
  },
  {
    "BuildPrev": "6.0.2.18898",
    "BuildCur": "6.0.2.18909",
    "RecordCountPrev": 6350,
    "RecordCountCur": 6350,
    "MatchCount": 6269,
    "MatchCountPercent": 98.7244
  },
  {
    "BuildPrev": "6.0.2.18909",
    "BuildCur": "6.0.2.18912",
    "RecordCountPrev": 6350,
    "RecordCountCur": 6350,
    "MatchCount": 6269,
    "MatchCountPercent": 98.7244
  },
  {
    "BuildPrev": "6.0.2.18912",
    "BuildCur": "6.0.2.18922",
    "RecordCountPrev": 6350,
    "RecordCountCur": 6350,
    "MatchCount": 6269,
    "MatchCountPercent": 98.7244
  },
  {
    "BuildPrev": "6.0.2.18922",
    "BuildCur": "6.0.2.18927",
    "RecordCountPrev": 6350,
    "RecordCountCur": 6350,
    "MatchCount": 6322,
    "MatchCountPercent": 99.5591
  },
  {
    "BuildPrev": "6.0.2.18927",
    "BuildCur": "6.0.2.18934",
    "RecordCountPrev": 6350,
    "RecordCountCur": 6350,
    "MatchCount": 6350,
    "MatchCountPercent": 100.0
  },
  {
    "BuildPrev": "6.0.2.18934",
    "BuildCur": "6.0.2.18935",
    "RecordCountPrev": 6350,
    "RecordCountCur": 6350,
    "MatchCount": 6318,
    "MatchCountPercent": 99.4961
  },
  {
    "BuildPrev": "6.0.2.18935",
    "BuildCur": "6.0.2.18950",
    "RecordCountPrev": 6350,
    "RecordCountCur": 6350,
    "MatchCount": 6350,
    "MatchCountPercent": 100.0
  },
  {
    "BuildPrev": "6.0.2.18950",
    "BuildCur": "6.0.2.18965",
    "RecordCountPrev": 6350,
    "RecordCountCur": 6350,
    "MatchCount": 6350,
    "MatchCountPercent": 100.0
  },
  {
    "BuildPrev": "6.0.2.18965",
    "BuildCur": "6.0.2.18967",
    "RecordCountPrev": 6350,
    "RecordCountCur": 6350,
    "MatchCount": 6350,
    "MatchCountPercent": 100.0
  },
  {
    "BuildPrev": "6.0.2.18967",
    "BuildCur": "6.0.2.18973",
    "RecordCountPrev": 6350,
    "RecordCountCur": 6350,
    "MatchCount": 6350,
    "MatchCountPercent": 100.0
  },
  {
    "BuildPrev": "6.0.2.18973",
    "BuildCur": "6.0.2.18982",
    "RecordCountPrev": 6350,
    "RecordCountCur": 6350,
    "MatchCount": 6350,
    "MatchCountPercent": 100.0
  },
  {
    "BuildPrev": "6.0.2.18982",
    "BuildCur": "6.0.2.18983",
    "RecordCountPrev": 6350,
    "RecordCountCur": 6350,
    "MatchCount": 6350,
    "MatchCountPercent": 100.0
  },
  {
    "BuildPrev": "6.0.2.18983",
    "BuildCur": "6.0.2.18986",
    "RecordCountPrev": 6350,
    "RecordCountCur": 6350,
    "MatchCount": 6350,
    "MatchCountPercent": 100.0
  },
  {
    "BuildPrev": "6.0.2.18986",
    "BuildCur": "6.0.2.18988",
    "RecordCountPrev": 6350,
    "RecordCountCur": 6350,
    "MatchCount": 6350,
    "MatchCountPercent": 100.0
  },
  {
    "BuildPrev": "6.0.2.18988",
    "BuildCur": "6.0.2.18989",
    "RecordCountPrev": 6350,
    "RecordCountCur": 6350,
    "MatchCount": 6350,
    "MatchCountPercent": 100.0
  },
  {
    "BuildPrev": "6.0.2.18989",
    "BuildCur": "6.0.2.18996",
    "RecordCountPrev": 6350,
    "RecordCountCur": 6350,
    "MatchCount": 6350,
    "MatchCountPercent": 100.0
  },
  {
    "BuildPrev": "6.0.2.18996",
    "BuildCur": "6.0.2.19000",
    "RecordCountPrev": 6350,
    "RecordCountCur": 6350,
    "MatchCount": 6350,
    "MatchCountPercent": 100.0
  },
  {
    "BuildPrev": "6.0.2.19000",
    "BuildCur": "6.0.2.19005",
    "RecordCountPrev": 6350,
    "RecordCountCur": 6350,
    "MatchCount": 6350,
    "MatchCountPercent": 100.0
  },
  {
    "BuildPrev": "6.0.2.19005",
    "BuildCur": "6.0.2.19041",
    "RecordCountPrev": 6350,
    "RecordCountCur": 6350,
    "MatchCount": 6350,
    "MatchCountPercent": 100.0
  },
  {
    "BuildPrev": "6.0.2.19041",
    "BuildCur": "6.0.3.19057",
    "RecordCountPrev": 6350,
    "RecordCountCur": 6350,
    "MatchCount": 6350,
    "MatchCountPercent": 100.0
  },
  {
    "BuildPrev": "6.0.3.19057",
    "BuildCur": "6.0.3.19078",
    "RecordCountPrev": 6350,
    "RecordCountCur": 6350,
    "MatchCount": 6350,
    "MatchCountPercent": 100.0
  },
  {
    "BuildPrev": "6.0.3.19078",
    "BuildCur": "6.0.3.19085",
    "RecordCountPrev": 6350,
    "RecordCountCur": 6350,
    "MatchCount": 6350,
    "MatchCountPercent": 100.0
  },
  {
    "BuildPrev": "6.0.3.19085",
    "BuildCur": "6.0.3.19175",
    "RecordCountPrev": 6350,
    "RecordCountCur": 6350,
    "MatchCount": 6350,
    "MatchCountPercent": 100.0
  },
  {
    "BuildPrev": "6.0.3.19175",
    "BuildCur": "6.0.3.19200",
    "RecordCountPrev": 6350,
    "RecordCountCur": 6350,
    "MatchCount": 6350,
    "MatchCountPercent": 100.0
  },
  {
    "BuildPrev": "6.0.3.19200",
    "BuildCur": "6.0.3.19342",
    "RecordCountPrev": 6350,
    "RecordCountCur": 6350,
    "MatchCount": 6350,
    "MatchCountPercent": 100.0
  },
  {
    "BuildPrev": "6.0.3.19342",
    "BuildCur": "6.1.0.19445",
    "RecordCountPrev": 6350,
    "RecordCountCur": 6350,
    "MatchCount": 6350,
    "MatchCountPercent": 100.0
  },
  {
    "BuildPrev": "6.1.0.19445",
    "BuildCur": "6.1.0.19480",
    "RecordCountPrev": 6350,
    "RecordCountCur": 6350,
    "MatchCount": 6253,
    "MatchCountPercent": 98.4724
  },
  {
    "BuildPrev": "6.1.0.19480",
    "BuildCur": "6.1.0.19508",
    "RecordCountPrev": 6350,
    "RecordCountCur": 6350,
    "MatchCount": 6321,
    "MatchCountPercent": 99.5433
  },
  {
    "BuildPrev": "6.1.0.19508",
    "BuildCur": "6.1.0.19533",
    "RecordCountPrev": 6350,
    "RecordCountCur": 6350,
    "MatchCount": 6256,
    "MatchCountPercent": 98.5197
  },
  {
    "BuildPrev": "6.1.0.19533",
    "BuildCur": "6.1.0.19551",
    "RecordCountPrev": 6350,
    "RecordCountCur": 6350,
    "MatchCount": 6350,
    "MatchCountPercent": 100.0
  },
  {
    "BuildPrev": "6.1.0.19551",
    "BuildCur": "6.1.0.19567",
    "RecordCountPrev": 6350,
    "RecordCountCur": 6350,
    "MatchCount": 6332,
    "MatchCountPercent": 99.7165
  },
  {
    "BuildPrev": "6.1.0.19567",
    "BuildCur": "6.1.0.19592",
    "RecordCountPrev": 6350,
    "RecordCountCur": 6350,
    "MatchCount": 6332,
    "MatchCountPercent": 99.7165
  },
  {
    "BuildPrev": "6.1.0.19592",
    "BuildCur": "6.1.0.19611",
    "RecordCountPrev": 6350,
    "RecordCountCur": 6350,
    "MatchCount": 6332,
    "MatchCountPercent": 99.7165
  },
  {
    "BuildPrev": "6.1.0.19611",
    "BuildCur": "6.1.0.19622",
    "RecordCountPrev": 6350,
    "RecordCountCur": 6350,
    "MatchCount": 6350,
    "MatchCountPercent": 100.0
  },
  {
    "BuildPrev": "6.1.0.19622",
    "BuildCur": "6.1.0.19634",
    "RecordCountPrev": 6350,
    "RecordCountCur": 6350,
    "MatchCount": 6350,
    "MatchCountPercent": 100.0
  },
  {
    "BuildPrev": "6.1.0.19634",
    "BuildCur": "6.1.0.19702",
    "RecordCountPrev": 6350,
    "RecordCountCur": 6350,
    "MatchCount": 6350,
    "MatchCountPercent": 100.0
  },
  {
    "BuildPrev": "6.1.0.19702",
    "BuildCur": "6.1.2.19711",
    "RecordCountPrev": 6350,
    "RecordCountCur": 6350,
    "MatchCount": 6350,
    "MatchCountPercent": 100.0
  },
  {
    "BuildPrev": "6.1.2.19711",
    "BuildCur": "6.1.2.19728",
    "RecordCountPrev": 6350,
    "RecordCountCur": 6350,
    "MatchCount": 6350,
    "MatchCountPercent": 100.0
  },
  {
    "BuildPrev": "6.1.2.19728",
    "BuildCur": "6.1.2.19750",
    "RecordCountPrev": 6350,
    "RecordCountCur": 6350,
    "MatchCount": 6350,
    "MatchCountPercent": 100.0
  },
  {
    "BuildPrev": "6.1.2.19750",
    "BuildCur": "6.1.2.19769",
    "RecordCountPrev": 6350,
    "RecordCountCur": 6350,
    "MatchCount": 6350,
    "MatchCountPercent": 100.0
  },
  {
    "BuildPrev": "6.1.2.19769",
    "BuildCur": "6.1.2.19783",
    "RecordCountPrev": 6350,
    "RecordCountCur": 6350,
    "MatchCount": 6350,
    "MatchCountPercent": 100.0
  },
  {
    "BuildPrev": "6.1.2.19783",
    "BuildCur": "6.1.2.19793",
    "RecordCountPrev": 6350,
    "RecordCountCur": 6350,
    "MatchCount": 6350,
    "MatchCountPercent": 100.0
  },
  {
    "BuildPrev": "6.1.2.19793",
    "BuildCur": "6.1.2.19802",
    "RecordCountPrev": 6350,
    "RecordCountCur": 6350,
    "MatchCount": 6350,
    "MatchCountPercent": 100.0
  },
  {
    "BuildPrev": "6.1.2.19802",
    "BuildCur": "6.1.2.19831",
    "RecordCountPrev": 6350,
    "RecordCountCur": 6350,
    "MatchCount": 6350,
    "MatchCountPercent": 100.0
  },
  {
    "BuildPrev": "6.1.2.19831",
    "BuildCur": "6.1.2.19854",
    "RecordCountPrev": 6350,
    "RecordCountCur": 6350,
    "MatchCount": 6350,
    "MatchCountPercent": 100.0
  },
  {
    "BuildPrev": "6.1.2.19854",
    "BuildCur": "6.1.2.19865",
    "RecordCountPrev": 6350,
    "RecordCountCur": 6350,
    "MatchCount": 6350,
    "MatchCountPercent": 100.0
  },
  {
    "BuildPrev": "6.1.2.19865",
    "BuildCur": "6.2.0.19890",
    "RecordCountPrev": 6350,
    "RecordCountCur": 6350,
    "MatchCount": 6350,
    "MatchCountPercent": 100.0
  },
  {
    "BuildPrev": "6.2.0.19890",
    "BuildCur": "6.2.0.19906",
    "RecordCountPrev": 6350,
    "RecordCountCur": 6350,
    "MatchCount": 6350,
    "MatchCountPercent": 100.0
  },
  {
    "BuildPrev": "6.2.0.19906",
    "BuildCur": "6.2.0.19934",
    "RecordCountPrev": 6350,
    "RecordCountCur": 6350,
    "MatchCount": 6350,
    "MatchCountPercent": 100.0
  },
  {
    "BuildPrev": "6.2.0.19934",
    "BuildCur": "6.2.0.19953",
    "RecordCountPrev": 6350,
    "RecordCountCur": 6350,
    "MatchCount": 6328,
    "MatchCountPercent": 99.6535
  },
  {
    "BuildPrev": "6.2.0.19953",
    "BuildCur": "6.2.0.19973",
    "RecordCountPrev": 6350,
    "RecordCountCur": 6350,
    "MatchCount": 6328,
    "MatchCountPercent": 99.6535
  },
  {
    "BuildPrev": "6.2.0.19973",
    "BuildCur": "6.2.0.20008",
    "RecordCountPrev": 6350,
    "RecordCountCur": 6350,
    "MatchCount": 6332,
    "MatchCountPercent": 99.7165
  },
  {
    "BuildPrev": "6.2.0.20008",
    "BuildCur": "6.2.0.20033",
    "RecordCountPrev": 6350,
    "RecordCountCur": 6350,
    "MatchCount": 6350,
    "MatchCountPercent": 100.0
  },
  {
    "BuildPrev": "6.2.0.20033",
    "BuildCur": "6.2.0.20051",
    "RecordCountPrev": 6350,
    "RecordCountCur": 6350,
    "MatchCount": 6350,
    "MatchCountPercent": 100.0
  },
  {
    "BuildPrev": "6.2.0.20051",
    "BuildCur": "6.2.0.20061",
    "RecordCountPrev": 6350,
    "RecordCountCur": 6350,
    "MatchCount": 6350,
    "MatchCountPercent": 100.0
  },
  {
    "BuildPrev": "6.2.0.20061",
    "BuildCur": "6.2.0.20076",
    "RecordCountPrev": 6350,
    "RecordCountCur": 6350,
    "MatchCount": 6350,
    "MatchCountPercent": 100.0
  },
  {
    "BuildPrev": "6.2.0.20076",
    "BuildCur": "6.2.0.20104",
    "RecordCountPrev": 6350,
    "RecordCountCur": 6350,
    "MatchCount": 6350,
    "MatchCountPercent": 100.0
  },
  {
    "BuildPrev": "6.2.0.20104",
    "BuildCur": "6.2.0.20111",
    "RecordCountPrev": 6350,
    "RecordCountCur": 6350,
    "MatchCount": 6350,
    "MatchCountPercent": 100.0
  },
  {
    "BuildPrev": "6.2.0.20111",
    "BuildCur": "6.2.0.20141",
    "RecordCountPrev": 6350,
    "RecordCountCur": 6350,
    "MatchCount": 6350,
    "MatchCountPercent": 100.0
  },
  {
    "BuildPrev": "6.2.0.20141",
    "BuildCur": "6.2.0.20157",
    "RecordCountPrev": 6350,
    "RecordCountCur": 6350,
    "MatchCount": 6350,
    "MatchCountPercent": 100.0
  },
  {
    "BuildPrev": "6.2.0.20157",
    "BuildCur": "6.2.0.20173",
    "RecordCountPrev": 6350,
    "RecordCountCur": 6350,
    "MatchCount": 6350,
    "MatchCountPercent": 100.0
  },
  {
    "BuildPrev": "6.2.0.20173",
    "BuildCur": "6.2.0.20182",
    "RecordCountPrev": 6350,
    "RecordCountCur": 6350,
    "MatchCount": 6350,
    "MatchCountPercent": 100.0
  },
  {
    "BuildPrev": "6.2.0.20182",
    "BuildCur": "6.2.0.20201",
    "RecordCountPrev": 6350,
    "RecordCountCur": 6350,
    "MatchCount": 6350,
    "MatchCountPercent": 100.0
  },
  {
    "BuildPrev": "6.2.0.20201",
    "BuildCur": "6.2.0.20216",
    "RecordCountPrev": 6350,
    "RecordCountCur": 6350,
    "MatchCount": 6350,
    "MatchCountPercent": 100.0
  },
  {
    "BuildPrev": "6.2.0.20216",
    "BuildCur": "6.2.0.20253",
    "RecordCountPrev": 6350,
    "RecordCountCur": 6350,
    "MatchCount": 6350,
    "MatchCountPercent": 100.0
  },
  {
    "BuildPrev": "6.2.0.20253",
    "BuildCur": "6.2.1.20271",
    "RecordCountPrev": 6350,
    "RecordCountCur": 6350,
    "MatchCount": 6350,
    "MatchCountPercent": 100.0
  },
  {
    "BuildPrev": "6.2.1.20271",
    "BuildCur": "6.2.0.20318",
    "RecordCountPrev": 6350,
    "RecordCountCur": 6350,
    "MatchCount": 6350,
    "MatchCountPercent": 100.0
  },
  {
    "BuildPrev": "6.2.0.20318",
    "BuildCur": "6.2.1.20328",
    "RecordCountPrev": 6350,
    "RecordCountCur": 6350,
    "MatchCount": 6340,
    "MatchCountPercent": 99.8425
  },
  {
    "BuildPrev": "6.2.1.20328",
    "BuildCur": "6.2.0.20338",
    "RecordCountPrev": 6350,
    "RecordCountCur": 6350,
    "MatchCount": 6340,
    "MatchCountPercent": 99.8425
  },
  {
    "BuildPrev": "6.2.0.20338",
    "BuildCur": "6.2.1.20363",
    "RecordCountPrev": 6350,
    "RecordCountCur": 6350,
    "MatchCount": 6340,
    "MatchCountPercent": 99.8425
  },
  {
    "BuildPrev": "6.2.1.20363",
    "BuildCur": "6.2.2.20395",
    "RecordCountPrev": 6350,
    "RecordCountCur": 6350,
    "MatchCount": 6350,
    "MatchCountPercent": 100.0
  },
  {
    "BuildPrev": "6.2.2.20395",
    "BuildCur": "6.2.2.20426",
    "RecordCountPrev": 6350,
    "RecordCountCur": 6350,
    "MatchCount": 6350,
    "MatchCountPercent": 100.0
  },
  {
    "BuildPrev": "6.2.2.20426",
    "BuildCur": "6.2.2.20438",
    "RecordCountPrev": 6350,
    "RecordCountCur": 6350,
    "MatchCount": 6350,
    "MatchCountPercent": 100.0
  },
  {
    "BuildPrev": "6.2.2.20438",
    "BuildCur": "6.2.2.20444",
    "RecordCountPrev": 6350,
    "RecordCountCur": 6350,
    "MatchCount": 6350,
    "MatchCountPercent": 100.0
  },
  {
    "BuildPrev": "6.2.2.20444",
    "BuildCur": "6.2.2.20490",
    "RecordCountPrev": 6350,
    "RecordCountCur": 6350,
    "MatchCount": 6350,
    "MatchCountPercent": 100.0
  },
  {
    "BuildPrev": "6.2.2.20490",
    "BuildCur": "6.2.2.20574",
    "RecordCountPrev": 6350,
    "RecordCountCur": 6350,
    "MatchCount": 6350,
    "MatchCountPercent": 100.0
  },
  {
    "BuildPrev": "6.2.2.20574",
    "BuildCur": "6.2.3.20601",
    "RecordCountPrev": 6350,
    "RecordCountCur": 6350,
    "MatchCount": 6350,
    "MatchCountPercent": 100.0
  },
  {
    "BuildPrev": "6.2.3.20601",
    "BuildCur": "6.2.3.20655",
    "RecordCountPrev": 6350,
    "RecordCountCur": 6350,
    "MatchCount": 6350,
    "MatchCountPercent": 100.0
  },
  {
    "BuildPrev": "6.2.3.20655",
    "BuildCur": "6.2.3.20691",
    "RecordCountPrev": 6350,
    "RecordCountCur": 6350,
    "MatchCount": 6350,
    "MatchCountPercent": 100.0
  },
  {
    "BuildPrev": "6.2.3.20691",
    "BuildCur": "6.2.3.20716",
    "RecordCountPrev": 6350,
    "RecordCountCur": 6350,
    "MatchCount": 6350,
    "MatchCountPercent": 100.0
  },
  {
    "BuildPrev": "6.2.3.20716",
    "BuildCur": "6.2.3.20726",
    "RecordCountPrev": 6350,
    "RecordCountCur": 6350,
    "MatchCount": 6350,
    "MatchCountPercent": 100.0
  },
  {
    "BuildPrev": "6.2.3.20726",
    "BuildCur": "6.2.4.21028",
    "RecordCountPrev": 6350,
    "RecordCountCur": 6350,
    "MatchCount": 6350,
    "MatchCountPercent": 100.0
  },
  {
    "BuildPrev": "6.2.4.21028",
    "BuildCur": "6.2.4.21047",
    "RecordCountPrev": 6350,
    "RecordCountCur": 6350,
    "MatchCount": 6350,
    "MatchCountPercent": 100.0
  },
  {
    "BuildPrev": "6.2.4.21047",
    "BuildCur": "6.2.4.21105",
    "RecordCountPrev": 6350,
    "RecordCountCur": 6350,
    "MatchCount": 6350,
    "MatchCountPercent": 100.0
  },
  {
    "BuildPrev": "6.2.4.21105",
    "BuildCur": "6.2.4.21160",
    "RecordCountPrev": 6350,
    "RecordCountCur": 6350,
    "MatchCount": 6350,
    "MatchCountPercent": 100.0
  },
  {
    "BuildPrev": "6.2.4.21160",
    "BuildCur": "6.2.4.21210",
    "RecordCountPrev": 6350,
    "RecordCountCur": 6350,
    "MatchCount": 6350,
    "MatchCountPercent": 100.0
  },
  {
    "BuildPrev": "6.2.4.21210",
    "BuildCur": "6.2.4.21220",
    "RecordCountPrev": 6350,
    "RecordCountCur": 6350,
    "MatchCount": 6350,
    "MatchCountPercent": 100.0
  },
  {
    "BuildPrev": "6.2.4.21220",
    "BuildCur": "6.2.4.21253",
    "RecordCountPrev": 6350,
    "RecordCountCur": 6350,
    "MatchCount": 6350,
    "MatchCountPercent": 100.0
  },
  {
    "BuildPrev": "6.2.4.21253",
    "BuildCur": "6.2.4.21274",
    "RecordCountPrev": 6350,
    "RecordCountCur": 6350,
    "MatchCount": 6350,
    "MatchCountPercent": 100.0
  },
  {
    "BuildPrev": "6.2.4.21274",
    "BuildCur": "6.2.4.21315",
    "RecordCountPrev": 6350,
    "RecordCountCur": 6350,
    "MatchCount": 6350,
    "MatchCountPercent": 100.0
  },
  {
    "BuildPrev": "6.2.4.21315",
    "BuildCur": "6.2.4.21336",
    "RecordCountPrev": 6350,
    "RecordCountCur": 6350,
    "MatchCount": 6350,
    "MatchCountPercent": 100.0
  },
  {
    "BuildPrev": "6.2.4.21336",
    "BuildCur": "6.2.4.21355",
    "RecordCountPrev": 6350,
    "RecordCountCur": 6350,
    "MatchCount": 6350,
    "MatchCountPercent": 100.0
  },
  {
    "BuildPrev": "6.2.4.21355",
    "BuildCur": "6.2.4.21676",
    "RecordCountPrev": 6350,
    "RecordCountCur": 6350,
    "MatchCount": 6350,
    "MatchCountPercent": 100.0
  },
  {
    "BuildPrev": "6.2.4.21676",
    "BuildCur": "6.2.4.21742",
    "RecordCountPrev": 6350,
    "RecordCountCur": 6350,
    "MatchCount": 6350,
    "MatchCountPercent": 100.0
  }
]